date,time,show_name,dj_name,artist,title,album,label,duration
2026-09-17,1800-1900,DJ Stace,DJ Stace,TV Priest,Just So You Know,Cartoons,,
2026-09-10,1800-2000,DJ Stace,DJ Stace,TV Priest,Just So You Know,Cartoons,AMK / Kartel Music Group,
2026-09-10,1800-2000,DJ Stace,DJ Stace,IDLES,Rabbit Run (Interpol Remix),Rabbit Run (Interpol Remix),Partisan Records,
2026-09-10,1800-2000,DJ Stace,DJ Stace,Dinosaur Jr.,Blowin' Up,Blowin' Up,Jagjaguwar,
2026-09-10,1800-2000,DJ Stace,DJ Stace,Ty Segall,Play Cowboys,Chrome,Drag City,
2026-09-10,1800-2000,DJ Stace,DJ Stace,Queens Of The Stone Age,In The Fade,Rated R,Interscope Records,
2026-09-10,1800-2000,DJ Stace,DJ Stace,Queens Of The Stone Age,Born to Hula,Rated R - Deluxe Edition,Interscope Records,
2026-09-10,1800-2000,DJ Stace,DJ Stace,Queens of the Stone Age,Insignificant Other,Insignificant Other,Matador Records,
2026-09-10,1800-2000,DJ Stace,DJ Stace,BODEGA,Literary World,All Inside Aquarium,Chrysalis Records,
2026-09-10,1800-2000,DJ Stace,DJ Stace,New Order,Ceremony (2011 Total Version),TOTAL,Rhino,
2026-09-10,1800-2000,DJ Stace,DJ Stace,Sharp Pins,Live Without Her Love,Mod Mayday 23,K Records,
2026-09-10,1800-2000,DJ Stace,DJ Stace,Orville Peck,Already Gone,Already Gone,Warner Records,
2026-09-10,1800-2000,DJ Stace,DJ Stace,Adam & The Ants,Kings of the Wild Frontier,Kings of the Wild Frontier (Deluxe Edition),Epic,
2026-09-10,1800-2000,DJ Stace,DJ Stace,The Cure,A Forest,Seventeen Seconds,Fiction,
2026-09-10,1800-2000,DJ Stace,DJ Stace,Sneaker Pimps,The Chauffeur,Meli-Melo,,
2026-09-10,1800-2000,DJ Stace,DJ Stace,Caroline Rose,Chow Mein,Gentling the Horse at the Walt Whitman Mall,SUCK Records,
2026-09-10,1800-2000,DJ Stace,DJ Stace,"Esso, Sylvan",Hot Slob,Hot Slob (radio edit),Psychic Hotline,
2026-09-10,1800-2000,DJ Stace,DJ Stace,Angel Olsen,Shut Up Kiss Me,MY WOMAN,Jagjaguwar,
2026-09-10,1800-2000,DJ Stace,DJ Stace,The Avalanches,Blue Shadows (feat. Karen O),Blue Shadows,Modular,
2026-09-10,1800-2000,DJ Stace,DJ Stace,Annabelle Chairlegs,I Feel So Mad,Waking Up Deluxe,TODO,
2026-09-10,1800-2000,DJ Stace,DJ Stace,Twisted Teens,When We First Met,When We First Met,Going Underground Records,
2026-09-10,1800-2000,DJ Stace,DJ Stace,Twisted Teens,Riding,Florida Water Blues,Going Underground Records,
2026-09-10,1800-2000,DJ Stace,DJ Stace,Twisted Teens,Peekaboo Hand,Blame The Clown,Jazz Life / Chain Smoking Records,
2026-09-10,1800-2000,DJ Stace,DJ Stace,The Bobby Lees,Got Me Good,New Self,Epitaph,
2026-09-10,1800-2000,DJ Stace,DJ Stace,Viagra Boys,Man Made of Meat,viagr aboys (Japanese Deluxe Edition),Shrimptech Enterprises,
2026-09-10,1800-2000,DJ Stace,DJ Stace,Concrete Blonde,Still in Hollywood,Still in Hollywood,I.R.S. (Metal),
2026-09-10,1800-2000,DJ Stace,DJ Stace,Car Seat Headrest,Destroyed By Hippie Powers,Teen of Denial: Joe’s Story,Matador,
2026-09-10,1800-2000,DJ Stace,DJ Stace,Public Image Ltd.,Ease,Album,Virgin,
2026-09-10,1800-2000,DJ Stace,DJ Stace,Royal Blood,Ten Over Ten,Ten Over Ten,Warner Records,
2026-09-03,1700-1900,DJ Stace,DJ Stace,Jesse Welles,The Nerd Reich,,,
2026-09-03,1700-1900,DJ Stace,DJ Stace,Ron Gallo,Peter Thiel,,,
2026-09-03,1700-1900,DJ Stace,DJ Stace,Father John Misty,Trump's Private Pilot (Father John Misty Version) (Bonus Track),,,
2026-09-03,1700-1900,DJ Stace,DJ Stace,The Mountain Goats,Charlie Sheen Reaches Out to the Feds,,,
2026-09-03,1700-1900,DJ Stace,DJ Stace,MJ Lenderman,She's Leaving You,Manning Fireworks,,
2026-09-03,1700-1900,DJ Stace,DJ Stace,This Is Lorelei,Oh No Now My,Oh No Now My,,
2026-09-03,1700-1900,DJ Stace,DJ Stace,Car Seat Headrest,Drunk Drivers/Killer Whales,Teen Of Denial (Joe's Story),Matador Records,
2026-09-03,1700-1900,DJ Stace,DJ Stace,Songs: Ohia,Farewell Transmission (Demo),,,
2026-09-03,1700-1900,DJ Stace,DJ Stace,Son Volt,Serenade Song,,,
2026-09-03,1700-1900,DJ Stace,DJ Stace,Son Volt,Drown,Trace,Warner Brothers (Modern),
2026-09-03,1700-1900,DJ Stace,DJ Stace,Orville Peck,Already Gone,Already Gone,,
2026-09-03,1700-1900,DJ Stace,DJ Stace,Twisted Teens,Hand Me A Cigarette,Mo Nelligan,,
2026-09-03,1700-1900,DJ Stace,DJ Stace,Queens of the Stone Age,Insignificant Other,Insignificant Other,,
2026-09-03,1700-1900,DJ Stace,DJ Stace,Mr. Gnome,Space Opera,The Day You Flew Away,El Marko Records,
2026-09-03,1700-1900,DJ Stace,DJ Stace,Royal Blood,Ten Over Ten,Ten Over Ten,,
2026-09-03,1700-1900,DJ Stace,DJ Stace,Thee Oh Sees,THE TRICK,OFF COURSE,,
2026-09-03,1700-1900,DJ Stace,DJ Stace,Ty Segall,Play Cowboys,Chrome,,
2026-09-03,1700-1900,DJ Stace,DJ Stace,Bauhaus,St. Vitus Dance,In the Flat Field,,
2026-09-03,1700-1900,DJ Stace,DJ Stace,Big Audio Dynamite,V. Thirteen,,,
2026-09-03,1700-1900,DJ Stace,DJ Stace,Caroline Rose,Jeannie Becomes A Mom,Loner,New West Records,
2026-09-03,1700-1900,DJ Stace,DJ Stace,Caroline Rose,Yip Yip Yow,Yip Yip Yow,,
2026-09-03,1700-1900,DJ Stace,DJ Stace,The Bobby Lees,Got Me Good,New Self,,
2026-09-03,1700-1900,DJ Stace,DJ Stace,TV Priest,Love Song (A Good Kind of Weapon),Cartoons,,
2026-09-03,1700-1900,DJ Stace,DJ Stace,Tricky,Because I Don't Know,Different When It's Silent,,
2026-09-03,1700-1900,DJ Stace,DJ Stace,BODEGA,Weather Me,All Inside Aquarium,,
2026-09-03,1700-1900,DJ Stace,DJ Stace,Built to Spill,Cortez the Killer,Live,Warner Brothers (Modern),
2026-08-27,1800-2000,DJ Stace,DJ Stace,Tim Curry  &  The Rocky Horror Picture Show Cast,Sweet Transvestite,Absolute Treasures: The Rocky Horror Picture Show - The Complete and Definitive,,
2026-08-27,1800-2000,DJ Stace,DJ Stace,Tim Curry,I Do The Rock,I Do the Rock,A&M Records,
2026-08-27,1800-2000,DJ Stace,DJ Stace,Viagra Boys,I Feel Alive (Live),Shrimp Sessions 2,,
2026-08-27,1800-2000,DJ Stace,DJ Stace,Superchunk,Art Class (Song for Yayoi Kusama),Art Class (Song for Yayoi Kusama) EP,,
2026-08-27,1800-2000,DJ Stace,DJ Stace,Dolly Parton & Kermit the Frog,Everyday People (Sly Stone cover),Sesame Street,The Children's Television Workshop,
2026-08-27,1800-2000,DJ Stace,DJ Stace,Dolly Parton,Here You Come Again,Here You Come Again,RCA Victor,
2026-08-27,1800-2000,DJ Stace,DJ Stace,"Dolly Parton ,  Linda Ronstadt  &  Emmylou Harris",Wildflowers,Trio,Warner Brothers,
2026-08-27,1800-2000,DJ Stace,DJ Stace,Dolly Parton,Love Is Like a Butterfly,Love Is Like a Butterfly,RCA Victor,
2026-08-27,1800-2000,DJ Stace,DJ Stace,Dolly Parton,Coat of Many Colors (Live at Sevier County High School 1967),Just Because I'm A Woman,RCA Victor,
2026-08-27,1800-2000,DJ Stace,DJ Stace,Orville Peck,Already Gone,Already Gone,,
2026-08-27,1800-2000,DJ Stace,DJ Stace,Queens of the Stone Age,Insignificant Other,Insignificant Other,Matador,
2026-08-27,1800-2000,DJ Stace,DJ Stace,Queens of the Stone Age,How to Handle a Rope,Queens Of The Stone Age,Loosegroove Records,
2026-08-27,1800-2000,DJ Stace,DJ Stace,Royal Blood,Ten Over Ten,Ten Over Ten,,
2026-08-27,1800-2000,DJ Stace,DJ Stace,The Black Angels,Bloodhounds On My Trail,Passover,Light In The Attic Records,
2026-08-27,1800-2000,DJ Stace,DJ Stace,Mandy Indiana,Dodecahedron,URGH!!,,
2026-08-27,1800-2000,DJ Stace,DJ Stace,"Rose, Caroline",Yip Yip Yow,Yip Yip Yow,New West Records,
2026-08-27,1800-2000,DJ Stace,DJ Stace,"Rose, Caroline",Chow Mein,Chow Mein,New West Records,
2026-08-27,1800-2000,DJ Stace,DJ Stace,Royal Blood,Firing Line,Back to the Water Below,,
2026-08-27,1800-2000,DJ Stace,DJ Stace,TV Priest,Love Song (A Good Kind of Weapon),Love Song (A Good Kind of Weapon),,
2026-08-27,1800-2000,DJ Stace,DJ Stace,Twisted Teens,Peekaboo Hand,Blame The Clown,Chain Smoking Records,
2026-08-27,1800-2000,DJ Stace,DJ Stace,Father John Misty,Trump’s Private Pilot (Father John Misty Version) [Bonus Track],Too Dumb for Suicide: Tim Heidecker’s Trump Songs,,
2026-08-20,1800-2000,DJ Stace,DJ Stace,TV Priest,Love Song (A Good Kind of Weapon),Cartoons,AMK,
2026-08-20,1800-2000,DJ Stace,DJ Stace,TV Priest,Decoration,Uppers,Sub Pop,
2026-08-20,1800-2000,DJ Stace,DJ Stace,Yard Act,Over the Barrel,You're Going to Need a Little Music,,
2026-08-20,1800-2000,DJ Stace,DJ Stace,"Rose, Caroline",Chow Mein,Gentling the Horse at the Walt Whitman Mall,Little Hi! Records,
2026-08-20,1800-2000,DJ Stace,DJ Stace,"Waterhouse, Suki",Tiny Raisin,Loveland,Sub Pop Records,
2026-08-20,1800-2000,DJ Stace,DJ Stace,Annabelle Chairlegs,Beef Witted,Waking Up Deluxe,,
2026-08-20,1800-2000,DJ Stace,DJ Stace,Royal Blood,Ten Over Ten,Ten Over Ten,,
2026-08-20,1800-2000,DJ Stace,DJ Stace,Royal Blood,Ten Over Ten,Ten Over Ten,,
2026-08-20,1800-2000,DJ Stace,DJ Stace,Skinshape,The Blade of a Knife,The Blade of a Knife (Single),,
2026-08-20,1800-2000,DJ Stace,DJ Stace,Skinshape,I Didn't Know (Extended Mix),I Didn't Know (Extended Mix),,
2026-08-20,1800-2000,DJ Stace,DJ Stace,Tkay Maidza,Where Is My Mind,Bills & Aches & Blues EP1 (40 Years of 4AD),4AD,
2026-08-20,1800-2000,DJ Stace,DJ Stace,Graham Nash,Better Days,Songs for Beginners,Atlantic Records (Modern),
2026-08-20,1800-2000,DJ Stace,DJ Stace,Tricky,Because I Don't Know,Different When It's Silent,,
2026-08-20,1800-2000,DJ Stace,DJ Stace,Cocorosie,Smokey Taboo,Grey Oceans,Sub Pop Records,
2026-08-20,1800-2000,DJ Stace,DJ Stace,Built to Spill,Carry the Zero,Keep It Like a Secret,Warner Brothers (Modern),
2026-08-20,1800-2000,DJ Stace,DJ Stace,Water From Your Eyes,Nights In Armor,It's a Beautiful Place,,
2026-08-20,1800-2000,DJ Stace,DJ Stace,Bodega,Weather Me,All Inside Aquarium,What's Your Rupture?,
2026-08-20,1800-2000,DJ Stace,DJ Stace,This Is Lorelei,Oh No Now My,The Singer In My Band,,
2026-08-20,1800-2000,DJ Stace,DJ Stace,Mountain Goats,Charlie Sheen Reaches Out To The Feds,Days,,
2026-08-20,1800-2000,DJ Stace,DJ Stace,The Bobby Lees,Got Me Good,New Self,,
2026-08-20,1800-2000,DJ Stace,DJ Stace,Those Bastard Souls,The Train From Terminal Boredom,Twentieth Century Chemical,Darla Records,
2026-08-20,1800-2000,DJ Stace,DJ Stace,Twisted Teens,Hand Me A Cigarette,Florida Water Blues,Chain Smoking Records,
2026-08-20,1800-2000,DJ Stace,DJ Stace,Twisted Teens,Peekaboo Hand,Blame the Clown,Chain Smoking Records,
2026-08-20,1800-2000,DJ Stace,DJ Stace,Talk Talk,Life's What You Make It,The Colour of Spring,Emi Records,
2026-08-06,1800-2000,DJ Stace,DJ Stace,Twisted Teens,Florida Water Blues,Florida Water Blues,Chain Smoking Records,
2026-08-06,1800-2000,DJ Stace,DJ Stace,Twisted Teens,Peekaboo Hand,Blame The Clown,Chain Smoking Records,
2026-08-06,1800-2000,DJ Stace,DJ Stace,Twisted Teens,Marionette,Twisted Teens,Chain Smoking Records,
2026-08-06,1800-2000,DJ Stace,DJ Stace,Grifters,Love Explosion,So Happy Together,Sonic Noise,
2026-08-06,1800-2000,DJ Stace,DJ Stace,Thee Shams,Never Did Nothing,Please Yourself,Mighty Fine,
2026-08-06,1800-2000,DJ Stace,DJ Stace,Sharp Pins,Saturday Sun,Saturday Sun,K,
2026-08-06,1800-2000,DJ Stace,DJ Stace,Car Seat Headrest,Destroyed By Hippie Powers,Teen of Denial: Joe’s Story,Matador,
2026-08-06,1800-2000,DJ Stace,DJ Stace,Stef Chura,Sweet Sweet Midnight,Midnight,BMG,
2026-08-06,1800-2000,DJ Stace,DJ Stace,Courtney Barnett,"Nameless, Faceless",Tell Me How You Really Feel,Mom + Pop,
2026-08-06,1800-2000,DJ Stace,DJ Stace,Guided By Voices,Blimps Go 90,Alien Lanes,Matador,
2026-08-06,1800-2000,DJ Stace,DJ Stace,Jealous of the Birds,Plastic Skeletons,The Moths Of What I Want Will Eat Me In My Sleep,The State51 Conspiracy,
2026-08-06,1800-2000,DJ Stace,DJ Stace,BODEGA,Weather Me,All Inside Aquarium,Chrysalis Records,
2026-08-06,1800-2000,DJ Stace,DJ Stace,Tricky,Because I Don’t Know,Different When It's Silent,False Idols,
2026-08-06,1800-2000,DJ Stace,DJ Stace,Unkle,Restless (feat Josh Homme),War Stories,,
2026-08-06,1800-2000,DJ Stace,DJ Stace,Queens Of The Stone Age,Goodbye Yellow Brick Road,Revamp: The Songs Of Elton John & Bernie Taupin,Matador,
2026-08-06,1800-2000,DJ Stace,DJ Stace,Desert Sessions,Teens of Thailand,"Desert Sessions, Vols. 5 & 6",Man's Ruin Records,
2026-08-06,1800-2000,DJ Stace,DJ Stace,Che,Hydraulicks,Sounds of Liberation,Low Desert Punk,
2026-08-06,1800-2000,DJ Stace,DJ Stace,Butthole Surfers,Weird Revolution,After The Astronaut,Hollywood Records,
2026-08-06,1800-2000,DJ Stace,DJ Stace,Caroline Rose,Yip Yip Yow,Yip Yip Yow,National Public Radio,
2026-08-06,1800-2000,DJ Stace,DJ Stace,Caroline Rose,Money,Loner,New West Records,
2026-08-06,1800-2000,DJ Stace,DJ Stace,The Wedding Present,Big Rat,Watusi,RCA Records,
2026-08-06,1800-2000,DJ Stace,DJ Stace,Girl and Girl,It's Dead,Hell + It's Dead,The State51 Conspiracy,
2026-08-06,1800-2000,DJ Stace,DJ Stace,Built To Spill,Wherever You Go,You In Reverse,Warner Brothers (Modern),
2026-08-06,1800-2000,DJ Stace,DJ Stace,Son Volt,Serenade Song,Serenade Song,Warner Records,
2026-08-06,1800-2000,DJ Stace,DJ Stace,This Is Lorelei,Oh No Now My,Oh No Now My,MOR,
2026-08-06,1800-2000,DJ Stace,DJ Stace,Ty Segall,Black Paint,Black Paint,Reanimator Records,
2026-08-06,1800-2000,DJ Stace,DJ Stace,INXS,The One Thing,Shabooh Shoobah,Atlantic,
2026-08-06,1800-2000,DJ Stace,DJ Stace,Suki Waterhouse,Tiny Raisin,Tiny Raisin,Island Records,
2026-08-06,1800-2000,DJ Stace,DJ Stace,The Avalanches,Blue Shadows (feat. Karen O),Blue Shadows,Modular Recordings,
2026-08-06,1800-2000,DJ Stace,DJ Stace,Slaves,Are You Satisfied?,Are You Satisfied?,Yourflesh,
2026-07-30,1800-2000,DJ Stace,DJ Stace,Tricky,Because I Don't Know,Different When It's Silent,Island Records (Modern),
2026-07-30,1800-2000,DJ Stace,DJ Stace,Sylvan Esso,Concrete Glen,Concrete Glen,Partisan Records,
2026-07-30,1800-2000,DJ Stace,DJ Stace,Mr. Gnome,Mustangs,"Heart Of A Dark Star, The",El Marko Records,
2026-07-30,1800-2000,DJ Stace,DJ Stace,"Harvey, Pj",Voyager,Voyager,Island Records,
2026-07-30,1800-2000,DJ Stace,DJ Stace,Butthole Surfers,Weird Revolution,After The Astronaut,Capitol Records (Jazz),
2026-07-30,1800-2000,DJ Stace,DJ Stace,Yard Act,New Beginnings,You're Gonna Need A Little Music,,
2026-07-30,1800-2000,DJ Stace,DJ Stace,Bodega,All Inside Aquarium,All Inside Aquarium,What's Your Rupture?,
2026-07-30,1800-2000,DJ Stace,DJ Stace,Bodega,Shiny New Model,Shiny New Model,What's Your Rupture?,
2026-07-30,1800-2000,DJ Stace,DJ Stace,Aldous Harding,Venus In The Zinnia (Ft. H. Hawkline),Train On The Island,4AD,
2026-07-30,1800-2000,DJ Stace,DJ Stace,Spoon,The Fitted Shirt,Girls Can Tell,Merge Records,
2026-07-30,1800-2000,DJ Stace,DJ Stace,Slint,Good Morning Captain,Kids,London Records (Modern),
2026-07-30,1800-2000,DJ Stace,DJ Stace,Sluice,Beadie,Companion,Mtn. Laurel Rcording Co.,
2026-07-30,1800-2000,DJ Stace,DJ Stace,The Felice Brothers,Nail It On The First Try,Undress,Yep Roc Records,
2026-07-30,1800-2000,DJ Stace,DJ Stace,Sin Ropas,You'll Take the Knife Out,Three Cherries,Perishable,
2026-07-30,1800-2000,DJ Stace,DJ Stace,Wilco,Muzzle of Bees,A Ghost Is Born,Nonesuch Records,
2026-07-30,1800-2000,DJ Stace,DJ Stace,Trampled by Turtles & Jeff Tweedy,Love is Everywhere (Beware),Love is Everywhere (Beware),,
2026-07-30,1800-2000,DJ Stace,DJ Stace,Sharp Pins,Saturday Sun,Saturday Sun,,
2026-07-30,1800-2000,DJ Stace,DJ Stace,Guided By Voices,Bulldog Skin,Mag Earwhig!,Matador Records,
2026-07-30,1800-2000,DJ Stace,DJ Stace,Built To Spill,Good Ol' Boredom,There Is No Enemy,Warner Bros. Records,
2026-07-30,1800-2000,DJ Stace,DJ Stace,"Rose, Caroline",Yip Yip Yow,Yip Yip Yow,New West Records,
2026-07-30,1800-2000,DJ Stace,DJ Stace,Twisted Teens,Hand Me a Cigarette,Florida Water Blues,,
2026-07-30,1800-2000,DJ Stace,DJ Stace,The Bobby Lees,Got Me Good,New Self,,
2026-07-30,1800-2000,DJ Stace,DJ Stace,"Spencer, Jon",Fanfare (Another Point fo View),Songs of Personal Loss and Protest,Sub Pop Records,
2026-07-30,1800-2000,DJ Stace,DJ Stace,"Segall, Ty",Black Paint,Black Paint,Drag City,
2026-07-30,1800-2000,DJ Stace,DJ Stace,Car Seat Headrest,Drunk Drivers/Killer Whales,Teen Of Denial (Joe's Story),Matador Records,
2026-07-30,1800-2000,DJ Stace,DJ Stace,"Bleachers, The",I'm Not Joking,I'm Not Joking,Village Industries,
2026-07-30,1800-2000,DJ Stace,DJ Stace,Father John Misty,Trump's Private Pilot,Too Dumb for Suicide: Tim Heidecker’s Trump Songs,,
2026-07-09,1800-2000,DJ Stace,DJ Stace,Sharp Pins,Saturday Sun,Saturday Sun,K / Perennial,
2026-07-09,1800-2000,DJ Stace,DJ Stace,Butthole Surfers,Weird Revolution,After The Astronaut,Sunset Boulevard Records,
2026-07-09,1800-2000,DJ Stace,DJ Stace,PJ Harvey,Voyager,Voyager,Partisan,
2026-07-09,1800-2000,DJ Stace,DJ Stace,Babe Rainbow,Waterfall,Waterfall,p(doom),
2026-07-09,1800-2000,DJ Stace,DJ Stace,Dinosaur Jr,Thumb,Green Mind,Sire Records,
2026-07-09,1800-2000,DJ Stace,DJ Stace,Suki Waterhouse,Notting Hill,Loveland,Island Records,
2026-07-09,1800-2000,DJ Stace,DJ Stace,"Esso, Sylvan",Hot Slob,Hot Slob (radio edit),Psychic Hotline,
2026-07-09,1800-2000,DJ Stace,DJ Stace,Bodega,All Inside Aquarium (Radio Edit),All Inside Aquarium,What's Your Rupture?,
2026-07-09,1800-2000,DJ Stace,DJ Stace,Bodega,Shiny New Model,Shiny New Model,What's Your Rupture?,
2026-07-09,1800-2000,DJ Stace,DJ Stace,Caroline Rose,Yip Yip Yow,Yip Yip Yow,SUCK Records,
2026-07-09,1800-2000,DJ Stace,DJ Stace,Girl and Girl,It's Dead,Hell + It's Dead,Sub Pop,
2026-07-09,1800-2000,DJ Stace,DJ Stace,Yard Act,New Beginnings,New Beginnings,Republic,
2026-07-09,1800-2000,DJ Stace,DJ Stace,Interpol,Iron City,This Mirror Weighs a Ton,Matador Records,
2026-07-09,1800-2000,DJ Stace,DJ Stace,Interpol,Evil,Antics,Matador Records,
2026-07-09,1800-2000,DJ Stace,DJ Stace,Low Cut Connie,Can't Be Wrong,Livin' In The USA,Contender,
2026-07-09,1800-2000,DJ Stace,DJ Stace,Low Cut Connie,Dirty Pictures PT2,Everytime You Turn Around,Contender,
2026-07-09,1800-2000,DJ Stace,DJ Stace,Bleachers,i'm not joking,i'm not joking,Dirty Hit,
2026-07-09,1800-2000,DJ Stace,DJ Stace,Father John Misty,When You're Smiling and Astride Me,I Love You Honeybear,Sub Pop Records,
2026-07-09,1800-2000,DJ Stace,DJ Stace,Bonnie 'Prince' Billy,My Home Is the Sea,Superwolf,Drag City,
2026-07-09,1800-2000,DJ Stace,DJ Stace,Grace Cummings,I'm Not Crazy,I'm Not Crazy,ATO Records,
2026-07-09,1800-2000,DJ Stace,DJ Stace,Trampled By Turtles & Jeff Tweedy,Love is Everywhere (Beware),Love is Everywhere (Beware),Banjodad Records / Thirty Tigers,
2026-07-09,1800-2000,DJ Stace,DJ Stace,This Is Lorelei,Billy Came Back,Billy Came Back,Matador Records,
2026-07-09,1800-2000,DJ Stace,DJ Stace,The Flaming Lips,Do You Realize??,Yoshimi Battles the Pink Robots,Warner Bros.,
2026-07-09,1800-2000,DJ Stace,DJ Stace,Aldous Harding,Venus in the Zinnia,Train On The Island,4AD,
2026-07-09,1800-2000,DJ Stace,DJ Stace,Panda Bear & Sonic Boom,Gettin' to the Point,Reset,Domino Recording Company,
2026-07-09,1800-2000,DJ Stace,DJ Stace,Moby/The Jon Spencer Blues Explosion,"Greyhound, Pt. 1",Experimental Remixes,Matador Records,
2026-07-09,1800-2000,DJ Stace,DJ Stace,Jon Spencer,Fanfare (Another Point of View),Songs of Personal Loss and Protest,Shove Records,
2026-07-09,1800-2000,DJ Stace,DJ Stace,Twisted Teens,Peekaboo Hand,Blame The Clown,Fire Records,
2026-07-09,1800-2000,DJ Stace,DJ Stace,Car Seat Headrest,Destroyed By Hippie Powers,Teen of Denial: Joe's Story,Matador Records,
2026-07-09,1800-2000,DJ Stace,DJ Stace,The Bobby Lees,Got Me Good,New Self,Epitaph,
2026-07-09,1800-2000,DJ Stace,DJ Stace,Martha,Westerberg,Blisters In The Pit Of My Heart,Dirtnap Records,
2026-07-09,1800-2000,DJ Stace,DJ Stace,Ty Segall,Black Paint,Black Paint,Drag City,
2026-07-02,1800-2000,DJ Stace,DJ Stace,the Grifters,Spaced Out,Full Blown Possession,Sub Pop Records,
2026-07-02,1800-2000,DJ Stace,DJ Stace,Trampled by Turtles & Jeff Tweedy,Love is Everywhere (Beware),Love is Everywhere (Beware),,
2026-07-02,1800-2000,DJ Stace,DJ Stace,The Arcs,Stay In My Corner,"Yours, Dreamily",,
2026-07-02,1800-2000,DJ Stace,DJ Stace,Westside Cowboy,Kick Stones (The Boys),Kick Stones (The Boys),,
2026-07-02,1800-2000,DJ Stace,DJ Stace,This is Lorelei,Billy Came Back,Billy Came Back,,
2026-07-02,1800-2000,DJ Stace,DJ Stace,This Is Lorelei & Waxahatchee,Where’s Your Love Now (Waxahatchee Version),Where’s Your Love Now (Waxahatchee Version),,
2026-07-02,1800-2000,DJ Stace,DJ Stace,Bodega,Boxes For The Move,Endless Scroll,What's Your Rupture?,
2026-07-02,1800-2000,DJ Stace,DJ Stace,Bodega,All Inside Aquarium,All Inside Aquarium (Radio Edit),,
2026-07-02,1800-2000,DJ Stace,DJ Stace,Girl and Girl,Call a Doctor,Call a Doctor,Matador,
2026-07-02,1800-2000,DJ Stace,DJ Stace,Girl and Girl,It's Dead,It's Dead,,
2026-07-02,1800-2000,DJ Stace,DJ Stace,Yard Act,New Beginnings,You're Gonna Need a Little Music,,
2026-07-02,1800-2000,DJ Stace,DJ Stace,Novablood,I Used to Live In A House,You're New To This Aren't You?,,
2026-07-02,1800-2000,DJ Stace,DJ Stace,Talking Heads,Houses In Motion,Remain In Light,Sire Records,
2026-07-02,1800-2000,DJ Stace,DJ Stace,"Strings, Billy",Dust In A Baggie,Billy Strings EP,Rounder Records,
2026-07-02,1800-2000,DJ Stace,DJ Stace,"Rose, Caroline",Yip Yip Yow!,Yip Yip Yow!,Little Hi! Records,
2026-07-02,1800-2000,DJ Stace,DJ Stace,Twisted Teens,Peekaboo Hand,Blame the Clown,,
2026-07-02,1800-2000,DJ Stace,DJ Stace,The Dirtbombs,Ode To A Black Man,Ultraglide In Black,In the Red Records,
2026-07-02,1800-2000,DJ Stace,DJ Stace,The Bobby Lees,Got Me Good,Got Me Good,,
2026-07-02,1800-2000,DJ Stace,DJ Stace,Ulrika Spacek,This Time I'm Present (fantasy of a broken heart remix),This Time I'm Present (fantasy of a broken heart remix),,
2026-07-02,1800-2000,DJ Stace,DJ Stace,Courtney Barnett,Pedestrian At Best,"Sometimes I Sit And Think, And Sometimes I Just Sit",Mom + Pop,
2026-07-02,1800-2000,DJ Stace,DJ Stace,"Spencer, John",Fanfare (Another Point of View),Songs of Personal Loss and Protest,,
2026-07-02,1800-2000,DJ Stace,DJ Stace,"Harvey, P.J.",Voyager,Voyager,Echostatic,
2026-07-02,1800-2000,DJ Stace,DJ Stace,Swans,Love Will Save You,White Light From The Mouth Of Infinity,Young God Records,
2026-07-02,1800-2000,DJ Stace,DJ Stace,The Black Angels,Better Off Alone,Passover,Light In The Attic Records,
2026-07-02,1800-2000,DJ Stace,DJ Stace,Car Seat Headrest,Destroyed by Hippie Powers,Teen Of Denial (Joe's Story),Matador Records,
2026-07-02,1800-2000,DJ Stace,DJ Stace,"Segall, Ty",Black Paint,Black Paint,Drag City,
2026-07-02,1800-2000,DJ Stace,DJ Stace,Dread Spectre Council,Where Would the Light Go,Thetans,,
2026-07-02,1800-2000,DJ Stace,DJ Stace,Coco Rosie,Smokey Taboo,Grey Oceans,Touch and Go,
2026-07-02,1800-2000,DJ Stace,DJ Stace,Earthlings?,Stungun,Earthlings?,Crippled Dick Hot Wax!,
2026-06-25,1800-2000,DJ Stace,DJ Stace,BODEGA,Pick up the Check,Pick up the Check,What's Your Rupture?,
2026-06-25,1800-2000,DJ Stace,DJ Stace,Andrew Bird,Sisyphus,My Finest Work Yet,Matador Records,
2026-06-25,1800-2000,DJ Stace,DJ Stace,Yo La Tengo,Autumn Sweater,I Can Hear The Heart Beating As One,Merge Records,
2026-06-25,1800-2000,DJ Stace,DJ Stace,Bonnie 'Prince' Billy,My Home Is the Sea,Superwolf,Drag City,
2026-06-25,1800-2000,DJ Stace,DJ Stace,Swans,Love Will Save You,White Light from the Mouth of Infinity,Young God Records,
2026-06-25,1800-2000,DJ Stace,DJ Stace,CocoRosie,Smokey Taboo,Grey Oceans,Elektra Records,
2026-06-25,1800-2000,DJ Stace,DJ Stace,Elliott Smith,Trouble,Thumbsucker,DreamWorks,
2026-06-25,1800-2000,DJ Stace,DJ Stace,Dread Spectre Council,Where Would the Light Go,Thetans,Handmade Records,
2026-06-25,1800-2000,DJ Stace,DJ Stace,The Nude Party,Water on Mars,The Nude Party,Greenhouse Records,
2026-06-25,1800-2000,DJ Stace,DJ Stace,Cate Le Bon,Are You with Me Now?,Mug Museum,Hyperdub,
2026-06-25,1800-2000,DJ Stace,DJ Stace,Built To Spill,Wherever You Go,You in Reverse,Up Records,
2026-06-25,1800-2000,DJ Stace,DJ Stace,Widowspeak,If You Change,Soft Cover,Secretly Canadian,
2026-06-25,1800-2000,DJ Stace,DJ Stace,Gregory Alan Isakov & Sylvan Esso,Fade Into You,Fade Into You,A14 Music,
2026-06-25,1800-2000,DJ Stace,DJ Stace,Sonido Gallo Negro,SUAVECITO (feat. Mariposas Del Alma & Doris Anahí),SUAVECITO,Sazon Records,
2026-06-25,1800-2000,DJ Stace,DJ Stace,Gladys Knight & The Pips,I Heard It Through The Grapevine (The Randy Watson Experience Sympathy For The G,Motown Remixed & Unmixed,Motown,
2026-06-25,1800-2000,DJ Stace,DJ Stace,New Constellations & STRFKR,Hot Blooded (Rose City Rework),Hot Blooded (Rose City Rework),Loma Vista,
2026-06-25,1800-2000,DJ Stace,DJ Stace,"Helado Tropical, Helado Negro & Reyna Tropical",Tocando,Tocando,Psychic Hotline,
2026-06-25,1800-2000,DJ Stace,DJ Stace,Caroline Rose,Yip Yip Yow,Yip Yip Yow,SUCK Records,
2026-06-25,1800-2000,DJ Stace,DJ Stace,Sluice,Zillow,Companion,Mtn Laurel Recording Co.,
2026-06-25,1800-2000,DJ Stace,DJ Stace,Interpol,See Out Loud,This Mirror Weighs a Ton/See Out Loud,Matador Records,
2026-06-25,1800-2000,DJ Stace,DJ Stace,Panda Bear & Sonic Boom,Gettin' to the Point,Reset,Domino Recording Company,
2026-06-25,1800-2000,DJ Stace,DJ Stace,Ty Segall,Black Paint,Black Paint,Drag City,
2026-06-25,1800-2000,DJ Stace,DJ Stace,Thee Oh Sees,THE TRICK,OFF COURSE,Deathgod Records,
2026-06-25,1800-2000,DJ Stace,DJ Stace,Ulrika Spacek,This Time I'm Present (fantasy of a broken heart remix),This Time I'm Present (fantasy of a broken heart remix),Fire Records,
2026-06-25,1800-2000,DJ Stace,DJ Stace,Babe Rainbow,Acid and Honey,Acid and Honey,Fire Records,
2026-06-25,1800-2000,DJ Stace,DJ Stace,Jack White,Dollar Bill,Dollar Bill,Third Man Records,
2026-06-25,1800-2000,DJ Stace,DJ Stace,Love and Rockets,Mirror People,Earth Sun Moon,Beggars Banquet,
2026-06-25,1800-2000,DJ Stace,DJ Stace,Lava La Rue,Scratches,Do You Know Everything?,Dirty Hit,
2026-06-25,1800-2000,DJ Stace,DJ Stace,Jesse Welles,Masks Off,Masks Off,Polydor Records,
2026-06-25,1800-2000,DJ Stace,DJ Stace,Westside Cowboy,Kick Stones (The Boys),It Goes On,Island Records,
2026-06-25,1800-2000,DJ Stace,DJ Stace,Frankie Cosmos,Fool (Demo),Fool (Demo),Sub Pop,
2026-06-25,1800-2000,DJ Stace,DJ Stace,Nina Winder-Lind,This Is Our Life,This Is Our Life,Transgressive,
2026-06-25,1800-2000,DJ Stace,DJ Stace,Calibro 35,Riots,Riots,Record Kicks,
2026-06-25,1800-2000,DJ Stace,DJ Stace,Iceage,Star,For Love of Grace & the Hereafter,Mexican Summer,
2026-06-25,1800-2000,DJ Stace,DJ Stace,Novablood,I Used To Live In A House,You're New To This Aren't You?,Mint 400 Records,
2026-06-25,1800-2000,DJ Stace,DJ Stace,Mitski,Where's My Phone?,Nothing's About To Happen To Me,Dead Oceans,
2026-06-25,1800-2000,DJ Stace,DJ Stace,Aldous Harding,One Stop,Train on the Island,4AD / Flying Nun,
2026-06-25,1800-2000,DJ Stace,DJ Stace,Bleachers,i'm not joking,i'm not joking,Dirty Hit,
2026-06-25,1800-2000,DJ Stace,DJ Stace,Suki Waterhouse,Tiny Raisin,Tiny Raisin,"Confidence River, Inc. / Island Records",
2026-06-25,1800-2000,DJ Stace,DJ Stace,Suki Waterhouse,Back in Love,Back in Love,"Confidence River, Inc. / Island Records",
2026-06-25,1800-2000,DJ Stace,DJ Stace,Little Barrie,More Bad Miles Of Road,Gravity Freeze,Easy Eye Sound,
2026-06-25,1800-2000,DJ Stace,DJ Stace,Jon Spencer,Fanfare (Another Point of View),Songs of Personal Loss and Protest,,
2026-06-25,1800-2000,DJ Stace,DJ Stace,Reigning Sound,If You Can't GIve Me Everything,Too Much Guitar,Pussycat Records,
2026-06-25,1800-2000,DJ Stace,DJ Stace,Lava La Rue,Scratches,Do You Know Everything?,Dirty Hit,
2026-06-25,1800-2000,DJ Stace,DJ Stace,Bodega,All Inside Aquarium (Radio Edit),All Inside Aquarium,,
2026-06-25,1800-2000,DJ Stace,DJ Stace,Caroline Rose,Yip Yip Yow,Yip Yip Yow,SUCK Records,
2026-06-25,1800-2000,DJ Stace,DJ Stace,The Dirtbombs,Underdog,Ultraglide In Black,In the Red Records,
2026-06-25,1800-2000,DJ Stace,DJ Stace,The Bobbie Lees,Got Me Good,New Self,,
2026-06-25,1800-2000,DJ Stace,DJ Stace,Car Seat Headrest,Destroyed By Hippie Powers,Teen of Denial: Joe's Story,,
2026-06-25,1800-2000,DJ Stace,DJ Stace,Soundgarden,Slaves and Bulldozers,Badmotorfinger,(Unknown),
2026-06-25,1800-2000,DJ Stace,DJ Stace,"Lee Harvey Oswald,The",Surrender Earthlings,Blastronaut,Touch and Go,
2026-06-25,1800-2000,DJ Stace,DJ Stace,Melvins,A History of Bad Men,A Senile Animal,Ipecac Records,
2026-06-25,1800-2000,DJ Stace,DJ Stace,Thee Oh Sees,THE TRICK,OFF COURSE,Deathgod Records,
2026-06-25,1800-2000,DJ Stace,DJ Stace,Queens of the Stone Age,Born to Hula (Non-LP Version),R+,Interscope Records,
2026-06-25,1800-2000,DJ Stace,DJ Stace,Ty Segall,Black Paint,Black Paint,Drag City,
2026-06-25,1800-2000,DJ Stace,DJ Stace,"Cult, the",Love Removal Machine,Electric,Beggars Banquet,
2026-06-25,1800-2000,DJ Stace,DJ Stace,Built To Spill,Wherever You Go,You in Reverse,Up Records,
2026-06-25,1800-2000,DJ Stace,DJ Stace,Twisted Teens,Marionette,Twisted Teens,Chain Smoking Records,
2026-06-25,1800-2000,DJ Stace,DJ Stace,Twisted Teens,Peekaboo Hand,Blame the Clown,Chain Smoking Records,
2026-06-25,1800-2000,DJ Stace,DJ Stace,The Nude Party,Water on Mars,The Nude Party,Greenhouse Records,
2026-06-25,1800-2000,DJ Stace,DJ Stace,Dread Spectre Council,Where Would the Light Go,Thetans,Handmade Records,
2026-06-25,1800-2000,DJ Stace,DJ Stace,Gladys Knight & The Pips,I Heard It Through The Grapevine (The Randy Watson Experience Sympathy For The G,Motown Remixed & Unmixed,Motown,
2026-06-25,1800-2000,DJ Stace,DJ Stace,Suki Waterhouse,Back in Love,Back in Love,"Confidence River, Inc. / Island Records",
2026-06-25,1800-2000,DJ Stace,DJ Stace,"Esso, Sylvan",Hot Slob,Hot Slob (radio edit),,
2026-06-25,1800-2000,DJ Stace,DJ Stace,Panda Bear & Sonic Boom,Gettin' to the Point,Reset,Domino Recording Company,
2026-06-25,1800-2000,DJ Stace,DJ Stace,New Constellations & STRFKR,Hot Blooded (Rose City Rework),Hot Blooded (Rose City Rework),Loma Vista,
2026-06-25,1800-2000,DJ Stace,DJ Stace,Ulrika Spacek,This Time I'm Present (fantasy of a broken heart remix),This Time I'm Present (fantasy of a broken heart remix),Fire Records,
2026-06-25,1800-2000,DJ Stace,DJ Stace,Swans,Love Will Save You,White Light from the Mouth of Infinity,Young God Records,
2026-06-18,1800-2000,DJ Stace,DJ Stace,Mitski,Where's My Phone?,Nothing's About To Happen To Me / Dead Oceans,,
2026-06-18,1800-2000,DJ Stace,DJ Stace,Guided By Voices,When You're My Clown (Nothing Happens),Crawlspace Of The Pantheon / Rockathon,,
2026-06-18,1800-2000,DJ Stace,DJ Stace,Twisted Teens,Peekaboo Hand,Blame The Clown / Fire Records,,
2026-06-18,1800-2000,DJ Stace,DJ Stace,BODEGA,Shiny New Model,Shiny New Model / What's Your Rupture?,,
2026-06-18,1800-2000,DJ Stace,DJ Stace,BODEGA,Pick up the Check,Pick up the Check / Chrysalis Records,,
2026-06-18,1800-2000,DJ Stace,DJ Stace,Widowspeak,If You Change,Soft Cover / Secretly Canadian,,
2026-06-18,1800-2000,DJ Stace,DJ Stace,Interpol,See Out Loud,This Mirror Weighs a Ton / See Out Loud / Matador Records,,
2026-06-18,1800-2000,DJ Stace,DJ Stace,Cosmo Sheldrake & HOWL,Does The Swallow Dream Of Flying,Eye To The Ear / Handmade Records,,
2026-06-18,1800-2000,DJ Stace,DJ Stace,Boards of Canada,Prophecy At 1420 MHz,Prophecy At 1420 MHz / Warp Records,,
2026-06-18,1800-2000,DJ Stace,DJ Stace,Sluice,Zillow,Companion / Mtn Laurel Recording Co.,,
2026-06-18,1800-2000,DJ Stace,DJ Stace,Wednesday,Perfect (Smashing Pumpkins) (feat. MJ Lenderman),Mowing the Leaves Instead of Piling 'em Up / Jagjaguwar,,
2026-06-18,1800-2000,DJ Stace,DJ Stace,Jesse Welles,Masks Off,Masks Off / Polydor Records,,
2026-06-18,1800-2000,DJ Stace,DJ Stace,Aldous Harding,Coats,Train On The Island,4AD,
2026-06-18,1800-2000,DJ Stace,DJ Stace,"Davis, Betty",70's Blues,They Say I'm Different,Island Records,
2026-06-18,1800-2000,DJ Stace,DJ Stace,Calibro 35,Riots,Riots / Record Kicks,,
2026-06-18,1800-2000,DJ Stace,DJ Stace,Sylvan Esso,Hot Slob,Hot Slob,Partisan Records,
2026-06-18,1800-2000,DJ Stace,DJ Stace,TV Priest,The Big Curve,Uppers / Sub Pop Records,,
2026-06-18,1800-2000,DJ Stace,DJ Stace,U.S. Girls,4 American Dollars,Heavy Light,,
2026-06-18,1800-2000,DJ Stace,DJ Stace,Caroline Rose,Yip Yip Yow,Yip Yip Yow / SUCK Records,,
2026-06-18,1800-2000,DJ Stace,DJ Stace,New Constellations & STRFKR,Hot Blooded (Rose City Rework),Hot Blooded (Rose City Rework) / Loma Vista,,
2026-06-18,1800-2000,DJ Stace,DJ Stace,Novablood,I Used To Live In A House,You're New To This Aren't You? / Mint 400 Records,,
2026-06-18,1800-2000,DJ Stace,DJ Stace,Suki Waterhouse,Tiny Raisin,"Tiny Raisin / Confidence River, Inc. / Island Records",,
2026-06-18,1800-2000,DJ Stace,DJ Stace,Little Barrie,More Bad Miles Of Road,Gravity Freeze / Easy Eye Sound,,
2026-06-18,1800-2000,DJ Stace,DJ Stace,Lava La Rue,Scratches,Starface / Dirty Hit,,
2026-06-18,1800-2000,DJ Stace,DJ Stace,Low Cut Connie,Revolution Rock and ROll,Dirty Pictures (part 1),Contender Records,
2026-06-18,1800-2000,DJ Stace,DJ Stace,Car Seat Headrest,Drunk Drivers/Killer Whales,Teen of Denial: Joe's Story / Matador Records,,
2026-06-18,1800-2000,DJ Stace,DJ Stace,Dread Spectre Council,Where Would the Light Go,Thetans / Handmade Records,,
2026-06-18,1800-2000,DJ Stace,DJ Stace,Ty Segall,Black Paint,Black Paint / Drag City,,
2026-06-18,1800-2000,DJ Stace,DJ Stace,Ulrika Spacek,This Time I'm Present (fantasy of a broken heart remix),This Time I'm Present (fantasy of a broken heart remix) / Fire Records,,
2026-06-18,1800-2000,DJ Stace,DJ Stace,Daniel Johnston,True Love Will Find You In The End,1990,Shimmy Disc,
2026-05-28,1800-2000,DJ Stace,DJ Stace,Neutral Milk Hotel,King of Carrot Flowers Pt. 1,In the Aeroplane Over the Sea / Merge Records,,
2026-05-28,1800-2000,DJ Stace,DJ Stace,Neutral Milk Hotel,King of Carrot Flowers Pts. 2 & 3,In the Aeroplane Over the Sea / Merge Records,,
2026-05-28,1800-2000,DJ Stace,DJ Stace,Cameron Winter,Love Takes Miles,Heavy Metal / Partisan Records / Play It Again Sam,,
2026-05-28,1800-2000,DJ Stace,DJ Stace,Geese,Cowboy Nudes,3D Country / Partisan Records / Play It Again Sam,,
2026-05-28,1800-2000,DJ Stace,DJ Stace,TV Priest,The Big Curve,Uppers / Sub Pop Records,,
2026-05-28,1800-2000,DJ Stace,DJ Stace,Barkmarket,Pitbull,Vegas Throat / Triple X Records,,
2026-05-28,1800-2000,DJ Stace,DJ Stace,Car Seat Headrest,(Joe Gets Kicked Out of School for Using) Drugs With Friends (But Says This Isn',Teen of Denial: Joe's Story / Matador Records,,
2026-05-28,1800-2000,DJ Stace,DJ Stace,Jesse Welles,Masks Off,Masks Off,,
2026-05-28,1800-2000,DJ Stace,DJ Stace,Guided By Voices,Tractor Rape Chain,Bee Thousand,Matador Records,
2026-05-28,1800-2000,DJ Stace,DJ Stace,Tim Buckley,Song to the Siren,Starsailor / Straight Records,,
2026-05-28,1800-2000,DJ Stace,DJ Stace,Sluice,Beadie,Companion / Mtn Laurel Recording Co.,,
2026-05-28,1800-2000,DJ Stace,DJ Stace,Sin Ropas,You'll Take the Knife Out,Three Cherries,Perishable,
2026-05-28,1800-2000,DJ Stace,DJ Stace,Beth Gibbons,Sunday Morning,HELP(2) / War Child Records,,
2026-05-28,1800-2000,DJ Stace,DJ Stace,"Helado Tropical, Helado Negro & Reyna Tropical",Tocando,Tocando / Psychic Hotline,,
2026-05-28,1800-2000,DJ Stace,DJ Stace,The Budos Band,Old Engine Oil,V / Daptone Records,,
2026-05-28,1800-2000,DJ Stace,DJ Stace,Calibro 35,Riots,Riots / Record Kicks,,
2026-05-28,1800-2000,DJ Stace,DJ Stace,Nightmares On Wax & Adrian Sherwood,You Bliss,In A Space Outta Dub / Warp Records,,
2026-05-28,1800-2000,DJ Stace,DJ Stace,Cabaret Voltaire,"Sensoria (12"")","Sensoria (12"")",Giorno Poetry Systems,
2026-05-28,1800-2000,DJ Stace,DJ Stace,Boards of Canada,Prophecy At 1420 MHz,Prophecy At 1420 MHz / Warp Records,,
2026-05-28,1800-2000,DJ Stace,DJ Stace,ear,Ne Plus Ultra,Ne Plus Ultra / A24 Music,,
2026-05-28,1800-2000,DJ Stace,DJ Stace,"Mandy, Indiana",dodechahedron,URGH / Sacred Bones Records,,
2026-05-28,1800-2000,DJ Stace,DJ Stace,Caroline Rose,Yip Yip Yow,Yip Yip Yow / SUCK Records,,
2026-05-28,1800-2000,DJ Stace,DJ Stace,Caroline Rose,Money,Loner,New West Records,
2026-05-28,1800-2000,DJ Stace,DJ Stace,BODEGA,Pick up the Check,Pick up the Check / Chrysalis Records,,
2026-05-28,1800-2000,DJ Stace,DJ Stace,Iceage,Star,For Love of Grace & the Hereafter / Mexican Summer,,
2026-05-28,1800-2000,DJ Stace,DJ Stace,Dread Spectre Council,Where Would the Light Go,Thetans / Handmade Records / Dread Spectre Council,,
2026-05-28,1800-2000,DJ Stace,DJ Stace,Bleachers,i'm not joking,i'm not joking / Dirty Hit,,
2026-05-28,1800-2000,DJ Stace,DJ Stace,Mitski,Where's My Phone?,Nothing's About To Happen To Me / Dead Oceans,,
2026-05-28,1800-2000,DJ Stace,DJ Stace,Aldous Harding,Coats,Train On The Island,4AD,
2026-05-21,1800-2000,DJ Stace,DJ Stace,Caroline Rose,Yip Yip Yow,Yip Yip Yow / SUCK Records,,
2026-05-21,1800-2000,DJ Stace,DJ Stace,Car Seat Headrest,Destroyed By Hippie Powers,Teen of Denial: Joe's Story / Matador Records,,
2026-05-21,1800-2000,DJ Stace,DJ Stace,Nina Winder-Lind,This is Our Life,This is Our Life,,
2026-05-21,1800-2000,DJ Stace,DJ Stace,The Psychedelic Furs,All That Money Wants,All of This and Nothing / Columbia,,
2026-05-21,1800-2000,DJ Stace,DJ Stace,Dread Spectre Council,Where Would the Light Go,Thetans / Handmade Records / Dread Spectre Council,,
2026-05-21,1800-2000,DJ Stace,DJ Stace,The Cure,Alone,Songs Of A Lost World / Fiction Records / Polydor Records,,
2026-05-21,1800-2000,DJ Stace,DJ Stace,"Helado Tropical, Helado Negro & Reyna Tropical",Tocando,Tocando / Psychic Hotline,,
2026-05-21,1800-2000,DJ Stace,DJ Stace,Beth Gibbons,Sunday Morning,HELP(2) / War Child Records,,
2026-05-21,1800-2000,DJ Stace,DJ Stace,Portishead,Mysterons,Dummy,Polygram Records (Local),
2026-05-21,1800-2000,DJ Stace,DJ Stace,Calibro 35,Riots,Riots / Record Kicks,,
2026-05-21,1800-2000,DJ Stace,DJ Stace,UNKLE,Restless (feat. Josh Homme),War Stories / Surrender All,,
2026-05-21,1800-2000,DJ Stace,DJ Stace,Wilco,A Shot in the Arm,Summerteeth,Reprise Records (Modern),
2026-05-21,1800-2000,DJ Stace,DJ Stace,Sluice,Beadie,Companion / Mtn Laurel Recording Co.,,
2026-05-21,1800-2000,DJ Stace,DJ Stace,Slint,Good Morning Captain,Kids,London Records (Modern),
2026-05-21,1800-2000,DJ Stace,DJ Stace,Boards of Canada,Prophecy At 1420 MHz,Prophecy At 1420 MHz / Warp Records,,
2026-05-21,1800-2000,DJ Stace,DJ Stace,Wire,23 Years Too Late (24 Years Later Edit),Read & Burn 03 PLUS / pinkflag,,
2026-05-21,1800-2000,DJ Stace,DJ Stace,Novablood,I Used To Live In A House,You're New To This Aren't You? / Mint 400 Records,,
2026-05-21,1800-2000,DJ Stace,DJ Stace,Talking Heads,Houses in Motion (2005 Remaster),Remain in Light (Deluxe Version) / Sire / Rhino,,
2026-05-21,1800-2000,DJ Stace,DJ Stace,Yard Act,Redeemer,You're Gonna Need A Little Music / Island Records,,
2026-05-21,1800-2000,DJ Stace,DJ Stace,ear,Ne Plus Ultra,Ne Plus Ultra / A24 Music,,
2026-05-21,1800-2000,DJ Stace,DJ Stace,"Mandy, Indiana",ist halt so,URGH / Sacred Bones Records,,
2026-05-21,1800-2000,DJ Stace,DJ Stace,Thee Oh Sees,Joro,Cara Maluco / Castle Face,,
2026-05-21,1800-2000,DJ Stace,DJ Stace,Bleachers,i'm not joking,i'm not joking / Dirty Hit,,
2026-05-21,1800-2000,DJ Stace,DJ Stace,Aldous Harding,One Stop,Train on the Island / 4AD / Flying Nun,,
2026-05-21,1800-2000,DJ Stace,DJ Stace,Twisted Teens,Peekaboo Hand,Blame The Clown / Jazz Life,,
2026-05-21,1800-2000,DJ Stace,DJ Stace,BODEGA,Pick up the Check,Pick up the Check / Chrysalis Records,,
2026-05-21,1800-2000,DJ Stace,DJ Stace,Suki Waterhouse,Tiny Raisin,"Tiny Raisin / Confidence River, Inc. / Island Records",,
2026-05-07,1800-2000,DJ Stace,DJ Stace,Bleachers,i'm not joking,,,
2026-05-07,1800-2000,DJ Stace,DJ Stace,Talk Talk,Life's What You Make It (1997 Remaster),Life's What You Make It,,
2026-05-07,1800-2000,DJ Stace,DJ Stace,BODEGA,Pick up the Check,,,
2026-05-07,1800-2000,DJ Stace,DJ Stace,Father John Misty,The Payoff,I Love You,etc.,
2026-05-07,1800-2000,DJ Stace,DJ Stace,Father John Misty,Heart-Shaped Box - Sirius XM Session,"I Love You, Honeybear Demos, etc.",Sub Pop,
2026-05-07,1800-2000,DJ Stace,DJ Stace,Buzzcocks,Ever Fallen In Love (With Someone You Shouldn't've),,,
2026-05-07,1800-2000,DJ Stace,DJ Stace,Suki Waterhouse,Tiny Raisin,,,
2026-05-07,1800-2000,DJ Stace,DJ Stace,Art Of Noise feat. Tom Jones,Kiss (feat. Tom Jones) (feat. Tom Jones),,,
2026-05-07,1800-2000,DJ Stace,DJ Stace,Gelli Haha,Klouds Will Carry Me To Sleep,Switcheroo,Innovative Leisure,
2026-05-07,1800-2000,DJ Stace,DJ Stace,U.S. Girls,"You've Got Everything - But A Smile (Theme from Dead Lover"")""","You've Got Everything - But A Smile (Theme from Dead Lover"")""",,
2026-05-07,1800-2000,DJ Stace,DJ Stace,Little Barrie,More Bad Miles Of Road,More Bad Miles Of Road,,
2026-05-07,1800-2000,DJ Stace,DJ Stace,Nightmares On Wax & Adrian Sherwood,You Bliss,,,
2026-05-07,1800-2000,DJ Stace,DJ Stace,Dinosaur Jr.,Start Choppin,,,
2026-05-07,1800-2000,DJ Stace,DJ Stace,The Glands,So High,Double CODA,,
2026-05-07,1800-2000,DJ Stace,DJ Stace,Cameron Winter,Love Takes Miles,Heavy Metal,,
2026-05-07,1800-2000,DJ Stace,DJ Stace,Buck Meek,Gasoline,The Mirror,,
2026-05-07,1800-2000,DJ Stace,DJ Stace,The Church,Under the Milky Way,Starfish,,
2026-05-07,1800-2000,DJ Stace,DJ Stace,Guided By Voices,When You're My Clown (Nothing Happens),Crawlspace of the Pantheon,Rockathon,
2026-05-07,1800-2000,DJ Stace,DJ Stace,Thee Oh Sees,Joro,Cara Maluco,,
2026-05-07,1800-2000,DJ Stace,DJ Stace,The Mars Volta,Equus 3,"Mars Volta, The",Clouds Hill,
2026-05-07,1800-2000,DJ Stace,DJ Stace,King Gizzard & The Lizard Wizard,Iron Lung,"Ice, Death, Planets, Lungs, Mushrooms and Lava",,
2026-05-07,1800-2000,DJ Stace,DJ Stace,"Mandy, Indiana",ist halt so,URGH!,Sacred Bones,
2026-05-07,1800-2000,DJ Stace,DJ Stace,Rapeman,Just Got Paid,TWo Nuns and a Pack Mule,Touch & Go,
2026-05-07,1800-2000,DJ Stace,DJ Stace,Karen Dalton,Something On Your Mind,,,
2026-05-07,1800-2000,DJ Stace,DJ Stace,Fontaines D.C. & War Child Records,Black Boys on Mopeds,HELP(2),War Child Records,
2026-05-07,1800-2000,DJ Stace,DJ Stace,Massive Attack feat. Tom Waits,Boots on the Ground,Boots on the Ground,PIAS,
2026-05-07,1800-2000,DJ Stace,DJ Stace,Sluice,Beadie,Companion,Seasick Records,
2026-04-30,1800-2000,DJ Stace,DJ Stace,the Delta 72,Rich Girls Like to Steal,"R&B of Membership, the",Touch and Go,
2026-04-30,1800-2000,DJ Stace,DJ Stace,Froth,Laurel,Duress,Wichita Recordings,
2026-04-30,1800-2000,DJ Stace,DJ Stace,Sluice,Beadie,Companion,,
2026-04-30,1800-2000,DJ Stace,DJ Stace,Bill Callahan,Stepping Out For Air,My Days of 58,,
2026-04-30,1800-2000,DJ Stace,DJ Stace,Swans,Can't Find My Way Home,"Burning World, the",Uni Distribution Corp.,
2026-04-30,1800-2000,DJ Stace,DJ Stace,The Velvet Underground,Sweet Jane,Loaded,,
2026-04-30,1800-2000,DJ Stace,DJ Stace,Mark Lanegan,Hit the City,Bubblegum,Beggars Banquet,
2026-04-30,1800-2000,DJ Stace,DJ Stace,Friko,Still Around,Something Worth Waiting For,ATO,
2026-04-30,1800-2000,DJ Stace,DJ Stace,Lcd Soundsystem,All My Friends (Franz Ferdinand Version),A Bunch of Stuff EP,Dfa Records,
2026-04-30,1800-2000,DJ Stace,DJ Stace,Suki Waterhouse,Back in Love,Back in Love,,
2026-04-30,1800-2000,DJ Stace,DJ Stace,She Wants Revenge,Tear You Apart,She Wants Revenge,Perfect Kiss,
2026-04-30,1800-2000,DJ Stace,DJ Stace,Interpol,Evil,Antics,Matador Records,
2026-04-30,1800-2000,DJ Stace,DJ Stace,Stef Chura,Sweet Sweet Midnight,Midnight,Saddle Creek,
2026-04-30,1800-2000,DJ Stace,DJ Stace,Twisted Teens,Who Can It Be,Blame the Clown,Jazz Life,
2026-04-30,1800-2000,DJ Stace,DJ Stace,Olive Jones,Kingdom,For Mary,,
2026-04-30,1800-2000,DJ Stace,DJ Stace,Gelli Haha,Klouds Will Carry Me To Sleep,Switcheroo,,
2026-04-30,1800-2000,DJ Stace,DJ Stace,"Mandy, Indiana",Dodecahedron,URGGH!!,Sacred Bones,
2026-04-30,1800-2000,DJ Stace,DJ Stace,Thee Oh Sees,Joro,Cara Maluco,,
2026-04-30,1800-2000,DJ Stace,DJ Stace,Little Barrie,More Bad Miles Of Road,More Bad Miles Of Road,,
2026-04-30,1800-2000,DJ Stace,DJ Stace,Nightmares On Wax,You Bliss,In A Space Outta Dub,Warp Records,
2026-04-30,1800-2000,DJ Stace,DJ Stace,Aldous Harding & H. Hawkline,Venus in the Zinnia,Venus in the Zinnia,,
2026-04-30,1800-2000,DJ Stace,DJ Stace,Aldous Harding,The Barrel,Designer,,
2026-04-30,1800-2000,DJ Stace,DJ Stace,Cut Worms,Shut In,Shut In,,
2026-04-30,1800-2000,DJ Stace,DJ Stace,The Wedding Present,Big Rat,Watusi,,
2026-04-30,1800-2000,DJ Stace,DJ Stace,This Is Lorelei,Holo Boy,Holo Boy,,
2026-04-30,1800-2000,DJ Stace,DJ Stace,This Is Lorelei & Waxahatchee,Where’s Your Love Now (Waxahatchee Version),Where’s Your Love Now (Waxahatchee Version),,
2026-04-30,1800-2000,DJ Stace,DJ Stace,"Avett Brothers, The",I And Love And You,I And Love And You,Ramseur Records,
2026-04-16,1800-2000,DJ Stace,DJ Stace,Station ID,LID,,,
2026-04-16,1800-2000,DJ Stace,DJ Stace,Massive Attack feat. Tom Waits,Boots on the Ground,Boots on the Ground,,
2026-04-16,1800-2000,DJ Stace,DJ Stace,Fontaines DC,Black Boys on Mopeds,HELP(2),Warchild,
2026-04-16,1800-2000,DJ Stace,DJ Stace,Jesse Welles feat. Joan Baez,No Kings,No Kings,,
2026-04-16,1800-2000,DJ Stace,DJ Stace,Jack White,G.O.D. And The Broken Ribs,G.O.D. And The Broken Ribs / Derecho Demonico,,
2026-04-16,1800-2000,DJ Stace,DJ Stace,Fugazi,Waiting Room,13 Songs,,
2026-04-16,1800-2000,DJ Stace,DJ Stace,"Vile, Kurt",Chance to Bleed,Chance to Bleed,Verve Records,
2026-04-16,1800-2000,DJ Stace,DJ Stace,This Is Lorelei,Holo Boy,Holo Boy,,
2026-04-16,1800-2000,DJ Stace,DJ Stace,This Is Lorelei & Waxahatchee,Where’s Your Love Now (Waxahatchee Version),Where’s Your Love Now (Waxahatchee Version),,
2026-04-16,1800-2000,DJ Stace,DJ Stace,Courtney Barnett feat. Waxahatchee,Site Unseen,Site Unseen,,
2026-04-16,1800-2000,DJ Stace,DJ Stace,Sluice,Zillow,Companion,Mtn Laurel Recording Co.,
2026-04-16,1800-2000,DJ Stace,DJ Stace,KZSU,Save the Frogs,PSA,,
2026-04-16,1800-2000,DJ Stace,DJ Stace,KZSU,SF Zoo,PSA,,
2026-04-16,1800-2000,DJ Stace,DJ Stace,KZSU,WNL,Promo,,
2026-04-16,1800-2000,DJ Stace,DJ Stace,Thee Oh Sees,Joro,Cara Maluco,,
2026-04-16,1800-2000,DJ Stace,DJ Stace,"Mandy, Indiana",Dodecahedron,URGH!!,,
2026-04-16,1800-2000,DJ Stace,DJ Stace,Kim Gordon,SUBCON,PLAY ME,,
2026-04-16,1800-2000,DJ Stace,DJ Stace,Angine de Poitrine,Mata Zyklek,Vol II,,
2026-04-16,1800-2000,DJ Stace,DJ Stace,Station ID,LID,Imaging,,
2026-04-16,1800-2000,DJ Stace,DJ Stace,Gelli Haha,Klouds Will Carry Me To Sleep,Klouds Will Carry Me To Sleep,,
2026-04-16,1800-2000,DJ Stace,DJ Stace,The Strokes,Going Shopping,Going Shopping,,
2026-04-16,1800-2000,DJ Stace,DJ Stace,Queens Of The Stone Age,I Sat By The Ocean,...Like Clockwork,Matador Records,
2026-04-16,1800-2000,DJ Stace,DJ Stace,Twisted Teens,Who Could It Be?,Blame the Clown,Jazz Life,
2026-04-16,1800-2000,DJ Stace,DJ Stace,Clash & Rankin Roger,Rock The Casbah (Ranking Roger),Rock The Casbah (Ranking Roger),,
2026-04-16,1800-2000,DJ Stace,DJ Stace,Spoon,Guess I'm Fallin In Love,Chateau Blues,,
2026-04-16,1800-2000,DJ Stace,DJ Stace,KZSU,ICRC,PSA,,
2026-04-16,1800-2000,DJ Stace,DJ Stace,KZSU,R Users,PSA,,
2026-04-16,1800-2000,DJ Stace,DJ Stace,KZSU,Zookeeper,Promo,,
2026-04-16,1800-2000,DJ Stace,DJ Stace,Royel Otis,Sweet Hallelujah,Sweet Hallelujah,,
2026-04-16,1800-2000,DJ Stace,DJ Stace,Kevin Morby,Badlands,Badlands,,
2026-04-16,1800-2000,DJ Stace,DJ Stace,Cut Worms,Shut In,Transmitter,Jagjaguwar,
2026-04-16,1800-2000,DJ Stace,DJ Stace,Throwing Muses,Counting Backwards,The Real Ramona,,
2026-04-16,1800-2000,DJ Stace,DJ Stace,Mitski,Where’s My Phone?,Nothing’s About To Happen To Me,Dead Oceans,
2026-04-16,1800-2000,DJ Stace,DJ Stace,"Meek, Buck",Gasoline,The Mirror,4AD,
2026-04-16,1800-2000,DJ Stace,DJ Stace,Sampa the Great,Can't Hold Us (Feat. Mwanje),Can't Hold Us (Feat. Mwanje),,
2026-04-16,1800-2000,DJ Stace,DJ Stace,Nightmares On Wax,Yasiin Bey & Mos Def,Bang Bien,,
2026-04-16,1800-2000,DJ Stace,DJ Stace,The The,Sweet Bird of Truth,Infected,,
2026-04-09,1800-2000,DJ Stace,DJ Stace,Mitski,Where’s My Phone?,Nothing’s About To Happen To Me,Dead Oceans,
2026-04-09,1800-2000,DJ Stace,DJ Stace,Geese,I See Myself In You,3D Country,Partisan Records,
2026-04-09,1800-2000,DJ Stace,DJ Stace,"Winter, Cameron",Nausicaa (Love Will Be Revealed),Heavy Metal,Partisan,
2026-04-09,1800-2000,DJ Stace,DJ Stace,Sluice,Beadie,Companion,Seasick Records,
2026-04-09,1800-2000,DJ Stace,DJ Stace,Daniele Luppi & Parquet Courts,Soul And Cigarette,Milano,30th Century Records/Columbia,
2026-04-09,1800-2000,DJ Stace,DJ Stace,Mr. Gnome,Mustangs,"Heart Of A Dark Star, The",El Marko Records,
2026-04-09,1800-2000,DJ Stace,DJ Stace,"Strokes, The",Going Shopping,Going Shopping,Rca Records (Modern),
2026-04-09,1800-2000,DJ Stace,DJ Stace,"Strokes, the",The Modern Age,The Modern Age,Rough Trade,
2026-04-09,1800-2000,DJ Stace,DJ Stace,Royel Otis,Oysters In My Pocket,Oysters In My Pocket,Ourness/House Anxiety,
2026-04-09,1800-2000,DJ Stace,DJ Stace,Royel Otis,Sweet Hallelujah,Sweet Hallelujah,self,
2026-04-09,1800-2000,DJ Stace,DJ Stace,Devo,Beautiful World,Pioneers Who Got Scalped,Rhino Records,
2026-04-09,1800-2000,DJ Stace,DJ Stace,Angine de Poitrine,Mata Zyklek,Vol.II,self,
2026-04-09,1800-2000,DJ Stace,DJ Stace,Les Rita Mitsouko,Cest Comme Ca,The No Comprendo,Virgin,
2026-04-09,1800-2000,DJ Stace,DJ Stace,Stereolab,Lo Boob Oscillator,Refried Ectoplasm,Duophonic Ultra High Fs,
2026-04-09,1800-2000,DJ Stace,DJ Stace,Stereolab,Flashes in the Afternoon,Cloud Land / Flashes In The Afternoon,Duophonic UHF Disks / Warp Records,
2026-04-09,1800-2000,DJ Stace,DJ Stace,"Mandy, Indiana",Dodecahedron,URGH!,Sacred Bones,
2026-04-09,1800-2000,DJ Stace,DJ Stace,"Waterhouse, Suki",Back In Love,Back In Love,Sub Pop Records,
2026-04-09,1800-2000,DJ Stace,DJ Stace,Sampa the Great,Can't Hold Us (feat Mwanje),Can't Hold Us (feat Mwanje),BMV EMPIRE /DAP-Z WORLD MUSIC,
2026-04-09,1800-2000,DJ Stace,DJ Stace,Geli Haha,Klouds Will Carry Me To Sleep,Klouds Will Carry Me To Sleep,Innovative Leisure,
2026-04-09,1800-2000,DJ Stace,DJ Stace,Caroline Rose,Jeannie Becomes A Mom,Loner,New West Records,
2026-04-09,1800-2000,DJ Stace,DJ Stace,Adam and the Ants,Never Trust a Man(With Egg O,Dirk Wears White Sox,Epic Records (Modern),
2026-04-09,1800-2000,DJ Stace,DJ Stace,Guided By Voices,Blimps Go 90,Alien Lanes,Matador Records,
2026-04-09,1800-2000,DJ Stace,DJ Stace,Siouxsie & The Banshees,Cities In Dust (Edit),Cities In Dust,Geffen Records,
2026-04-09,1800-2000,DJ Stace,DJ Stace,"Berringer, Matt",Blue Monday,Blue Monday,Concord Records,
2026-04-09,1800-2000,DJ Stace,DJ Stace,Throwing Muses,Counting Backwards,The Real Ramona,4AD,
2026-04-09,1800-2000,DJ Stace,DJ Stace,Daisy Chainsaw,Dog with Sharper Teeth,Eleventeen,A&M Records (Alternative),
2026-04-09,1800-2000,DJ Stace,DJ Stace,Twisted Teens,Peekaboo Hand,Blame the Clown,Jazz Life,
2026-04-09,1800-2000,DJ Stace,DJ Stace,Ezra Furman,What Can You Do But Rock N Roll - Radio Clean Edit,Twelve Nudes,Bella Union,
2026-03-26,1800-2005,DJ Stace,DJ Stace,Devo,Uncontrollable Urge,Pioneers Who Got Scalped,Rhino Records,
2026-03-26,1800-2005,DJ Stace,DJ Stace,Twisted Teens,Who Could It Be?,Blame the Clown,Chain Smoking,
2026-03-26,1800-2005,DJ Stace,DJ Stace,Toadies,The Charmer,The Charmer,Interscope Records (Modern),
2026-03-26,1800-2005,DJ Stace,DJ Stace,Queens of the Stone Age,How to Handle a Rope,Queens Of The Stone Age,Loosegroove Records,
2026-03-26,1800-2005,DJ Stace,DJ Stace,Queens of the Stone Age,Born to Hula,RX,Interscope Records,
2026-03-26,1800-2005,DJ Stace,DJ Stace,"Bjork, Brant",Toot,Jalamanta,Man's Ruin,
2026-03-26,1800-2005,DJ Stace,DJ Stace,"Homme, Joshua",All the Same,Dangerous Lives of Alter Boys (Soundtrack),,
2026-03-26,1800-2005,DJ Stace,DJ Stace,She Keeps Bees,Feather Lighter,Eight Houses,Ba Da Bing!,
2026-03-26,1800-2005,DJ Stace,DJ Stace,SAULT,Puppet,Chapter 1,Forever Living Originals,
2026-03-26,1800-2005,DJ Stace,DJ Stace,Annabelle Chairlegs,Above it All,Waking Up,TODO Records,
2026-03-26,1800-2005,DJ Stace,DJ Stace,"Pleasure Routine, The",Ruins (Live on KZSU),Wednesday Night Live,KZSU,
2026-03-26,1800-2005,DJ Stace,DJ Stace,"Barnett, Courtney",One Thing at a Time,Creature of Habit,Mom + Pop,
2026-03-26,1800-2005,DJ Stace,DJ Stace,Love And Rockets,All In My Mind,Express,Big Time,
2026-03-26,1800-2005,DJ Stace,DJ Stace,Bauhaus,She's In Parties,Singles: 1979-1983 Volume Two,Beggars Banquet,
2026-03-26,1800-2005,DJ Stace,DJ Stace,Tones on Tail,GO! (Club Mix),Everything!,Beggars Banquet,
2026-03-26,1800-2005,DJ Stace,DJ Stace,Screaming Females,Shake it Off,Singles,Famous Class Records,
2026-03-26,1800-2005,DJ Stace,DJ Stace,The Dirtbombs,Ode To A Black Man,Ultraglide In Black,In the Red Records,
2026-03-26,1800-2005,DJ Stace,DJ Stace,The Dirtbombs,Underdog,Ultraglide In Black,In the Red Records,
2026-03-26,1800-2005,DJ Stace,DJ Stace,Spoon,The Underdog,Ga Ga Ga Ga Ga,Merge Records,
2026-03-26,1800-2005,DJ Stace,DJ Stace,Ty Segall,My Lady's On Fire,Freedom's Goblin,Drag City,
2026-03-26,1800-2005,DJ Stace,DJ Stace,Low Cut Connie,Every Time You Turn Around,Dirty Pictures (Part 2),Contender Records,
2026-03-26,1800-2005,DJ Stace,DJ Stace,The Stone Roses,I Am The Resurrection,"Stone Roses, The",Silvertone Records Us,
2026-03-26,1800-2005,DJ Stace,DJ Stace,"Winter, Cameron",Nausicaa (Love Wil Be Revealed),Heavy Metal,Partisan Records,
2026-03-26,1800-2005,DJ Stace,DJ Stace,The Arcs,Put a Flower In Your Pocket,Yours Dreamily,Nonesuch Records,
2026-03-26,1800-2005,DJ Stace,DJ Stace,Twisted Teens,Peekaboo Hand,Blame the Clown,Chain Smoking,
2026-03-26,1800-2005,DJ Stace,DJ Stace,Fontaines D.C.,Chequeless Reckless,Singles,Partisan Records,
2026-03-26,1800-2005,DJ Stace,DJ Stace,Fontaines D.C.,Black Boys on Mopeds,Help(2),War Child Records,
2026-03-19,1800-1900,DJ Stace,DJ Stace,Geese,Islands of Men,Getting Killed,Partisan Records,
2026-03-19,1800-1900,DJ Stace,DJ Stace,The Toadies,The Charmer,The Charmer,Light In The Attic,
2026-03-19,1800-1900,DJ Stace,DJ Stace,Thee Shams,Never Did Nothing,Please Yourself,Fat Possum Records,
2026-03-19,1800-1900,DJ Stace,DJ Stace,Laughing Hyenas,Evreything I Want,Life Of Crime,Touch and Go,
2026-03-19,1800-1900,DJ Stace,DJ Stace,Viagra Boys,Man Made3 of Meat,viagr aboys,,
2026-03-19,1800-1900,DJ Stace,DJ Stace,Hanni El Khatib,We Pay No Mind,Head In The Dirt,Innovative Leisure Records,
2026-03-19,1800-1900,DJ Stace,DJ Stace,Twisted Teens,Peekaboo Hand,Blame the Clown,Chain Smoking Records,
2026-03-19,1800-1900,DJ Stace,DJ Stace,Low Cut Connie,Livin in the USA,Livin in the USA,Contender Records,
2026-03-19,1800-1900,DJ Stace,DJ Stace,Low Cut Connie,Revolution Rock&Roll,Dirty Pictures (Part 1),Contender Records,
2026-03-19,1800-1900,DJ Stace,DJ Stace,Spoon,Guess I'm Fallin In Love,Guess I'm Fallin In Love,Matador Records,
2026-03-19,1800-1900,DJ Stace,DJ Stace,Spoon,Held,Lucifer on the Sofa,Matador Records,
2026-03-19,1800-1900,DJ Stace,DJ Stace,Smog,Held,Knock Knock,Drag City,
2026-03-19,1800-1900,DJ Stace,DJ Stace,"Callahan, Bill",Stepping Out for Air,My Days of 58,Drag City,
2026-03-19,1800-1900,DJ Stace,DJ Stace,Twisted Teens,Who Could It Be,Blame the Clown,Chain Smoking Records,
2026-03-12,1800-2000,DJ Stace,DJ Stace,Dead Kennedys,California Uber Alles,Give Me Conveneince or Give Me Death,Alternative Tentacles Records,
2026-03-12,1800-2000,DJ Stace,DJ Stace,Twisted Teens,Peekaboo Hand,Blame the Clown,Jazz Life / Chain Smoking,
2026-03-12,1800-2000,DJ Stace,DJ Stace,Viagra Boys,The Bog Body,viagr aboys,Shrimptech Enterprises,
2026-03-12,1800-2000,DJ Stace,DJ Stace,Toadies,The Charmer,The Charmer,Spaceflight Records,
2026-03-12,1800-2000,DJ Stace,DJ Stace,Little Barrie,More Bad Miles of Road,More Bad Miles of Road,Concord Label Group,
2026-03-12,1800-2000,DJ Stace,DJ Stace,Fontaines DC,Black Boys On Mopeds,HELP(2),War Child Records,
2026-03-12,1800-2000,DJ Stace,DJ Stace,Cat Power,Nothing Compares 2 U,REDUX,Domino Recording Artists,
2026-03-12,1800-2000,DJ Stace,DJ Stace,Sinead O'connor,Just Like U Said It Would B,"Lion And The Cobra, The",Chrysalis Records Inc.,
2026-03-12,1800-2000,DJ Stace,DJ Stace,Galaxie 500,Ceremony,On Fire,Rykodisc,
2026-03-12,1800-2000,DJ Stace,DJ Stace,"Berringer, Matt",Blue Monday,Blue Monday,Amazon Music,
2026-03-12,1800-2000,DJ Stace,DJ Stace,New Order,Bizarre Love Triangle,Bizarre Love Triangle/State Of The Nation,Qwest,
2026-03-12,1800-2000,DJ Stace,DJ Stace,"Newbury, Mickey",Better Days,Better Days,Drag City,
2026-03-12,1800-2000,DJ Stace,DJ Stace,"Walker, Jerry Walker",Desperados Waiting for the Train,Viva Terlingua,MCA Nashville,
2026-03-12,1800-2000,DJ Stace,DJ Stace,Willie Nelson,Blue Eyes Crying in the Rain,Red Headed Stranger,Columbia Legacy,
2026-03-12,1800-2000,DJ Stace,DJ Stace,Waylon Jennings,"Luckenbach, Texas","Essential, The",Columbia Legacy,
2026-03-12,1800-2000,DJ Stace,DJ Stace,"Williams, Hank",I'll Never Get Out Of this World Alive,Alone & Forsaken,Polydor,
2026-03-12,1800-2000,DJ Stace,DJ Stace,Bill Callahan,What Comes After Certainty,Shepherd In A Sheepskin Vest,Drag City,
2026-03-12,1800-2000,DJ Stace,DJ Stace,Pink Floyd,Fearless,Meddle,Capitol Records,
2026-03-12,1800-2000,DJ Stace,DJ Stace,Pil,Ease,Public Image Ltd,Virgin Records Ltd,
2026-03-12,1800-2000,DJ Stace,DJ Stace,"Bird, Andrew",Blood,Borrow or Rob,Wegawam Music Co.,
2026-03-12,1800-2000,DJ Stace,DJ Stace,Low Cut Connie,Livin' In The USA,Livin' In The USA,Contender Records,
2026-03-12,1800-2000,DJ Stace,DJ Stace,"Barnett, Courtney",Site Unseen (feat Waxahatchee),Creature Of Habit:,Milk!,
2026-03-12,1800-2000,DJ Stace,DJ Stace,"Clyde, Cat",Man's World,Man's World,Concord Records,
2026-03-12,1800-2000,DJ Stace,DJ Stace,The Bubblemen,The Bubblemen Are Coming,"Bubblemen Are Coming!, The",Beggars Banquet,
2026-03-12,1800-2000,DJ Stace,DJ Stace,Annabelle Chairlegs,Ice Cream On The Beach,Wake Up,Drag City,
2026-03-12,1800-2000,DJ Stace,DJ Stace,Pogues,If I Should Fall From the Grace with God,Essential,Island Records (Modern),
2026-03-05,1800-2000,DJ Stace,DJ Stace,Twisted Teens,Peekaboo Hand,Blame the Clown,Turbo Disco,
2026-03-05,1800-2000,DJ Stace,DJ Stace,"Kweller, Ben",Oh Dorian (w/ MJ Lenderman),Cover the Mirrors,Noise Records,
2026-03-05,1800-2000,DJ Stace,DJ Stace,The Deslondes,Lawdy Mama,Don't Let It Die,New West Records,
2026-03-05,1800-2000,DJ Stace,DJ Stace,Low Cut Connie,Livin in the USA,Livin in the USA,Contender Redords,
2026-03-05,1800-2000,DJ Stace,DJ Stace,Andrew Bird,Capital I,Borrow or Rob,Wegawam Music Co.,
2026-03-05,1800-2000,DJ Stace,DJ Stace,Sampa the Great,Can't Hold Us (Feat Mwanje),Can't Hold Us (Feat Mwanje),,
2026-03-05,1800-2000,DJ Stace,DJ Stace,"Spencer, Jon Blues Explosion",Blue Green Olga,Acme,Matador Records,
2026-03-05,1800-2000,DJ Stace,DJ Stace,Panda Bear & Sonic Boom,Gettin’ To The Point,Reset,Domino Recording Company,
2026-03-05,1800-2000,DJ Stace,DJ Stace,Calibro 35,Exploration,Vitamin C,Nublu Records,
2026-03-05,1800-2000,DJ Stace,DJ Stace,Can,She Brings The Rain,Cannibalism I,Spoon Records,
2026-03-05,1800-2000,DJ Stace,DJ Stace,Stereolab,Flashes In The Afternoon,Cloud Land / Flashes In The Afternoon,Duophonic Ultra High Fs,
2026-03-05,1800-2000,DJ Stace,DJ Stace,"Meek, Buck",Gasoline,The Mirror,4AD,
2026-03-05,1800-2000,DJ Stace,DJ Stace,"Leblanc, Dylan",Look How Far We've Come,Cautionary Tale,Rough Trade Records,
2026-03-05,1800-2000,DJ Stace,DJ Stace,Little Barrie,More Bad Miles of Road,More Bad Miles of Road,Concord Label Group,
2026-03-05,1800-2000,DJ Stace,DJ Stace,"Tanega, Norma",You're Dead,Walkin' My Cat Named Dog,New Voice Records,
2026-03-05,1800-2000,DJ Stace,DJ Stace,Twisted Teens,Wild Connection,Blame the Clown,Turbo Disco,
2026-03-05,1800-2000,DJ Stace,DJ Stace,Toadies,The Charmer,The Charmer,Interscope Records (Modern),
2026-03-05,1800-2000,DJ Stace,DJ Stace,Guided By Voices,We Outlast Them All,We Outlast Them All,Gbv Records,
2026-03-05,1800-2000,DJ Stace,DJ Stace,Guided By Voices,Tractor Rape Chain,"Best Of, the",Matador Records,
2026-03-05,1800-2000,DJ Stace,DJ Stace,Dumb,Pull Me Up,Pray 4 Tomorrow,Mint Records Inc.,
2026-03-05,1800-2000,DJ Stace,DJ Stace,Annabelle Chairlegs,Ice Cream On The Beach,Waking Up,TODO,
2026-03-05,1800-2000,DJ Stace,DJ Stace,"Segall, Ty",Shoplifter,Possession,Drag City,
2026-03-05,1800-2000,DJ Stace,DJ Stace,IDLES,Beachland Ballroom,Crawler,Partisan,
2026-03-05,1800-2000,DJ Stace,DJ Stace,"Johnston, James",Cold Morning Light,The Starless Room,Clouds Hill,
2026-03-05,1800-2000,DJ Stace,DJ Stace,Gallon Drunk,Arlington Road,From the Heart of Town,Sire Records (Modern),
2026-03-05,1800-2000,DJ Stace,DJ Stace,The Black Angels,Young Men Dead,Passover,Light In The Attic Records,
2026-03-05,1800-2000,DJ Stace,DJ Stace,"Brian Jonestown Massacre, the",Anemone,Their Satanic Majesties' Second...,Tee Pee Records,
2026-03-05,1800-2000,DJ Stace,DJ Stace,Twisted Teens,Circus Clown,Blame the Clown,Turbo Disco,
2026-02-26,1800-1900,DJ Stace,DJ Stace,"Callahan, Bill",Stepping Out For Air,Stepping Out For Air,Drag City,
2026-02-26,1800-1900,DJ Stace,DJ Stace,Smog,Hit The Ground Running,Knock Knock,Drag City,
2026-02-26,1800-1900,DJ Stace,DJ Stace,Guided By Voices,Lucy's World,Lucy's World,Gbv Records,
2026-02-26,1800-1900,DJ Stace,DJ Stace,MJ Lenderman,She's Leaving You,Manning Fireworks,Anti-,
2026-02-26,1800-1900,DJ Stace,DJ Stace,Viagra Boys,Man Made of Meat,Viagr Aboys,Shrimptech Enterprises,
2026-02-26,1800-1900,DJ Stace,DJ Stace,Parquet Courts,Tenderness,Wide Awake!,Rough Trade Records,
2026-02-26,1800-1900,DJ Stace,DJ Stace,Annabelle Chairlegs,Sword Swallower,Waking Up,Drag City,
2026-02-26,1800-1900,DJ Stace,DJ Stace,Dry Cleaning,Joy,Secret Love,4AD,
2026-02-26,1800-1900,DJ Stace,DJ Stace,"Morby, Kevin",Javelin,Javelin,Dead Oceans,
2026-02-26,1800-1900,DJ Stace,DJ Stace,Sampa The Great Feat. Mwanjé,Can't Hold Us,Can't Hold Us,,
2026-02-26,1800-1900,DJ Stace,DJ Stace,Father John Misty,The Old Law,The Old Law,Sub Pop Records,
2026-02-26,1800-1900,DJ Stace,DJ Stace,IDLES,Rabbit Run,Caught Stealing (The Original Motion Picture Soundtrack),Partisan Records,
2026-02-26,1800-1900,DJ Stace,DJ Stace,Spoon,Guess I'm Fallin In Love,Chateau Blues,Matador Records,
2026-02-26,1800-1900,DJ Stace,DJ Stace,Cat Power,Try Me,Redux,Domino,
2026-02-19,1800-2000,DJ Stace,DJ Stace,Calibro 35,Vitamin C,Explo-Ration,Nublu Records,
2026-02-19,1800-2000,DJ Stace,DJ Stace,Stereolab,Cloud Land,Cloud Land / Flashes In The Afternoon,Duophonic Ultra High Fs,
2026-02-19,1800-2000,DJ Stace,DJ Stace,L’epée,Springfield,Diabolique,A Recordings,
2026-02-19,1800-2000,DJ Stace,DJ Stace,La Luz,News of the Universe (Extra! Extra! Version),Extra! Extra!,Sub Pop Records,
2026-02-19,1800-2000,DJ Stace,DJ Stace,Blondie,Rapture (Disco Mix),Autoamerican,Chrysalis Records Inc.,
2026-02-19,1800-2000,DJ Stace,DJ Stace,Lcd Soundsystem,Dance Yrself Clean,This Is Happening,Dfa Records,
2026-02-19,1800-2000,DJ Stace,DJ Stace,Sampa the Great,Can't Hold Us (feat Mwanje),Can't Hold Us (feat Mwanje),,
2026-02-19,1800-2000,DJ Stace,DJ Stace,PVA,Boyface,No More Like This,,
2026-02-19,1800-2000,DJ Stace,DJ Stace,Annabelle Chairlegs,Concrete Trees,Waking Up,Drag City,
2026-02-19,1800-2000,DJ Stace,DJ Stace,the Breeders,Cannonball,Cannonball,Elektra Records (Local),
2026-02-19,1800-2000,DJ Stace,DJ Stace,Ty Segall,Tall Man Skinny Lady,Manipulator,Drag City,
2026-02-19,1800-2000,DJ Stace,DJ Stace,Bodega,Boxes For The Move,Endless Scroll,What's Your Rupture?,
2026-02-19,1800-2000,DJ Stace,DJ Stace,Pavement,Summer Babe,Slanted and Enchanted,Matador Records,
2026-02-19,1800-2000,DJ Stace,DJ Stace,IDLES,Run Rabbit Run,Caught Stealing (The Original Motion Picture Soundtrack),Partisan Records,
2026-02-19,1800-2000,DJ Stace,DJ Stace,the Wedding Present,Corduroy,Seamonsters,First Warning,
2026-02-19,1800-2000,DJ Stace,DJ Stace,"Berringer, Matt",Blue Monday,Blue Monday,,
2026-02-19,1800-2000,DJ Stace,DJ Stace,T Rex,20Th Century Boy,Cd Sampler of Essential Coll.,(Unknown),
2026-02-19,1800-2000,DJ Stace,DJ Stace,the Walkmen,We've Been Had,Everyone Who Pretended to Like,Star Time,
2026-02-19,1800-2000,DJ Stace,DJ Stace,"Winter, Cameron",Nausicaä (Love Will Be Revealed),Heavy Metal,,
2026-02-19,1800-2000,DJ Stace,DJ Stace,Geese,Islands of Men,Getting Killed,Partisan Records,
2026-02-19,1800-2000,DJ Stace,DJ Stace,the Beta Band,Dry the Rain,"Three E.P.'s, the",Emi Records,
2026-02-19,1800-2000,DJ Stace,DJ Stace,MJ Lenderman,Manning Fireworks,Manning Fireworks,Anti-,
2026-02-19,1800-2000,DJ Stace,DJ Stace,Built To Spill,Good Ol' Boredom,There Is No Enemy,Warner Bros. Records,
2026-02-19,1800-2000,DJ Stace,DJ Stace,"Callahan, Bill",Stepping Out for Air,Stepping Out for Air,Drag City,
2026-02-12,1800-1905,DJ Stace,DJ Stace,Mule,To Love Somebody,I'm Hell,Stick Records,
2026-02-12,1800-1905,DJ Stace,DJ Stace,the White Stripes,Fell in Love with a Girl,White Blood Cells,Sympathy For The Record Industry,
2026-02-12,1800-1905,DJ Stace,DJ Stace,Geese,I See Myself,3D Country,Partisan,
2026-02-12,1800-1905,DJ Stace,DJ Stace,Eagles Of Death Metal,San Berdoo Sunburn,Peace Love Death Metal,AntAcidAudio,
2026-02-12,1800-1905,DJ Stace,DJ Stace,Yeah Yeah Yeahs,Maps,Fever to Tell,Interscope Records,
2026-02-12,1800-1905,DJ Stace,DJ Stace,the Black Keys,Girl Is on My Mind,Rubber Factory,Fat Possum Records,
2026-02-12,1800-1905,DJ Stace,DJ Stace,"Bedouine, Hurray For The Riff Raff & Waxahatchee",Thirteen,Thirteen,Spacebomb,
2026-02-12,1800-1905,DJ Stace,DJ Stace,Father John Misty,Disappointing Diamonds Are The Rarest Of Them All,God's Favorite Customer,Sub Pop Records,
2026-02-12,1800-1905,DJ Stace,DJ Stace,The Dirtbombs,Do You See My Love (For You Growing),Ultraglide In Black,In the Red Records,
2026-02-12,1800-1905,DJ Stace,DJ Stace,Death Cab For Cutie,I Will Follow You Into The Dark,Plans,Atlantic Records (Modern),
2026-02-12,1800-1905,DJ Stace,DJ Stace,St Vincent,Never Tear Us Apart,INXS-KICK,Beck Record Club,
2026-02-12,1800-1905,DJ Stace,DJ Stace,"Callahan, Bill",What Comes After Certainty,Shepherd in a Sheepskin Vest,Drag City,
2026-02-12,1800-1905,DJ Stace,DJ Stace,Willie Nelson,I'd Have To Be Crazy,Greatest Hits (& Some That Will Be),Columbia Records,
2026-02-12,1800-1905,DJ Stace,DJ Stace,Nick Cave & The Bad Seeds,The Ship Song,"Good Son, The",Mute Records Ltd,
2026-02-12,1800-1905,DJ Stace,DJ Stace,Beck,True Love Will Find You In The End,Everybody's Gotta Learn Sometime,Self-Release,
2026-01-29,1900-2000,DJ Stace,DJ Stace,Bruce Springsteen,Streets on Minneapolis,Streets on Minneapolis,Sony Music,
2026-01-29,1900-2000,DJ Stace,DJ Stace,Bob Dylan,Masters Of War,"Freewheelin' Bob Dylan, The",Columbia,
2026-01-29,1900-2000,DJ Stace,DJ Stace,Father John Misty,Trump's Private Pilot,Too Dumb for Suicide: Tim Heidecker’s Trump Songs,Sub Pop Records,
2026-01-29,1900-2000,DJ Stace,DJ Stace,SAULT,Wildfires,Untitled (Black Is),,
2026-01-29,1900-2000,DJ Stace,DJ Stace,Mountain Goats,This Year,Dilaudid,,
2026-01-29,1900-2000,DJ Stace,DJ Stace,Firewater,Another Perfect Catastrophe,"Ponzi Scheme, the",Jetset Records,
2026-01-29,1900-2000,DJ Stace,DJ Stace,Cop Shoot Cop,$10 Bill,Ask Questions Later,Interscope Records (Modern),
2026-01-29,1900-2000,DJ Stace,DJ Stace,Foetus Interruptus,Hauss-on-fah,Thaw,,
2026-01-29,1900-2000,DJ Stace,DJ Stace,Mule,To Love Somebody,I'm Hell,Stick Records,
2026-01-29,1900-2000,DJ Stace,DJ Stace,Sampa the Great,Can't Hold Us,Can't Hold Us,,
2026-01-29,1900-2000,DJ Stace,DJ Stace,The Smiths,London,Louder Than Bombs,Sire Records,
2026-01-29,1900-2000,DJ Stace,DJ Stace,Gallon Drunk,Arlington Road,From the Heart of Town,Sire Records (Modern),
2026-01-29,1900-2000,DJ Stace,DJ Stace,Soft Play (SLAVES),Are You Satisfied?,Are You Satisfied?,,
2026-01-29,1900-2000,DJ Stace,DJ Stace,Devo,Beautiful World,Greatest Hits,Warner Bros. Records,
2026-01-22,1800-2000,DJ Stace,DJ Stace,Fontaines D.C.,Chequeless Reckless,Dogrel,Partisan Records,
2026-01-22,1800-2000,DJ Stace,DJ Stace,IDLES,Run Rabbit Run (Interpol Mix),Run Rabbit Run (Interpol Mix),Partisan Records,
2026-01-22,1800-2000,DJ Stace,DJ Stace,Steel Beans,Molotov Cocktail Lounge,Steel Beans,Salmonella Records,
2026-01-22,1800-2000,DJ Stace,DJ Stace,Guided By Voices,Lucy's World,Lucy's World,GBV Records,
2026-01-22,1800-2000,DJ Stace,DJ Stace,Guided By Voices,Bulldog Skin,"Best Of, the",Matador Records,
2026-01-22,1800-2000,DJ Stace,DJ Stace,Sharp Pins,(I Wanna) Be Your Girl,Balloon Balloon Balloon,,
2026-01-22,1800-2000,DJ Stace,DJ Stace,"Callahan, Bill",Stepping Out For Air,My Days of 58,Drag City,
2026-01-22,1800-2000,DJ Stace,DJ Stace,"Vedder, Eddie",Save It For Later,Save It For Later,V2 Music Limited,
2026-01-22,1800-2000,DJ Stace,DJ Stace,Tim Buckley,Song To The Siren,Starsailor,Warner Bros. Records,
2026-01-22,1800-2000,DJ Stace,DJ Stace,Jim Jarmusch and Anika,These Days,Father Mother Sister Brother (Original Music From The Film),Sacred Bones Records,
2026-01-22,1800-2000,DJ Stace,DJ Stace,Cat Power,Try Me,Redux,Matador Records,
2026-01-22,1800-2000,DJ Stace,DJ Stace,Sampa the Great,Can't Hold Us [Feat. Mwanjé],Can't Hold Us,,
2026-01-22,1800-2000,DJ Stace,DJ Stace,Nightmares on Wax,Bang Bien Featuring – Yasiin Bey,Echo45 Sound System,Warp Records,
2026-01-22,1800-2000,DJ Stace,DJ Stace,Parliament,Big Footin',Chocolate City,,
2026-01-22,1800-2000,DJ Stace,DJ Stace,SAULT,Puppet,Chapter 1,Forever Living Originals,
2026-01-22,1800-2000,DJ Stace,DJ Stace,Goat & MC Yallah,Nimerudi,Nimerudi (Single),Rocket Recordings,
2026-01-22,1800-2000,DJ Stace,DJ Stace,Stereolab,Melodie Is a Wound,Instant Holograms On Metal Film,Duophonic Ultra High Fs,
2026-01-22,1800-2000,DJ Stace,DJ Stace,"Berringer, Matt",Blue Monday,Blue Monday,,
2026-01-22,1800-2000,DJ Stace,DJ Stace,Sneaker pimps,The Chauffer,Meli-Melo,,
2026-01-22,1800-2000,DJ Stace,DJ Stace,Devotchka,Venus In Furs,Curse Your Little Heart,Ace Fu Records,
2026-01-22,1800-2000,DJ Stace,DJ Stace,"Lenderman, MJ",Just Be Simple,Just Be Simple / Leave the City,Anti-,
2026-01-22,1800-2000,DJ Stace,DJ Stace,Father John Misty,Suburbs,Suburbs,CBC,
2026-01-22,1800-2000,DJ Stace,DJ Stace,Waxahatchee,Right Bck To It (with MJ Lenderman),Tiger's Blood,Merge Records,
2026-01-22,1800-2000,DJ Stace,DJ Stace,Spoon,Guess I'm Falling in Love,Guess I'm Falling in Love,Matador Records,
2026-01-22,1800-2000,DJ Stace,DJ Stace,Songs: Ohia,Farewell Transmission,Magnolia Electric Co.,Secretly Canadian,
2026-01-15,1800-2000,DJ Stace,DJ Stace,Grifters,Bronze Cast,Crappin' You Negative,Shangri-La Records,
2026-01-15,1800-2000,DJ Stace,DJ Stace,the Lee Harvey Oswald Band,Getting Wasted with the Vamp,A Taste of Prison,Touch and Go,
2026-01-15,1800-2000,DJ Stace,DJ Stace,Nightmares On Wax,Bang Bien feat. Yasiin Bey,Echo45 Sound System,Warp Records,
2026-01-15,1800-2000,DJ Stace,DJ Stace,DAM,Prozac,Ben Haana Wa Maana,Cooking Vinyl,
2026-01-15,1800-2000,DJ Stace,DJ Stace,Goat & MC Yallah,Nimerudi,Nimerudi,Rocket Recordings,
2026-01-15,1800-2000,DJ Stace,DJ Stace,Sault,Puppet,Chapter 1,Forever Living Originals,
2026-01-15,1800-2000,DJ Stace,DJ Stace,Depeche Mode,Stripped,Black Celebration,Sire Records (Modern),
2026-01-15,1800-2000,DJ Stace,DJ Stace,Kae Tempest,Statue in the Square,Self Titled,Island Records,
2026-01-15,1800-2000,DJ Stace,DJ Stace,Sampa the Great,Can't Hold Us,Can't Hold Us,Loma Vista Recordings,
2026-01-15,1800-2000,DJ Stace,DJ Stace,IDLES,Rabbit Run (Interpol Remix),Caught Stealing Remixes,,
2026-01-15,1800-2000,DJ Stace,DJ Stace,IDLES,The Beachland Ballroom,CRAWLER,Partisan Records,
2026-01-15,1800-2000,DJ Stace,DJ Stace,Viagra Boys,Man Made of Meat,viagr aboys,,
2026-01-15,1800-2000,DJ Stace,DJ Stace,Steel Beans,Gunsmoke & Mirrors,Steel Beans,Salmonella Records,
2026-01-15,1800-2000,DJ Stace,DJ Stace,Bodega,Rot in Helvetica,Rot in Helvetica,,
2026-01-15,1800-2000,DJ Stace,DJ Stace,This is Lorelei,Holo Boy,Holo Boy,,
2026-01-15,1800-2000,DJ Stace,DJ Stace,"Winter, Cameron",Nausicaa (Love will be revealed),Heavy Metal,,
2026-01-15,1800-2000,DJ Stace,DJ Stace,Geese,100 Horses,Getting Killed,Partisan Records,
2026-01-15,1800-2000,DJ Stace,DJ Stace,Dry Cleaning,Cruise Ship Designer,Secret Love,4AD,
2026-01-15,1800-2000,DJ Stace,DJ Stace,Brian Jonestown Massacre,Anemone,Their Satanic MajestiesSecond...,Tee Pee Records,
2026-01-15,1800-2000,DJ Stace,DJ Stace,Sheldrake Cosmo,I stitched My Mind...,Eye to the Ear,,
2026-01-15,1800-2000,DJ Stace,DJ Stace,Stereolab,Aerial Troubles,Instant Holograms On Metal Film,Duophonic Ultra High Fs,
2026-01-15,1800-2000,DJ Stace,DJ Stace,Sharp Pins,(I Wanna) Be Your Girl,Balloon Balloon Balloon,K Records,
2026-01-15,1800-2000,DJ Stace,DJ Stace,Foxygen,San Francisco,We Are The 21st Century Ambassadors Of Peace & Magic,Jagjaguwar,
2026-01-15,1800-2000,DJ Stace,DJ Stace,Anna Erhard,Not Rick,Botanical Garden,Radicalis Music,
2026-01-15,1800-2000,DJ Stace,DJ Stace,Father John Misty,The Old Law,The Old Law,Sub Pop Records,
2026-01-15,1800-2000,DJ Stace,DJ Stace,MJ Lenderman,Manning Fireworks,Manning Fireworks,Anti-,
2026-01-15,1800-2000,DJ Stace,DJ Stace,Fontaines D.C.,Chequeless Reckless,Dogrel,Partisan Records,
2026-01-15,1800-2000,DJ Stace,DJ Stace,Father John Misty,Trump's Private Pilot,Trump's Private Pilot,Sub Pop Records,
2024-06-26,1600-1800,DJ Stace,DJ Stace,Mr Gnome,Nothing and Everything,A Sliver of Space,El Marko,
2024-06-26,1600-1800,DJ Stace,DJ Stace,Mr. Gnome,Midnight Sun,Midnight Sun,El Marko Records,
2024-06-26,1600-1800,DJ Stace,DJ Stace,J.R.C.G.,Dogear,Grim Iconic...(Sadistic Mantra),SUB POP,
2024-06-26,1600-1800,DJ Stace,DJ Stace,LCD Soundsystem / Franz Ferdinand,All My Friends (Franz Ferdinand Version),A Bunch of Stuff EP,Columbia Records,
2024-06-26,1600-1800,DJ Stace,DJ Stace,"Cale, John",How We See the Light,POPtical Illusion,Domino,
2024-06-26,1600-1800,DJ Stace,DJ Stace,English Teacher,The World's Biggest Paving Slab,This Could Be Texas,Island Records,
2024-06-26,1600-1800,DJ Stace,DJ Stace,"Lenderman, MJ",She's Leaving You,She's Leaving You,ANTI‐,
2024-06-26,1600-1800,DJ Stace,DJ Stace,IAN SWEET  &  Porridge Radio,Everyone's A Superstar,Everyone's A Superstar,Polyvinyl Records,
2024-06-26,1600-1800,DJ Stace,DJ Stace,Girl and Girl,Call a Doctor,Call a Doctor,SUB POP,
2024-06-26,1600-1800,DJ Stace,DJ Stace,Royel Otis,Glory to Glory,PRATTS & PAIN,Ourness,
2024-06-26,1600-1800,DJ Stace,DJ Stace,"Gabriel, Rui",If You Want It,Compassion,Carpark Records,
2024-06-26,1600-1800,DJ Stace,DJ Stace,Autobahns,Tellin' Ya!,FIRST LP!,Feral Kid Records,
2024-06-26,1600-1800,DJ Stace,DJ Stace,Omni,Plastic Pyramid,Souvenir,SUB POP,
2024-06-26,1600-1800,DJ Stace,DJ Stace,Gustaf,Starting and Staring,Package Pt. 2,Royal Mountain Records,
2024-06-26,1600-1800,DJ Stace,DJ Stace,Heartworms,Jacked,Jacked,Speedy Wunderground,
2024-06-26,1600-1800,DJ Stace,DJ Stace,Guided By Voices,Fictional Environment Dream,Fictional Environment Dream,GBV,
2024-06-26,1600-1800,DJ Stace,DJ Stace,Man Man,Cryptoad,Carrot On Strings,Sub Pop,
2024-06-26,1600-1800,DJ Stace,DJ Stace,"Jesus Lizard, the",Hide & Seek,Hide & Seek,Capitol Records Inc.,
2024-06-26,1600-1800,DJ Stace,DJ Stace,Nebula,Eye of the Storm,Eye of the Storm,FSOE,
2024-06-26,1600-1800,DJ Stace,DJ Stace,Nebula,I Need Somebody,To the Center,SUB POP,
2024-06-26,1600-1800,DJ Stace,DJ Stace,Butthole Surfers,I Saw an X-Ray of a Girl Passing Gas (2024 Remaster),Hairway To Steven (2024 Remaster),Touch & Go,
2024-06-26,1600-1800,DJ Stace,DJ Stace,This Is Lorelei,"Box for Buddy, Box for Star","Box for Buddy, Box for Star",Double Double Whammy,
2024-06-26,1600-1800,DJ Stace,DJ Stace,La Luz,Strange World,News of the Universe,SUB POP,
2024-06-26,1600-1800,DJ Stace,DJ Stace,Chime School,Give Your Heart Away,The Boy Who Ran The Paisley Hotel,Slumberland Records,
2024-06-26,1600-1800,DJ Stace,DJ Stace,Lhasa de Sela  &  Yves Desrosiers,El Cosechero,El Cosechero,(SME Canada) Audiogram,
2024-06-26,1600-1800,DJ Stace,DJ Stace,"Sola, Vera",Bad Idea,Peacemaker,City Slang,
2024-06-19,1600-1800,DJ Stace,DJ Stace,The Tallest Man On Earth,King Of Spain,"Wild Hunt, The",Dead Oceans,
2024-06-19,1600-1800,DJ Stace,DJ Stace,Pedro the Lion,Spend Time,Santa Cruz,Polyvinyl Record Co.,
2024-06-19,1600-1800,DJ Stace,DJ Stace,Spoon,The Underdog,Ga Ga Ga Ga Ga,Merge Records,
2024-06-19,1600-1800,DJ Stace,DJ Stace,The Dirtbombs,Underdog,Ultraglide In Black,In the Red Records,
2024-06-19,1600-1800,DJ Stace,DJ Stace,"Waterhouse, Suki",My Fun,My Fun,Sub Pop,
2024-06-19,1600-1800,DJ Stace,DJ Stace,"Bowie, David",Ziggy Stardust,Rock & Roll Star!,Parlophone,
2024-06-19,1600-1800,DJ Stace,DJ Stace,Bauhaus,The Man with the X-Ray Eyes,Mask,Beggars Banquet,
2024-06-19,1600-1800,DJ Stace,DJ Stace,Fontaines D.C.,Favourite,Favourite,XL Recordings,
2024-06-19,1600-1800,DJ Stace,DJ Stace,Beirut,Gibraltar,No No No,4AD,
2024-06-19,1600-1800,DJ Stace,DJ Stace,Iron & Wine,"Sodom, South Georgia",Our Endless Numbered Days,Sub Pop Records,
2024-06-19,1600-1800,DJ Stace,DJ Stace,Iron & Wine,Love Vigilantes,Around The Well,Sub Pop Records,
2024-06-19,1600-1800,DJ Stace,DJ Stace,Nell Smith & The Flaming Lips,The Ship Song,Where The Viaduct Looms,Bella Union,
2024-06-19,1600-1800,DJ Stace,DJ Stace,Grifters,Bronze Cast,Crappin' You Negative,Shangri-La Records,
2024-06-19,1600-1800,DJ Stace,DJ Stace,"Sheldrake, Cosmo",Interdimensional,Eye To The Ear,Tardigrade Records,
2024-06-19,1600-1800,DJ Stace,DJ Stace,"Sheldrake, Cosmo",More Than a Mountain,Eye To The Ear,Tardigrade Records,
2024-06-19,1600-1800,DJ Stace,DJ Stace,Girl and GIrl,Suffocate,Call a Doctor,Matador,
2024-06-19,1600-1800,DJ Stace,DJ Stace,"Erhard, Anna",Campsite,Campsite,Radicalis,
2024-06-19,1600-1800,DJ Stace,DJ Stace,"Erhard, Anna",Spa,Spa,Radicalis,
2024-06-19,1600-1800,DJ Stace,DJ Stace,This Is Lorelei,"Box for Buddy, Box for Star","Box for Buddy, Box for Star",Double Double Whammy,
2024-06-19,1600-1800,DJ Stace,DJ Stace,Vampire Weekend,Capricorn,Only God Was Above Us,Columbia Records,
2024-06-19,1600-1800,DJ Stace,DJ Stace,La Luz,Strange World,News of the Universe,SUB POP,
2024-06-19,1600-1800,DJ Stace,DJ Stace,Bodega,Cultural Consumer III,Our Brand Could Be YR Life,Chrysalis Records,
2024-06-19,1600-1800,DJ Stace,DJ Stace,Spoon,Lines In The Suit,Girls Can Tell,Merge Records,
2024-06-19,1600-1800,DJ Stace,DJ Stace,Elbow,The Picture,AUDIO VERTIGO,Polydor Records,
2024-06-19,1600-1800,DJ Stace,DJ Stace,"Walston, J. Roddy & The Business",Same Days,Essential Tremors,Ato Records,
2024-06-19,1600-1800,DJ Stace,DJ Stace,Royel Otis,Daisy Chain,PRATTS & PAIN,OURNESS,
2024-06-19,1600-1800,DJ Stace,DJ Stace,Mark Lanegan,Hit the City,Bubblegum,Beggars Banquet,
2024-06-19,1600-1800,DJ Stace,DJ Stace,"Sola, Vera",Bad Idea,Peacemaker,Drag City Records,
2024-06-19,1600-1800,DJ Stace,DJ Stace,"Pratt, Jessica",The Last Year,The Last Year,Drag City,
2024-06-19,1600-1800,DJ Stace,DJ Stace,"Guy, Buddy",Baby Please Don't Leave Me,Sweet Tea,Silvertone,
2024-06-12,1700-1800,DJ Stace,DJ Stace,"Jesus Lizard, the",Hide & Seek,Hide & Seek,Capitol Records Inc.,
2024-06-12,1700-1800,DJ Stace,DJ Stace,Shellac,I Don't Fear Hell,To All Trains,Touch and Go,
2024-06-12,1700-1800,DJ Stace,DJ Stace,Guided By Voices,Fictional Environment Dream,Fictional Environment Dream,GBV,
2024-06-12,1700-1800,DJ Stace,DJ Stace,Pedro The Lion,Spend Time,Santa Cruz,Polyvinyl Record Co.,
2024-06-12,1700-1800,DJ Stace,DJ Stace,"Bowie, David",I Can't Explain (Trident Studios Version),I Can't Explain (Trident Studios Version),Parlophone Records,
2024-06-12,1700-1800,DJ Stace,DJ Stace,Bodega,Cultural Consumer III,Out Brand Could Be YR Life,What's Your Rupture?,
2024-06-12,1700-1800,DJ Stace,DJ Stace,Girl and Girl,Suffocate,Call a Doctor,Matador,
2024-06-12,1700-1800,DJ Stace,DJ Stace,Royel Otis,Daisy Chain,PRATTS & PAIN,OURNESS,
2024-06-12,1700-1800,DJ Stace,DJ Stace,La Luz,Strange World,News of the Universe,SubPop,
2024-06-12,1700-1800,DJ Stace,DJ Stace,Iron & Wine,All In Good Time (Feat. Fiona Apple) (Clean Edit),Light Verse,Sub Pop Records,
2024-06-12,1700-1800,DJ Stace,DJ Stace,RJD2,Catch The Exit Door,Catch The Exit Door,Def Jux,
2024-06-12,1700-1800,DJ Stace,DJ Stace,"Sheldrake, Cosmo",Interdimensional,Eye to the Ear,Tardigrade Records,
2024-06-12,1700-1800,DJ Stace,DJ Stace,Vampire Weekend,Prep-School Gangsters,Only God Was Above Us,Columbia Records,
2024-06-12,1700-1800,DJ Stace,DJ Stace,"Erhard, Anna",Spa,Spa,Radicalis Records,
2024-06-12,1700-1800,DJ Stace,DJ Stace,"Pratt, Jessica",The Last year,Here In the Pitch,Drag City,
2024-05-22,1600-1730,DJ Stace,DJ Stace,My Bloody Valentine,Only Shallow,Loveless,Creation Records Limited,
2024-05-22,1600-1730,DJ Stace,DJ Stace,Spiritualized,Shine a Light,Lazer Guided Melodies,Bmg Distribution,
2024-05-22,1600-1730,DJ Stace,DJ Stace,The Who,The Seeker,Meaty Beaty Big And Bouncy,Mca Records,
2024-05-22,1600-1730,DJ Stace,DJ Stace,Shellac,I Don't Fear Hell,To All Trains,Touch and Go,
2024-05-22,1600-1730,DJ Stace,DJ Stace,Royel Otis,Oysters In My Pocket,Oysters In My Pocket,Ourness,
2024-05-22,1600-1730,DJ Stace,DJ Stace,The Jam,In The City,In The City,Polydor,
2024-05-22,1600-1730,DJ Stace,DJ Stace,Ducks Ltd.,Train Full of Gasoline,Harm's Way,Carpark Records,
2024-05-22,1600-1730,DJ Stace,DJ Stace,Bodega,Stain Gaze,Out Brand Could Be YR Life,What's Your Rupture?,
2024-05-22,1600-1730,DJ Stace,DJ Stace,Squirrel Nut Zippers,Lover's Lane,"Inevitable, the",Mammoth Records,
2024-05-22,1600-1730,DJ Stace,DJ Stace,Dehd,Mood RIng,Poetry,Fat Possum,
2024-05-22,1600-1730,DJ Stace,DJ Stace,Pedro the Lion,Spend Time,Santa Cruz,Polyvinyl Record Co.,
2024-05-22,1600-1730,DJ Stace,DJ Stace,"Sheldrake, Cosmo",Interdimensional,Interdimensional,Tardigrade Records,
2024-05-22,1600-1730,DJ Stace,DJ Stace,Cindy Lee,Dallas,Diamond Jubilee,Geocities,
2024-05-22,1600-1730,DJ Stace,DJ Stace,Marvin Gaye,Mercy Mercy Me (The Ecology),What's Going On,Motown Records,
2024-05-22,1600-1730,DJ Stace,DJ Stace,Still Corners,Today Is the Day,Dream Talk,Sub Pop Records,
2024-05-22,1600-1730,DJ Stace,DJ Stace,Vampire Weekend,Prep-School Gangsters,Only God Was Above Us,Columbia Records,
2024-05-22,1600-1730,DJ Stace,DJ Stace,GIrl and Girl,Hello,Call a Doctor,Matador Records,
2024-05-22,1600-1730,DJ Stace,DJ Stace,Guided By Voices,Caveman Running Naked,Caveman Running Naked,Guided By Voices,
2024-05-22,1600-1730,DJ Stace,DJ Stace,"Pratt, Jessica",The Last Year,The Last Year,Drag City,
2024-05-22,1600-1730,DJ Stace,DJ Stace,"Sola, Vera",Bad Idea,Peacemaker,City Slang,
2024-05-22,1600-1730,DJ Stace,DJ Stace,"Dylan, Bob",The Lonesome Death of Hattie Carroll,The Times They Are a Changin',COLUMBIA,
2024-05-15,1600-1800,DJ Stace,DJ Stace,The Modern Lovers,Roadrunner,"Modern Lovers, The",Beserkley,
2024-05-15,1600-1800,DJ Stace,DJ Stace,Bodega,Stain Gaze,Our Brand Could Be YR Life,What's Your Rupture?,
2024-05-15,1600-1800,DJ Stace,DJ Stace,Devo,Girl U Want,Freedom Of Choice,Warner Bros. Records,
2024-05-15,1600-1800,DJ Stace,DJ Stace,Ac/Dc,It's a Long Way to the Top,High Voltage,Epic Records,
2024-05-15,1600-1800,DJ Stace,DJ Stace,The Clash,Know Your Rights,Combat Rock,Epic Records,
2024-05-15,1600-1800,DJ Stace,DJ Stace,Dehd,Mood Ring,Poetry,Fat Possum Records,
2024-05-15,1600-1800,DJ Stace,DJ Stace,Wreckless Eric,Whole Wide World,Stranger Than Fiction,Columbia Records (College Radio),
2024-05-15,1600-1800,DJ Stace,DJ Stace,Pedro The Lion,Spend Time,Santa Cruz,Polyvinyl Record Co.,
2024-05-15,1600-1800,DJ Stace,DJ Stace,Unkle,Burn My Shadow (feat Ian Astbury),War Stories,Mo Wax,
2024-05-15,1600-1800,DJ Stace,DJ Stace,Unkle,Restless (feat. Josh Homme),War Stories,Mo Wax,
2024-05-15,1600-1800,DJ Stace,DJ Stace,Kraftwerk,The Model,"Machine/Computer World, The",Elektra Classics,
2024-05-15,1600-1800,DJ Stace,DJ Stace,Tindersticks,Seaweed,Tindersticks,Polygram Records (Modern),
2024-05-15,1600-1800,DJ Stace,DJ Stace,"Pratt, Jessica",The Last Year,The Last Year,Drag City,
2024-05-15,1600-1800,DJ Stace,DJ Stace,"Sheldrake, Cosmo",Interdimensional,Interdimensional,Tardigrade Records,
2024-05-15,1600-1800,DJ Stace,DJ Stace,Cindy Lee,Dallas,DIamond Jubilee,Geocities,
2024-05-15,1600-1800,DJ Stace,DJ Stace,"Auerbach, Dan",Trouble Weighs a Ton,Keep It Hid,Easy Eye Sound,
2024-05-15,1600-1800,DJ Stace,DJ Stace,Still Corners,Today is the Day,Dream Talk,Wrecking Light Records,
2024-05-15,1600-1800,DJ Stace,DJ Stace,Vampire Weekend,Capricorn,Only God Was Above Us,Columbia Records,
2024-05-15,1600-1800,DJ Stace,DJ Stace,Real Estate,Water Underground,Daniel,Domino Recording Company,
2024-05-15,1600-1800,DJ Stace,DJ Stace,Girl and Girl,Hello,Call a Doctor,Matador,
2024-05-15,1600-1800,DJ Stace,DJ Stace,"Erhard, Anna",Botanical Garden,Botanical Garden,Radicalis Music Gmbh,
2024-05-15,1600-1800,DJ Stace,DJ Stace,Guided By Voices,Caveman Running Naked,Caveman Running Naked,Guided By Voices,
2024-05-15,1600-1800,DJ Stace,DJ Stace,Devo,Gates Of Steel,Freedom Of Choice,Warner Bros. Records,
2024-05-15,1600-1800,DJ Stace,DJ Stace,Waxahatchee,Tiger's Blood,Tiger's Blood,Merge Records,
2024-05-15,1600-1800,DJ Stace,DJ Stace,"Sola, Vera",Bad Idea,Peacemaker,City Slang,
2024-05-15,1600-1800,DJ Stace,DJ Stace,"Karen, Dalton",Something On Your Mind,In My Own Time,Paramount Records,
2024-05-15,1600-1800,DJ Stace,DJ Stace,Iron & Wine,Love Vigilantes,Around The Well,Sub Pop Records,
2024-05-15,1600-1800,DJ Stace,DJ Stace,Willie Nelson,Time of the Preacher,Red Headed Stranger,Columbia Legacy,
2024-05-15,1600-1800,DJ Stace,DJ Stace,Willie Nelson,Hands on the Wheel,Red Headed Stranger,Columbia Legacy,
2024-05-15,1600-1800,DJ Stace,DJ Stace,Willie Nelson,Red Headed Stranger,Red Headed Stranger,Columbia Legacy,
2024-05-15,1600-1800,DJ Stace,DJ Stace,Sin Ropas,Tripped On Your Cape / You'll Take the Knife Out,Three Cherries,Perishable,
2024-05-08,1600-1800,DJ Stace,DJ Stace,Songs: Ohia,Farewell Transmission,Magnolia Electric Co. [10th Anniversary Reissue],Secretly Canadian,
2024-05-08,1600-1800,DJ Stace,DJ Stace,Dirty Three,Deep Waters,Ocean Songs,Touch and Go,
2024-05-08,1600-1800,DJ Stace,DJ Stace,Low,Dinosaur Act,Things We Lost In The Fire,Kranky,
2024-05-08,1600-1800,DJ Stace,DJ Stace,Low,Sunflower,Things We Lost In The Fire,Kranky,
2024-05-08,1600-1800,DJ Stace,DJ Stace,Bedhead,Parade,Transaction De Novo,Trance Syndicate Records,
2024-05-08,1600-1800,DJ Stace,DJ Stace,Nina Nastasia,I Say that I Will Go,Run to Ruin,Touch and Go,
2024-05-08,1600-1800,DJ Stace,DJ Stace,the Breeders,Happiness Is a Warm Gun,Pod,Elektra Records (Local),
2024-05-08,1600-1800,DJ Stace,DJ Stace,Palace Music,New Partner,Viva Last Blues,Palace Records,
2024-05-08,1600-1800,DJ Stace,DJ Stace,Silkworm,Ooh La La,Lifestyle,Touch and Go,
2024-05-08,1600-1800,DJ Stace,DJ Stace,Guided By Voices,Sheetkickers,Under the Bushes Under the Sta,Matador Records,
2024-05-08,1600-1800,DJ Stace,DJ Stace,"Spencer, Jon Blues Explosion",Like A Hawk,Crypt Style,Crypt Records,
2024-05-08,1600-1800,DJ Stace,DJ Stace,"Spencer, Jon Blues Explosion",Talk About Blues,Acme,Matador Records,
2024-05-08,1600-1800,DJ Stace,DJ Stace,Pj Harvey,Dry,Rid of Me,Island Records (Modern),
2024-05-08,1600-1800,DJ Stace,DJ Stace,Nirvana,Rape Me,In Utero,Sub Pop Records,
2024-05-08,1600-1800,DJ Stace,DJ Stace,Jarvis Cocker,Angela,Further Complications,Rough Trade Records,
2024-05-08,1600-1800,DJ Stace,DJ Stace,the Pixies,Where Is My Mind?,Surfer Rosa,4AD,
2024-05-08,1600-1800,DJ Stace,DJ Stace,the Wedding Present,Cordouroy,Hit Parade 1,Bmg Distribution,
2024-05-08,1600-1800,DJ Stace,DJ Stace,Ty Segall,Freedom,Ty Segall,Drag City,
2024-05-08,1600-1800,DJ Stace,DJ Stace,Cloud Nothings,Wasted Days,Attack On Memory,Carpark Records,
2024-05-08,1600-1800,DJ Stace,DJ Stace,The Jesus Lizard,Mouth Breather,Goat,Touch and Go,
2024-05-08,1600-1800,DJ Stace,DJ Stace,Helmet,In the Meantime,Meantime,Interscope Records (Modern),
2024-05-08,1600-1800,DJ Stace,DJ Stace,Mule,I'm Hell,Mule,1/4 Stick Records,
2024-05-08,1600-1800,DJ Stace,DJ Stace,Brainiac,This Little Piggy,Hissing Prigs In Static Couture,Touch and Go,
2024-05-08,1600-1800,DJ Stace,DJ Stace,Shellac,My Black Ass,At Action Park,Touch and Go,
2024-05-08,1600-1800,DJ Stace,DJ Stace,Big Black,The Model,Songs About Fucking,Touch and Go,
2024-05-08,1600-1800,DJ Stace,DJ Stace,Rapeman,Just Got Paid,Two Nuns And A Pack Mule,Touch and Go,
2024-05-01,1600-1800,DJ Stace,DJ Stace,The Stone Roses,Fools Gold,"Stone Roses, The",Silvertone Records Us,
2024-05-01,1600-1800,DJ Stace,DJ Stace,Pj Harvey,Dry,Rid of Me,Island Records (Modern),
2024-05-01,1600-1800,DJ Stace,DJ Stace,TV Priest,The Big Curve,Uppers,SUB POP,
2024-05-01,1600-1800,DJ Stace,DJ Stace,"Gordon, Kim",BYE BYE,The Collective,Matador,
2024-05-01,1600-1800,DJ Stace,DJ Stace,Yard Act,When the Laughter Stops,When the Laughter Stops,Island Records,
2024-05-01,1600-1800,DJ Stace,DJ Stace,Guided By Voices,Serene King,Serene King,Gbv Records,
2024-05-01,1600-1800,DJ Stace,DJ Stace,Father John Misty,Chateau Lobby #4 (In C For Two Virgins),"I Love You, Honeybear",Sub Pop Records,
2024-05-01,1600-1800,DJ Stace,DJ Stace,Bon Iver,Skinny Love,"For Emma, Forever Ago",Jagjaguwar,
2024-05-01,1600-1800,DJ Stace,DJ Stace,Nouvelle Vague,Making Plans for Nigel,Nouvelle Vague,Luka Bop,
2024-05-01,1600-1800,DJ Stace,DJ Stace,Nick Drake,Cello Song,Five Leaves Left,Rykodisc,
2024-05-01,1600-1800,DJ Stace,DJ Stace,New Order,Your Silent Face,"Power, Corruption And Lies",Factory,
2024-05-01,1600-1800,DJ Stace,DJ Stace,Swans,Can't Find My Way Home,"Burning World, the",Uni Distribution Corp.,
2024-05-01,1600-1800,DJ Stace,DJ Stace,Cindy Lee,Dallas,Diamond Jubilee,Geocities,
2024-05-01,1600-1800,DJ Stace,DJ Stace,"Sheldrake, Cosmo",Does the Swallow Dream of Flying,Eye to the Ear,Tardigrade Records,
2024-05-01,1600-1800,DJ Stace,DJ Stace,Vampire Weekend,Capricorn,Only God Was Above Us,Columbia Records,
2024-05-01,1600-1800,DJ Stace,DJ Stace,Real Estate,Water Underground,Daniel,Domino Recording Company,
2024-05-01,1600-1800,DJ Stace,DJ Stace,bar italia,my little tony,my little tony,Matador Records,
2024-05-01,1600-1800,DJ Stace,DJ Stace,Can,Turtles Have Short Legs,"Singles, The",Mute Records,
2024-05-01,1600-1800,DJ Stace,DJ Stace,Adam and the Ants,Never Trust a Man(With Egg O,Dirk Wears White Sox,Epic Records (Modern),
2024-05-01,1600-1800,DJ Stace,DJ Stace,Interpol,Evil,Antics,Matador Records,
2024-05-01,1600-1800,DJ Stace,DJ Stace,Smashing Pumpkins,Today,Siamese Dream,Virgin Records/Ace,
2024-05-01,1600-1800,DJ Stace,DJ Stace,Bodega,Cultural Consumer III,Our Brand Could Be YR Life,Chriysalis Records,
2024-05-01,1600-1800,DJ Stace,DJ Stace,Of Montreal,Yung Hearts Bleed Free,Yung Hearts Bleed Free,Polyvinyl Record Co.,
2024-05-01,1600-1800,DJ Stace,DJ Stace,"Klf, the",3AM Eternal,Solid State Logik 1,Arista Records (Hiphop),
2024-05-01,1600-1800,DJ Stace,DJ Stace,Girl and Girl,Hello,Call a Doctor,SUB POP,
2024-05-01,1600-1800,DJ Stace,DJ Stace,Anna Erhard,Botanical Garden,Botanical Garden,Radicalis Music,
2024-05-01,1600-1800,DJ Stace,DJ Stace,Sturgill Simpson,The Promise,Metamodern Sounds In Country Music,Loose Music,
2024-05-01,1600-1800,DJ Stace,DJ Stace,Sharon Jones & The Dap-Kings,"100 Days, 100 Nights","100 Days, 100 Nights",Daptone Records,
2024-04-24,1600-1800,DJ Stace,DJ Stace,Wilco,I Am Trying To Break Your Heart,Yankee Hotel Foxtrot,Nonesuch Records,
2024-04-24,1600-1800,DJ Stace,DJ Stace,"Sheldrake, Cosmo",Does the Swallow Dream of FLying,Eye To The Ear,Tardigrade Records,
2024-04-24,1600-1800,DJ Stace,DJ Stace,Cindy Lee,Dallas,Diamond Jubilee,Realistik Studios,
2024-04-24,1600-1800,DJ Stace,DJ Stace,Arcy Drive,Time Shrinks,Beach Plum,Grand Jury Records,
2024-04-24,1600-1800,DJ Stace,DJ Stace,Caroline Rose,Money,Loner,New West Records,
2024-04-24,1600-1800,DJ Stace,DJ Stace,Johnny Cash,Thirteen,American Recordings,American Recordings,
2024-04-24,1600-1800,DJ Stace,DJ Stace,Bodega,Cultural COnsumer III,Our Brand Could Be YR Life,What's Your Rupture?,
2024-04-24,1600-1800,DJ Stace,DJ Stace,the Wedding Present,Jet Girl,Saturnalia,Cooking Vinyl,
2024-04-24,1600-1800,DJ Stace,DJ Stace,Mk.gee,Alesis,Two Star & the Dream Police,R&R,
2024-04-24,1600-1800,DJ Stace,DJ Stace,Elbow,Balu,Audio Vertigo,Polydor Records,
2024-04-24,1600-1800,DJ Stace,DJ Stace,Jane's Addiction,Jane Says,Jane's Addiction,Triple X Records,
2024-04-24,1600-1800,DJ Stace,DJ Stace,Vampire Weekend,Gen-X Cops,Only God Was Above Us,Columbia Records,
2024-04-24,1600-1800,DJ Stace,DJ Stace,meija & JAWNEY,MAGIC,MAGIC,bandcamp,
2024-04-24,1600-1800,DJ Stace,DJ Stace,Still Corners,Today Is The Day,Dream Talk,Sub Pop Records,
2024-04-24,1600-1800,DJ Stace,DJ Stace,Real Estate,Water Underground,Daniel,Domino Recording Company,
2024-04-24,1600-1800,DJ Stace,DJ Stace,Dehd,Light On,Light On,Fat Possum Records,
2024-04-24,1600-1800,DJ Stace,DJ Stace,Of Montreal,Yung Hearts Bleed Free,Yung Hearts Bleed Free,Polyvinyl Record Co.,
2024-04-24,1600-1800,DJ Stace,DJ Stace,The Spores,Private Jet,DOOM POP,IMT,
2024-04-24,1600-1800,DJ Stace,DJ Stace,The Cure,The Caterpillar,"Top, The",Sire Records,
2024-04-24,1600-1800,DJ Stace,DJ Stace,Girl and Girl,Hello,Call a Doctor,Sub Pop,
2024-04-24,1600-1800,DJ Stace,DJ Stace,Anna Erhard,Botanical Garden,Botanical Garden,Radicalis Music GmbH,
2024-04-24,1600-1800,DJ Stace,DJ Stace,Adam and the Ants,"""Antmusic""",Kings of the Wild Frontier,Epic Records (Modern),
2024-04-24,1600-1800,DJ Stace,DJ Stace,The Stooges,I Wanna Be Your Dog,"Stooges, The",Uncrowned City,
2024-04-24,1600-1800,DJ Stace,DJ Stace,Swans,Love Will Save You,White Light From The Mouth Of Infinity,Young God Records,
2024-04-24,1600-1800,DJ Stace,DJ Stace,Bauhaus,Passion of Lovers,Mask,Beggars Banquet,
2024-04-24,1600-1800,DJ Stace,DJ Stace,X,Soul Kitchen,Los Angeles,Fat Possum Records,
2024-04-24,1600-1800,DJ Stace,DJ Stace,Ramones,Judy Is A Punk,Ramones,Sire Records,
2024-04-24,1600-1800,DJ Stace,DJ Stace,Gen and the Degenerates,ANTI-FUN PROPOGANDA,ANTI-FUN PROPOGANDA,Marshall Records,
2024-04-24,1600-1800,DJ Stace,DJ Stace,Massive Attack,Teardrop,Mezzanine,Circa Records,
2024-04-17,1600-1800,DJ Stace,DJ Stace,Laurie Anderson,O Superman,Big Science,Warner Bros. Records,
2024-04-17,1600-1800,DJ Stace,DJ Stace,Hurray For The Riff Raff,Colossus of Roads,"Past Is Still Alive, The",Nonesuch Records,
2024-04-17,1600-1800,DJ Stace,DJ Stace,Vampire Weekend,Classical,Only God Was Above Us,Columbia Records,
2024-04-17,1600-1800,DJ Stace,DJ Stace,Mk.gee,Alesis,Two Star & the Dream Police,R&R Digital,
2024-04-17,1600-1800,DJ Stace,DJ Stace,Pip Blom,Kiss Me By the Candlelight,Bobbie,Heavenly,
2024-04-17,1600-1800,DJ Stace,DJ Stace,Pj Harvey,The Wheel,"Hope Six Demolition Project , The",Island Records,
2024-04-17,1600-1800,DJ Stace,DJ Stace,Nick Cave & the Bad Seeds,I Let Love in,Let Love in,Elektra Records (Local),
2024-04-17,1600-1800,DJ Stace,DJ Stace,Nick Cave & The Bad Seeds,The Ship Song,"Good Son, The",Mute Records Ltd,
2024-04-17,1600-1800,DJ Stace,DJ Stace,Tricky,Hell Is Around the Corner,Maxinquaye,Island Records (Modern),
2024-04-17,1600-1800,DJ Stace,DJ Stace,Beastie Boys,Jimmy James,Check Your Head,Capitol Records (Hip-Hop),
2024-04-17,1600-1800,DJ Stace,DJ Stace,"Lenker, Adrianne",Ruined,Bright Future,4AD,
2024-04-17,1600-1800,DJ Stace,DJ Stace,Cindy Lee,Dallas,Diamond Jubilee,Realistik Studios,
2024-04-17,1600-1800,DJ Stace,DJ Stace,Helado Negro,Colores del Mar,Phaser,Rvng Intl.,
2024-04-17,1600-1800,DJ Stace,DJ Stace,"Sheldrake, Cosmo",More Than a Mountain,Eye To The Ear,Tardigrade Records,
2024-04-17,1600-1800,DJ Stace,DJ Stace,Lizzie No,Halfsies,Halfsies,Thirty Tigers,
2024-04-17,1600-1800,DJ Stace,DJ Stace,Fugazi,Waiting Room,13 Songs,Dischord Records,
2024-04-17,1600-1800,DJ Stace,DJ Stace,Liz Phair,Never Said,Exile in Guyville,Matador Records,
2024-04-17,1600-1800,DJ Stace,DJ Stace,the Art of Noise,Close (To the Edit),Who's Afraid Of?,(Unknown),
2024-04-17,1600-1800,DJ Stace,DJ Stace,"Curry, Tim",Sweet Transvestite,Rocky Horror Picture Show Original Motion Picture Soundtrack,Ode Records,
2024-04-17,1600-1800,DJ Stace,DJ Stace,meija & JAWNY,MAGIC,MAGIC,Interscope Records,
2024-04-17,1600-1800,DJ Stace,DJ Stace,Bodega,G.N.D. Deity,Our Brand Could Be YR Live,What's Your Rupture?,
2024-04-17,1600-1800,DJ Stace,DJ Stace,Royel Otis,Daisy Chain,PRATTS & PAIN,Ourness,
2024-04-17,1600-1800,DJ Stace,DJ Stace,Girl and Girl,Hello,Call a Dr,SUB POP,
2024-04-17,1600-1800,DJ Stace,DJ Stace,Gen and the Degenerates,Anti-Fun Propaganda,ANTI-FUN PROPAGANDA,Marshall Records,
2024-04-17,1600-1800,DJ Stace,DJ Stace,Caroline Rose,Jeannie Becomes A Mom,Loner,New West Records,
2024-04-17,1600-1800,DJ Stace,DJ Stace,Pixies,Hey,Doolittle,4AD,
2024-04-17,1600-1800,DJ Stace,DJ Stace,"Erhard, Anna",Botanical Garden,Short Cut,Radicalis Music,
2024-04-17,1600-1800,DJ Stace,DJ Stace,Tom Waits,What's He Building?,Mule Variations,Epitaph Records,
2024-04-10,1700-1800,DJ Stace,DJ Stace,Modest Mouse,Float On,Good News For People Who Love Bad News,Epic Records,
2024-04-10,1700-1800,DJ Stace,DJ Stace,Lizzie No,Halfsies,Halfsies,Thirty Tigers,
2024-04-10,1700-1800,DJ Stace,DJ Stace,Still Corners,Today Is The Day,Dream Talk,Sub Pop Records,
2024-04-10,1700-1800,DJ Stace,DJ Stace,Leonard Cohen,The Partisan,Songs From Room,Columbia,
2024-04-10,1700-1800,DJ Stace,DJ Stace,Hurray For The Riff Raff,Colossus of Roads,"Past Is Still Alive, The",Nonesuch Records,
2024-04-10,1700-1800,DJ Stace,DJ Stace,"Reds, Pinks & Purples, The",Your Worst Song Is Your Greatest Hit,Unwishing Well,Slumberland Records,
2024-04-10,1700-1800,DJ Stace,DJ Stace,Kraftwerk,Tour De France,Tour De France (Single),Warner Bros. Records,
2024-04-10,1700-1800,DJ Stace,DJ Stace,Pip Blom,Kiss Me By The Candlelight,Bobbie,Heavenly,
2024-04-10,1700-1800,DJ Stace,DJ Stace,"Erhard, Anna",Botanical Garden,Botanical Garden,Radicalis Music GmbH,
2024-04-10,1700-1800,DJ Stace,DJ Stace,Royal Otis,Daisy Chain,PRATTS & PAIN,Ourness,
2024-04-10,1700-1800,DJ Stace,DJ Stace,The Sonics,Have Love Will Travel,Here Are The Sonics,Norton Records,
2024-04-10,1700-1800,DJ Stace,DJ Stace,Girl and Girl,Hello,Call a Dr,SubPop,
2024-04-10,1700-1800,DJ Stace,DJ Stace,"Stern, Marnie",Sixteen,Sixteen,Kill Rock Stars,
2024-04-10,1700-1800,DJ Stace,DJ Stace,Gen and the Degenerates,ANTI-FUN PROPOGANDA,ANTI-FUN PROPOGANDA,Marshall Records,
2024-04-10,1700-1800,DJ Stace,DJ Stace,L7,SHOVE,Smell the Magic,SUB POP,
2024-04-03,1615-1800,DJ Stace,DJ Stace,Nick Cave & The Bad Seeds,The Ship Song,"Good Son, The",Mute Records Ltd,
2024-04-03,1615-1800,DJ Stace,DJ Stace,"Simpson, Sturgill",I'd Have To Be Crazy,High Top Mountain,Loose Music,
2024-04-03,1615-1800,DJ Stace,DJ Stace,Father John Misty,Disappointing Diamonds Are The Rarest Of Them All,God's Favorite Customer,Sub Pop Records,
2024-04-03,1615-1800,DJ Stace,DJ Stace,Father John Misty,Real Love Baby,Real Love Baby,Sub Pop Records,
2024-04-03,1615-1800,DJ Stace,DJ Stace,Father John Misty,When You're Smiling And Astride Me,"I Love You, Honeybear",Sub Pop Records,
2024-04-03,1615-1800,DJ Stace,DJ Stace,Beck,True Love Will Find You in the End,True Love Will Find You in the End,Iliad Records,
2024-04-03,1615-1800,DJ Stace,DJ Stace,Bill Callahan,What Comes After Certainty,Shepherd In A Sheepskin Vest,Drag City,
2024-04-03,1615-1800,DJ Stace,DJ Stace,Elliott Smith,Say Yes,Either/Or,Kill Rock Stars,
2024-04-03,1615-1800,DJ Stace,DJ Stace,Van Morrison,Tupelo Honey,Tupelo Honey,Warner Bros. Records,
2024-04-03,1615-1800,DJ Stace,DJ Stace,Ty Segall,My Lady's On Fire,Freedom's Goblin,Drag City,
2024-04-03,1615-1800,DJ Stace,DJ Stace,The Arcs,Stay In My Corner,"Yours, Dreamily,",Nonesuch,
2024-04-03,1615-1800,DJ Stace,DJ Stace,the Black Keys,Girl Is on My Mind,Rubber Factory,Fat Possum Records,
2024-04-03,1615-1800,DJ Stace,DJ Stace,the White Stripes,Fell in Love with a Girl,White Blood Cells,Sympathy For The Record Industry,
2024-04-03,1615-1800,DJ Stace,DJ Stace,Eagles of Death Metal,San Berdoo Sunburn,Peace Love Death Metal,AntAcidAudio,
2024-04-03,1615-1800,DJ Stace,DJ Stace,Paul Mccartney,Maybe I'm Amazed,Mccartney,Capitol Records (Original Vinyl),
2024-04-03,1615-1800,DJ Stace,DJ Stace,The Beatles,Something,Abbey Road,Parlophone,
2024-04-03,1615-1800,DJ Stace,DJ Stace,"Wonder, Stevie",I Was Made to Love Her,I Was Made to Love Her,Motown Records,
2024-04-03,1615-1800,DJ Stace,DJ Stace,The Dirtbombs,Do You See My Love (For You Growing),Ultraglide In Black,In the Red Records,
2024-04-03,1615-1800,DJ Stace,DJ Stace,The Flaming Lips,Do You Realize??,Yoshimi Battles The Pink Robots,Warner Brothers (Modern),
2024-04-03,1615-1800,DJ Stace,DJ Stace,Lucius,Right Down the Line,NUDES,Mom + Pop Music,
2024-04-03,1615-1800,DJ Stace,DJ Stace,Yeah Yeah Yeahs,Maps,Fever to Tell,Interscope Records,
2024-04-03,1615-1800,DJ Stace,DJ Stace,Death Cab For Cutie,I Will Follow You Into The Dark,Plans,Atlantic Records (Modern),
2024-04-03,1615-1800,DJ Stace,DJ Stace,Willie Nelson,I'd Have To Be Crazy,Greatest Hits (& Some That Will Be),Columbia Records,
2024-03-27,1600-1800,DJ Stace,DJ Stace,Yard Act,The Trench Coat Museum,The Trench Coat Museum,Island Records,
2024-03-27,1600-1800,DJ Stace,DJ Stace,Ty Segall,My Lady's On Fire,Freedom's Goblin,Drag City,
2024-03-27,1600-1800,DJ Stace,DJ Stace,"Segall, Ty",My Room,Three Bells,Drag City,
2024-03-27,1600-1800,DJ Stace,DJ Stace,Silversun Pickups,Lazy Eye,Carnavas,Dangerbird Records,
2024-03-27,1600-1800,DJ Stace,DJ Stace,Gen and the Degenerates,ANTI-FUN PROPAGANDA,ANTI-FUN PROPAGANDA,Marshall Records,
2024-03-27,1600-1800,DJ Stace,DJ Stace,PACKS,Take Care,Melt the Honey,Fire Talk,
2024-03-27,1600-1800,DJ Stace,DJ Stace,"Morby, Kevin with Waxahatchee",Farewell Transmission,Farewell Transmission,Dead Oceans,
2024-03-27,1600-1800,DJ Stace,DJ Stace,Waxahatchee,Burn Out at Midnight,Tiger's Blood,Merge Records,
2024-03-27,1600-1800,DJ Stace,DJ Stace,"Cummings, Grace",Common Man,Ramona,ATO Records,
2024-03-27,1600-1800,DJ Stace,DJ Stace,Swans,God Damn the Sun,"Burning World, the",Uni Distribution Corp.,
2024-03-27,1600-1800,DJ Stace,DJ Stace,Lizzie No,Halfsies,Halfsies,Thirty Tigers,
2024-03-27,1600-1800,DJ Stace,DJ Stace,Low,No Comprende,Ones And Sixes,Sub Pop Records,
2024-03-27,1600-1800,DJ Stace,DJ Stace,Meatbodies,HOLE,Flora Ocean Tiger Bloom,In the Red Records,
2024-03-27,1600-1800,DJ Stace,DJ Stace,Katy Kirby,Cubic Zirconia,Blue Raspberry,Anti-,
2024-03-27,1600-1800,DJ Stace,DJ Stace,Katy Kirby,Fences,Blue Raspberry,Anti-,
2024-03-27,1600-1800,DJ Stace,DJ Stace,Wand,Help Desk,Help Desk,In the Red Records,
2024-03-27,1600-1800,DJ Stace,DJ Stace,"Lenker, Adrianne",Ruined,Bright Future,4AD,
2024-03-27,1600-1800,DJ Stace,DJ Stace,Big Thief,Shark Smile,Capacity,Saddle Creek,
2024-03-27,1600-1800,DJ Stace,DJ Stace,"Gysin, Brion",Kick (Disco Mix),Junk,Mosquito,
2024-03-27,1600-1800,DJ Stace,DJ Stace,Can,Gommorha,Cannibalism 2,Spoon Records,
2024-03-27,1600-1800,DJ Stace,DJ Stace,"McKenna, Declan",Sympathy,What Happened to the Beach?,Tomplicated,
2024-03-27,1600-1800,DJ Stace,DJ Stace,Caroline Rose,Jeannie Becomes A Mom,Loner,New West Records,
2024-03-27,1600-1800,DJ Stace,DJ Stace,Girl and Girl,Hello,Call a Dr,SubPop,
2024-03-27,1600-1800,DJ Stace,DJ Stace,Martha,Westerberg,Blisters In The Pit Of My Heart,Dirtnap Records,
2024-03-20,1630-1800,DJ Stace,DJ Stace,Gossip,Crazy Again,Crazy Again (Single),Sony Bmg Music Entertainment,
2024-03-20,1630-1800,DJ Stace,DJ Stace,St. Vincent,Broken Man,Broken Man (Single),Loma Vista,
2024-03-20,1630-1800,DJ Stace,DJ Stace,Bodega,Cultural Consumer III,Our Brand Could Be YR Life,What's Your Rupture?,
2024-03-20,1630-1800,DJ Stace,DJ Stace,Tennis,Origins,Young&Old,Fat Possum Records,
2024-03-20,1630-1800,DJ Stace,DJ Stace,"McKenna, Declan",Sympathy,What Happened To the Beach?,Tomplicated Records,
2024-03-20,1630-1800,DJ Stace,DJ Stace,The Psychedelic Furs,Pretty In Pink,Talk Talk Talk,Columbia,
2024-03-20,1630-1800,DJ Stace,DJ Stace,Spoon,The Underdog,Ga Ga Ga Ga Ga,Merge Records,
2024-03-20,1630-1800,DJ Stace,DJ Stace,Ajar,Fire Song,Ajar,Mercury Records,
2024-03-20,1630-1800,DJ Stace,DJ Stace,Goat Girl,ride around,ride around,Rough Trade,
2024-03-20,1630-1800,DJ Stace,DJ Stace,Mannequin Pussy,I Don't Know You,I Got Heaven,Epitaph Records,
2024-03-20,1630-1800,DJ Stace,DJ Stace,IDLES,Roy,TANGK,Partisan Records,
2024-03-20,1630-1800,DJ Stace,DJ Stace,Hurray For The Riff Raff,Colossus of Roads,"Past Is Still Alive, The",Nonesuch Records,
2024-03-20,1630-1800,DJ Stace,DJ Stace,Devotchka,How It Ends,How It Ends,Cicero Recordings Ltd,
2024-03-20,1630-1800,DJ Stace,DJ Stace,Real Estate,Water Underground,Daniel,Domino Recording Company,
2024-03-20,1630-1800,DJ Stace,DJ Stace,Lizzie No,Halfsies,Halfsies,Thirty Tigers,
2024-03-20,1630-1800,DJ Stace,DJ Stace,Girl and Girl,Hello,Call a Doctor,SubPop,
2024-03-20,1630-1800,DJ Stace,DJ Stace,Middle Kids,Highlands,Faith Crisis Pt 1,Lucky Number Music,
2024-03-20,1630-1800,DJ Stace,DJ Stace,Strfkr,Together Forever,Parallel Realms,Polyvinyl Record Co.,
2024-03-20,1630-1800,DJ Stace,DJ Stace,"Cummings, Grace",Common Man,Ramona,ATO Records,
2024-03-20,1630-1800,DJ Stace,DJ Stace,Helado Negro And The Smile Band,I Just Want To Wake Up With You,I Just Want To Wake Up With You,Rvng Intl.,
2024-03-13,1700-1800,DJ Stace,DJ Stace,Lizzie No,Halfsies,Halfsies,Thirty Tigers,
2024-03-13,1700-1800,DJ Stace,DJ Stace,Library Shift,Myth of Sisyphus,Solace,Library Shift,
2024-03-13,1700-1800,DJ Stace,DJ Stace,Skinny Puppy,Film,Bites And Remission,Nettwerk Productions,
2024-03-13,1700-1800,DJ Stace,DJ Stace,Skinny Puppy,Love,Bites And Remission,Nettwerk Productions,
2024-03-13,1700-1800,DJ Stace,DJ Stace,IDLES,ROY,TANGK,Partisan,
2024-03-13,1700-1800,DJ Stace,DJ Stace,MGMT,Bubblegum Dog,Bubblegum Dog,Mom+Pop,
2024-03-13,1700-1800,DJ Stace,DJ Stace,"McKenna, Declan",Sympathy,What Happened to the Beach?,Tomplicated,
2024-03-13,1700-1800,DJ Stace,DJ Stace,"Segall, Ty",My Room,Three Bells,Drag City,
2024-03-13,1700-1800,DJ Stace,DJ Stace,Yard Act,Petroleum,Where's My Utopia?,Island Records,
2024-03-13,1700-1800,DJ Stace,DJ Stace,Bodega,City is Taken,Our Brand Could Be YR Life?,What's Your Rupture?,
2024-03-13,1700-1800,DJ Stace,DJ Stace,Strfkr,Together Forever,Parallel Realms,Polyvinyl Record Co.,
2024-03-13,1700-1800,DJ Stace,DJ Stace,Real Estate,Market Street,Daniel,Domino Recording Company,
2024-03-13,1700-1800,DJ Stace,DJ Stace,PACKS,Take Care,Melt the Honey,Fire Talk,
2024-03-13,1700-1800,DJ Stace,DJ Stace,Bedhead,Golden Brown,1992-1998,Numero Group,
2024-03-13,1700-1800,DJ Stace,DJ Stace,Friko,Cardinal,"Where we've been, Where we go from here",SubPop,
2024-03-06,1700-1800,DJ Stace,DJ Stace,Facs,When You Say,Still Life in Decay,Trouble In Mind Records,
2024-03-06,1700-1800,DJ Stace,DJ Stace,Bodega,City is Taken,Our Brand Could Be YR Life,What's Your Rupture?,
2024-03-06,1700-1800,DJ Stace,DJ Stace,Yard Act,Petroleum,Where’s My Utopia?,Island,
2024-03-06,1700-1800,DJ Stace,DJ Stace,Folly Group,Frame,Down There!,So Young Records,
2024-03-06,1700-1800,DJ Stace,DJ Stace,Smog,Let's Move To The Country,Knock Knock,Drag City,
2024-03-06,1700-1800,DJ Stace,DJ Stace,Middle Kids,Bend (Radio Edit),Faith Crisis Pt 1,Lucky Number Music,
2024-03-06,1700-1800,DJ Stace,DJ Stace,Mr. Gnome,Golden Daze,The Day You Flew Away,El Marko Records,
2024-03-06,1700-1800,DJ Stace,DJ Stace,"Stern, Marnie",Sixteen,Sixteen,Kill Rock Stars,
2024-03-06,1700-1800,DJ Stace,DJ Stace,"Segall, Ty",My Room,Three Bells,Drag City,
2024-03-06,1700-1800,DJ Stace,DJ Stace,"McKenna, Declan",Sympathy,What Happened to the Beach?,Tomplicated,
2024-03-06,1700-1800,DJ Stace,DJ Stace,Strfkr,Together Forever,Parallel Realms,Polyvinyl Record Co.,
2024-03-06,1700-1800,DJ Stace,DJ Stace,IDLES,IDEA 01,TANGK,Partisan,
2024-03-06,1700-1800,DJ Stace,DJ Stace,Hurray For The Riff Raff,Colossus of Roads,"Past Is Still Alive, The",Nonesuch Records,
2024-03-06,1700-1800,DJ Stace,DJ Stace,Lizzie No,Halfsies,Halfsies,Thirty Tigers,
2024-03-06,1700-1800,DJ Stace,DJ Stace,Katy Kirby,Fences,Blue Raspberry,Anti-,
2024-02-28,1700-1800,DJ Stace,DJ Stace,The American Analog Set,Mountain,For Forever,Hometown Fantasy,
2024-02-28,1700-1800,DJ Stace,DJ Stace,Facs,When You Say,Still Life in Decay,Trouble In Mind Records,
2024-02-28,1700-1800,DJ Stace,DJ Stace,The Clientele,Blue Over Blue,I Am Not There Anymore,Merge Records,
2024-02-28,1700-1800,DJ Stace,DJ Stace,"Segall, Ty",My Room,Three Bells,Drag City,
2024-02-28,1700-1800,DJ Stace,DJ Stace,"Cummings, Grace",Common Man,Ramona,ATO,
2024-02-28,1700-1800,DJ Stace,DJ Stace,Bodega,City is Taken,Out Brand Could Be YR Life,What's Your Rupture?,
2024-02-28,1700-1800,DJ Stace,DJ Stace,Friko,Cardinal,"Where We've Been, Where We Go From Here",ATO,
2024-02-28,1700-1800,DJ Stace,DJ Stace,Katy Kirby,Hand To Hand,Blue Raspberry,Anti-,
2024-02-28,1700-1800,DJ Stace,DJ Stace,Devotchka,How It Ends,How It Ends,Cicero Recordings Ltd,
2024-02-28,1700-1800,DJ Stace,DJ Stace,Spoon,The Fitted Shirt,Girls Can Tell,Merge Records,
2024-02-28,1700-1800,DJ Stace,DJ Stace,Helado Negro,I Just Want To Wake Up With You,I Just Want To Wake Up With You,4AD,
2024-02-28,1700-1800,DJ Stace,DJ Stace,"McKenna, Declan",Sympathy,What Happened to the Beach?,Tomplicated Records.,
2024-02-28,1700-1800,DJ Stace,DJ Stace,"Bedouine, Waxahatchee & Hurray For The Riff Raff",Thirteen,Thirteen,Spacebomb Records,
2024-02-07,1700-1800,DJ Stace,DJ Stace,Coil,Bee Stings,moon's milk (in four phases),Threshold Records,
2024-02-07,1700-1800,DJ Stace,DJ Stace,"Gysin, Brion",Kick (Disco Mix),Junk,Rough Trade,
2024-02-07,1700-1800,DJ Stace,DJ Stace,"Gordon, Kim",BYE BYE,The Collective,Matador Records,
2024-02-07,1700-1800,DJ Stace,DJ Stace,Bodega,Tarkovski,Our Brand Could Be YR Life,Chrysalis Records,
2024-02-07,1700-1800,DJ Stace,DJ Stace,Bodega,Statuette Sur La Console,Statuette On The Console,What's Your Rupture?,
2024-02-07,1700-1800,DJ Stace,DJ Stace,PACKS,Take Care,Melt the Honey,Fire Talk,
2024-02-07,1700-1800,DJ Stace,DJ Stace,The American Analog Set,Camp Don't Count,For Forever,Hometown Fantasy,
2024-02-07,1700-1800,DJ Stace,DJ Stace,Underscores,Cops and Robbers,Wallsocket,Mom+Pop Music,
2024-02-07,1700-1800,DJ Stace,DJ Stace,SPRINTS,Up and Comer,Letter to Self,City Slang,
2024-02-07,1700-1800,DJ Stace,DJ Stace,Melvins,Working the Ditch,Tarantula Heart,Ipecac Recordings,
2024-02-07,1700-1800,DJ Stace,DJ Stace,IDLES,Grace,TANGK,Partisan Records,
2024-02-07,1700-1800,DJ Stace,DJ Stace,"Segall, Ty",My Room,Three Bells,Drag City,
2024-02-07,1700-1800,DJ Stace,DJ Stace,Facs,When You Say,Still Life in Decay,Trouble In Mind Records,
2024-01-31,1700-1800,DJ Stace,DJ Stace,Future Islands,Say Goodbye,People Who Aren't There Anymore,4AD,
2024-01-31,1700-1800,DJ Stace,DJ Stace,Wild Nothing,Histrion,Hold,Captured Tracks,
2024-01-31,1700-1800,DJ Stace,DJ Stace,J Mascis,Can't Believe We're Here,What Do We Do Now,Sub Pop,
2024-01-31,1700-1800,DJ Stace,DJ Stace,BODEGA,Tarkovski,Our Brand Could Be YR Life,Chrysalis Records,
2024-01-31,1700-1800,DJ Stace,DJ Stace,Underscores,Cops and Robbers,Wallsocket,Mom+Pop Music,
2024-01-31,1700-1800,DJ Stace,DJ Stace,"Gordon, Kim",BYE BYE,The Collective,Matador Records,
2024-01-31,1700-1800,DJ Stace,DJ Stace,Office Dog,Tightropes,Spiel,Flying Nun,
2024-01-31,1700-1800,DJ Stace,DJ Stace,SPRINTS,Up and Comer,Letter to Self,City Slang,
2024-01-31,1700-1800,DJ Stace,DJ Stace,Facs,When You Say,Still Life in Decay,Trouble In Mind Records,
2024-01-31,1700-1800,DJ Stace,DJ Stace,Folly Group,Frame,Down There!,So Young Records,
2024-01-31,1700-1800,DJ Stace,DJ Stace,"Segall, Ty",My Room,Three Bells,Drag City,
2024-01-31,1700-1800,DJ Stace,DJ Stace,Osees,Goon,Intercepted Message,In the Red Records,
2024-01-31,1700-1800,DJ Stace,DJ Stace,Time Zone,World Destruction,World Destruction,Virgin Records,
2024-01-24,1700-1800,DJ Stace,DJ Stace,IDLES & LCD Soundsystem,Dancer,TANGK,Partisan Records,
2024-01-24,1700-1800,DJ Stace,DJ Stace,IDLES,I'm Scum,Joy as an Act of Resistance,Partisan Records,
2024-01-24,1700-1800,DJ Stace,DJ Stace,SPRINTS,Cathedral,Letter to Self,City Slang,
2024-01-24,1700-1800,DJ Stace,DJ Stace,Killing Joke,Eighties,Night Time,Polydor Records,
2024-01-24,1700-1800,DJ Stace,DJ Stace,Osees,Goon,Intercepted Message,In the Red Records,
2024-01-24,1700-1800,DJ Stace,DJ Stace,Folly Group,Frame,Down There!,So Young Records!,
2024-01-24,1700-1800,DJ Stace,DJ Stace,The Mars Volta,Equus 3,"Mars Volta, The",Clouds Hill,
2024-01-24,1700-1800,DJ Stace,DJ Stace,"Segall, Ty",My Room,Three Bells,Drag City,
2024-01-24,1700-1800,DJ Stace,DJ Stace,"Segall, Ty",Whisper,Harmonizer,Drag City,
2024-01-24,1700-1800,DJ Stace,DJ Stace,Black Pumas,Gemini Sun,Chronicles of a Diamond,ATO Records,
2024-01-24,1700-1800,DJ Stace,DJ Stace,Bodega,Tarkovski,Our Brand Could Be YR Life,Crysalis,
2024-01-24,1700-1800,DJ Stace,DJ Stace,Bodega,Shiny New Model,Shiny New Model,What's Your Rupture?,
2024-01-24,1700-1800,DJ Stace,DJ Stace,Facs,When You Say,Still Life in Decay,Trouble In Mind Records,
2024-01-24,1700-1800,DJ Stace,DJ Stace,PACKS,HFCS,Melt the Honey,Fire Talk,
2024-01-24,1700-1800,DJ Stace,DJ Stace,"Johnston, Daniel",Walking the Cow,"Hi, How Are You!",Yip!,
2024-01-17,1700-1800,DJ Stace,DJ Stace,Kevin Morby & Waxahatchee,Farewell Transmission,Farewell Transmission b/w The Dark Don’t Hide It,Dead Oceans,
2024-01-17,1700-1800,DJ Stace,DJ Stace,Kevin Morby,"Bittersweet, Tennessee (feat. Erin Rae)",More Photographs (A Continuum),Dead Oceans,
2024-01-17,1700-1800,DJ Stace,DJ Stace,"Simpson, Sturgill",I'd Have to Be Crazy,High Top Mountain,High Top Mountain Records,
2024-01-17,1700-1800,DJ Stace,DJ Stace,The Clientele,Blue Over Blue,I Am Not There Anymore,Merge Records,
2024-01-17,1700-1800,DJ Stace,DJ Stace,Skinshape,It's Real,Craterellus Tubaeformis,Lewis Recordings,
2024-01-17,1700-1800,DJ Stace,DJ Stace,Wild Nothing,Histrion,Hold,Captured Tracks,
2024-01-17,1700-1800,DJ Stace,DJ Stace,Future Islands,Say Goodbye,Say Goodbye (single),4AD,
2024-01-17,1700-1800,DJ Stace,DJ Stace,The American Analog Set,Konika and Maliko,For Forever,Hometown Fantasy,
2024-01-17,1700-1800,DJ Stace,DJ Stace,Osees,Goon,Intercepted Message,In the Red Records,
2024-01-17,1700-1800,DJ Stace,DJ Stace,SPRINTS,Up and Comer,Letter to Self,City Slang Records,
2024-01-17,1700-1800,DJ Stace,DJ Stace,IDLES & LCD Soundsystem,Dancer,TANGK,Partisan Records,
2024-01-17,1700-1800,DJ Stace,DJ Stace,Underscores,Cops and Robbers,Wallsocket,Mom+Pop Music,
2024-01-17,1700-1800,DJ Stace,DJ Stace,Guided by Voices,For the Home,For the Home,GBV Inc.,
2023-02-09,1600-1700,DJ Stace,DJ Stace,Panda Bear & Sonic Boom,Gettin’ To The Point,Reset,Domino Recording Company,
2023-02-09,1600-1700,DJ Stace,DJ Stace,Dumb,Pull Me,Pray 4 Tomorrow,Mint Records Inc.,
2023-02-09,1600-1700,DJ Stace,DJ Stace,Tropical Fuck Storm,Moonburn,Submersive Behaviour,Joyful Noise,
2023-02-09,1600-1700,DJ Stace,DJ Stace,Neutral Milk Hotel,Tuesday Moon,Everything Is,Cher Doll Records,
2023-02-09,1600-1700,DJ Stace,DJ Stace,The C.I.A.,Bubble,Surgery Channel,In the Red Records,
2023-02-09,1600-1700,DJ Stace,DJ Stace,Ty Segall & Emmett Kelly ,Distraction (Live),Distraction,Drag City,
2023-02-09,1600-1700,DJ Stace,DJ Stace,The Arcs,Only One for Me,Electrophonic CHronic,Easy Eye Sound,
2023-02-09,1600-1700,DJ Stace,DJ Stace,Built to Spill,Gonna Lose,When the Wind Forgets Your Name,Sub Pop Records,
2023-02-09,1600-1700,DJ Stace,DJ Stace,"Greeting Committee, The",Anything But You,Anything But You,Harvest Records,
2023-02-09,1600-1700,DJ Stace,DJ Stace,The Greeting Committee,Pull It Together,This Is It,Harvest Records,
2023-02-09,1600-1700,DJ Stace,DJ Stace,The Big Moon,Ladye Bay,Here Is Everything,Fiction Records,
2023-02-09,1600-1700,DJ Stace,DJ Stace,Father John Misty,Goodbye Mr. Blue,Chloë and the Next 20th Century,Sub Pop Records,
2023-02-09,1600-1700,DJ Stace,DJ Stace,King Tuff,Smalltown Stardust,Smalltown Stardust,Sub Pop Records,
2023-02-09,1600-1700,DJ Stace,DJ Stace,Gladie,For a Friend,Don't Know What You're in Until You're Out,Plum Records,
2023-02-09,1600-1700,DJ Stace,DJ Stace,Boygenius,$20,The Record,Matador Records,
2023-02-02,1600-1700,DJ Stace,DJ Stace,Boygenius,$20,The Record,Matador Records,
2023-02-02,1600-1700,DJ Stace,DJ Stace,Gladie,For a Friend,Don't Know What You're in Until You're Out,Plum Records,
2023-02-02,1600-1700,DJ Stace,DJ Stace,The Big Moon,Ladye Bay,Here Is Everything,Fiction Records,
2023-02-02,1600-1700,DJ Stace,DJ Stace,"Nomates, Billy",black curtains in the bag,CACTI,INVADA Records,
2023-02-02,1600-1700,DJ Stace,DJ Stace,"Gallo, Ron",FOREGROUND MUSIC,AT LEAST I'M DANCING,New West Records,
2023-02-02,1600-1700,DJ Stace,DJ Stace,Guided By Voices,Cousin Jackie,La La Land,Gbv Records,
2023-02-02,1600-1700,DJ Stace,DJ Stace,Guided By Voices,Blimps Go 90,Alien Lanes,Matador Records,
2023-02-02,1600-1700,DJ Stace,DJ Stace,Panda Bear & Sonic Boom,Edge Of The Edge,RESET,Domino Recording Company,
2023-02-02,1600-1700,DJ Stace,DJ Stace,Dumb,Pull Me,Pray 4 Tomorrow,Mint Records Inc.,
2023-02-02,1600-1700,DJ Stace,DJ Stace,Daniele Luppi & Parquet Courts,Soul And Cigarette,Milano,30th Century Records/Columbia,
2023-02-02,1600-1700,DJ Stace,DJ Stace,Ladytron,We Never Went Away,TIme's Arrow,COOKING VINYL,
2023-02-02,1600-1700,DJ Stace,DJ Stace,Depeche Mode,Stripped,Black Celebration,Sire Records (Modern),
2023-02-02,1600-1700,DJ Stace,DJ Stace,The C.I.A.,Bubble,Surgery Channel,In the Red Records,
2023-02-02,1600-1700,DJ Stace,DJ Stace,The Spores,Private Jet,doom pop,SideCho Records,
2023-02-02,1600-1700,DJ Stace,DJ Stace,The Arcs,Keep on Dreamin',Electrophonic CHronic,Easy Eye Sound,
2023-01-31,1600-1700,DJ Stace,DJ Stace,Bauhaus,Bela Lugosi's Dead,Bela Lugosi's Dead,Small Wonder Records,
2023-01-31,1600-1700,DJ Stace,DJ Stace,The Black Angels,Young Men Dead,Passover,Light In The Attic Records,
2023-01-31,1600-1700,DJ Stace,DJ Stace,Virgin Prunes,Sweethome (Under White Clouds),"Hidden Lie (Live In Paris 6/6/86), The",Baby Records,
2023-01-31,1600-1700,DJ Stace,DJ Stace,David Bowie,Rock 'n' Roll Suicide (Live),Sound + Vision I,Rykodisc,
2023-01-31,1600-1700,DJ Stace,DJ Stace,Chasms,Tears In The Morning Sun,"Mirage, The",Felte,
2023-01-31,1600-1700,DJ Stace,DJ Stace,Depeche Mode,Dressed in Black,Black Celebration,Sire Records (Modern),
2023-01-31,1600-1700,DJ Stace,DJ Stace,The Creatures,Gecko,Feast,Polydor,
2023-01-31,1600-1700,DJ Stace,DJ Stace,Devil Master,Christ's Last Hiss,Satan Spits On Children Of Light,Relapse Records,
2023-01-31,1600-1700,DJ Stace,DJ Stace,Pain Teens,It WIll,"It Will (7"")",Trance Syndicate Records,
2023-01-31,1600-1700,DJ Stace,DJ Stace,Swans,Love Will Save You,White Light From The Mouth Of Infinity,Young God Records,
2023-01-31,1600-1700,DJ Stace,DJ Stace,Author & Punisher,Apparition,Beastland,Relapse Records,
2023-01-31,1600-1700,DJ Stace,DJ Stace,THe Cult,She Sells Sanctuary,Love,Beggars Banquet,
2023-01-31,1600-1700,DJ Stace,DJ Stace,Karen O & Danger Mouse,Woman,Lux Prima,30th Century Records/Columbia,
2023-01-31,1600-1700,DJ Stace,DJ Stace,Stephen Malkmus,Rushing The Acid Frat,Groove Denied,Matador Records,
2023-01-31,1600-1700,DJ Stace,DJ Stace,Cage the Elephant,Ready to Let Go,Social Cues,RCA Records,
2023-01-31,1600-1700,DJ Stace,DJ Stace,Vampire Weekend,This Life,Father Of The Bride,Columbia Records,
2023-01-31,1600-1700,DJ Stace,DJ Stace,The Felice Brothers,Nail It On The First Try,Undress,Yep Roc Records,
2023-01-31,1600-1700,DJ Stace,DJ Stace,New Order,Ceremony,Total,Rhino,
2023-01-31,1600-1700,DJ Stace,DJ Stace,Cocteau Twins,Blood Bitch,Garlands,4AD,
2023-01-31,1600-1700,DJ Stace,DJ Stace,Peter Murphy,Marlene Dietrich's Favorite Poem,Deep,Beggar's Banquet,
2023-01-31,1600-1700,DJ Stace,DJ Stace,Marbled Eye,Vanity,Leisure,Digital Regress,
2023-01-31,1600-1700,DJ Stace,DJ Stace,Fontaines D.C.,Chequeless Reckless,Dogrel,Partisan Records,
2023-01-31,1600-1700,DJ Stace,DJ Stace,Fontaines D.C.,Boys in the Better Land,Dogrel,Partisan Records,
2023-01-31,1600-1700,DJ Stace,DJ Stace,Ministry,Every Day Is Halloween,With Sympathy,Sire,
2023-01-31,1600-1700,DJ Stace,DJ Stace,Skinny Puppy,Dig It,Mind: The Perpetual Intercourse,Nettwerk Records,
2023-01-31,1600-1700,DJ Stace,DJ Stace,Siouxsie & The Banshees,Cities In Dust,Tinderbox,Geffen Records,
2023-01-31,1600-1700,DJ Stace,DJ Stace,Swervedriver,Spiked Flower,Future Ruins,Dangerbird Records,
2023-01-31,1600-1700,DJ Stace,DJ Stace,Caroline Rose,Cry!,Loner,New West Records,
2023-01-31,1600-1700,DJ Stace,DJ Stace,L’epée,Dreams,Dreams,A Recordings,
2023-01-31,1600-1700,DJ Stace,DJ Stace,The Smiths,How Soon is Now?,The Sound of the Smiths,Rhino Records UK,
2023-01-31,1600-1700,DJ Stace,DJ Stace,Love And Rockets,Haunted When The Minutes Drag,Seventh Dream Of Teenage Heaven,Beggars Banquet,
2023-01-31,1600-1700,DJ Stace,DJ Stace,Nick Cave And The Bad Seeds,The Mercy Seat,Tender Prey,Mute Records,
2023-01-31,1600-1700,DJ Stace,DJ Stace,The Murlocs,Catch 22,Manic Candid Episode,Flightless Records,
2023-01-31,1600-1700,DJ Stace,DJ Stace,Ex Hex,Diamond Drive,It's Real,Merge Records,
2023-01-31,1600-1700,DJ Stace,DJ Stace,Martha,St. Paul's (Westerberg Comprehensive),Blisters in the Pit of My Heart,Dirtnap,
2023-01-19,1700-1800,DJ Stace,DJ Stace,"Elliott, Missy ""Misdemeanor""",Radio Edit,"Rain (Supa Dupa Fly), the",Elektra Records (Rap),
2023-01-19,1700-1800,DJ Stace,DJ Stace,Public Service Broadcasting,E.V.A.,The Race For Space,Test Card Recordings,
2023-01-19,1700-1800,DJ Stace,DJ Stace,Scarlet Cortex,Leaving the Planet,Leaving the Planet,YouTube,
2023-01-19,1700-1800,DJ Stace,DJ Stace,King Gizzard And The Lizard Wizard,Iron Lung,"Ice, Death, Planets, Lungs, Mushrooms And Lava",KGLW,
2023-01-19,1700-1800,DJ Stace,DJ Stace,Beastie Boys,Shadrach,Paul's Boutique,Capitol Records (Hip-Hop),
2023-01-19,1700-1800,DJ Stace,DJ Stace,De La Soul,The Magic Number,3 Feet High and Rising,Tommy Boy,
2023-01-19,1700-1800,DJ Stace,DJ Stace,Panda Bear & Sonic Boom,Gettin’ To The Point,RESET,Domino Recording Company,
2023-01-19,1700-1800,DJ Stace,DJ Stace,Dumb,Pull Me Up,Pray 4 Tomorrow,Mint Records Inc.,
2023-01-19,1700-1800,DJ Stace,DJ Stace,"Nude Party, The",Ride On,Rides On,New West Records,
2023-01-19,1700-1800,DJ Stace,DJ Stace,The Nude Party,Water On Mars,"Nude Party, The",New West Records,
2023-01-19,1700-1800,DJ Stace,DJ Stace,The Big Moon,Ladye Bay,Here Is Everything,Fiction Records,
2023-01-19,1700-1800,DJ Stace,DJ Stace,Anna Erhard,Campsite,Campsite,Self - Bandcamp,
2023-01-12,1700-1800,DJ Stace,DJ Stace,Dumb,Civic Duty,Pray 4 Tomorrow,Mint Records Inc.,
2023-01-12,1700-1800,DJ Stace,DJ Stace,"Segall, Ty",My Lady's On Fire,Pig Man Lives: Volume 1,Drag City,
2023-01-12,1700-1800,DJ Stace,DJ Stace,John Allison,Good So Bad,Good So Bad,,
2023-01-12,1700-1800,DJ Stace,DJ Stace,Funkadelic,Can You Get To That?,Maggot Brain,Westbound Records,
2023-01-12,1700-1800,DJ Stace,DJ Stace,Sleigh Bells,Rill Rill,Treats,Mom + Pop,
2023-01-12,1700-1800,DJ Stace,DJ Stace,Tkay Maidza,Where Is My Mind,Bills & Aches & Blues EP1 (40 Years of 4AD),4AD,
2023-01-12,1700-1800,DJ Stace,DJ Stace,SAULT,Heal the World,Today & Tomorrow,Forever Living Originals,
2023-01-12,1700-1800,DJ Stace,DJ Stace,Yeah Yeah Yeahs,Burning,Cool It Down,Secretly Canadian,
2023-01-12,1700-1800,DJ Stace,DJ Stace,King GIzzard and the Lizard WIzard,Change,Changes,KGLW,
2023-01-12,1700-1800,DJ Stace,DJ Stace,The Big Moon,Ladye Bay,Here Is Everything,Fiction Records,
2023-01-12,1700-1800,DJ Stace,DJ Stace,Spoon,Lines In The Suit,Girls Can Tell,Merge Records,
2023-01-12,1700-1800,DJ Stace,DJ Stace,Spoon,I Can't Give Everything Away,I Can't Give Everything Away,Matador,
2023-01-12,1700-1800,DJ Stace,DJ Stace,Steel Beans,Molotov Cocktail Lounge,Molotov Cocktail Lounge,Steel Beans,
2023-01-05,1700-1800,DJ Stace,DJ Stace,Bob Dylan,A Hard Rain's A-Gonna Fall,"Freewheelin' Bob Dylan, The",Columbia,
2023-01-05,1700-1800,DJ Stace,DJ Stace,Bob Mould,Black Sheets of Rain,Black Sheets O' Rain,(Unknown),
2023-01-05,1700-1800,DJ Stace,DJ Stace,The Police,Shadows In The Rain,Zenyatta Mondatta,A&M Records,
2023-01-05,1700-1800,DJ Stace,DJ Stace,"Spencer, Jon Blues Explosion",Water Main,Crypt Style,Crypt Records,
2023-01-05,1700-1800,DJ Stace,DJ Stace,Blacktop,I Think It's Going To Rain,Up All Night,Au Go Go,
2023-01-05,1700-1800,DJ Stace,DJ Stace,The Cult,Rain,Love,Sire Records,
2023-01-05,1700-1800,DJ Stace,DJ Stace,The Jesus And Mary Chain,Happy When It Rains,Darklands,Warner Bros. Records,
2023-01-05,1700-1800,DJ Stace,DJ Stace,the Beta Band,Dry the Rain,"Three E.P.'s, the",Emi Records,
2023-01-05,1700-1800,DJ Stace,DJ Stace,Guided By Voices,High in the Rain,It's Not Them. It Couldn't Be Them. It Is Them!,GBV Inc.,
2023-01-05,1700-1800,DJ Stace,DJ Stace,Tones on Tail,Rain,Night Music,Beggars Banquet,
2023-01-05,1700-1800,DJ Stace,DJ Stace,Can,She Brings The Rain,Cannibalism I,Spoon Records,
2023-01-05,1700-1800,DJ Stace,DJ Stace,Me First and the Gimme Gimmes,Rainbow Connection,Are a Drag,Fat Wreck Chords,
2022-12-22,1700-1800,DJ Stace,DJ Stace,King Gizzard And The Lizard Wizard,Iron Lung,"Ice, Death, Planets, Lungs, Mushrooms And Lava",KGLW,
2022-12-22,1700-1800,DJ Stace,DJ Stace,Yeah Yeah Yeahs,Different Today,Cool It Down,Secretly Canadian,
2022-12-22,1700-1800,DJ Stace,DJ Stace,The Big Moon,Ladye Bay,Here Is Everything,Fiction Records,
2022-12-22,1700-1800,DJ Stace,DJ Stace,Kyle Craft,Lady Of The Ark,Dolls Of Highland,Sub Pop Records,
2022-12-22,1700-1800,DJ Stace,DJ Stace,Caroline Rose,Money,Loner,New West Records,
2022-12-22,1700-1800,DJ Stace,DJ Stace,"Murlocs, The",Farewell to Clemency,Rapscallion,Ato Records,
2022-12-22,1700-1800,DJ Stace,DJ Stace,The Murlocs,Bittersweet Demons,Bittersweet Demons,Ato Records,
2022-12-22,1700-1800,DJ Stace,DJ Stace,Steel Beans,Molotov Cocktail Lounge,Molotov Cocktail Lounge,Steel Beans,
2022-12-22,1700-1800,DJ Stace,DJ Stace,Wet Leg,Ur Mum,Wet Leg,Domino Recording Company,
2022-12-22,1700-1800,DJ Stace,DJ Stace,All Them Witches,"Hush, I'm on TV","Hush, I'm on TV (Single)",New West Records,
2022-12-22,1700-1800,DJ Stace,DJ Stace,Screaming Trees,Butterfly,Sweet Oblivion,Epic Records (Modern),
2022-12-22,1700-1800,DJ Stace,DJ Stace,Ezra Furman,Forever In Sunset,All Of Us Flames,Bella Union,
2022-12-22,1700-1800,DJ Stace,DJ Stace,The Linda Lindas,Nino,Growing Up,Epitaph Records,
2022-12-20,2300-0000,DJ Stace,DJ Stace,Battles,Fort Greene Park,Juice B Crypts,Warp Records,
2022-12-20,2300-0000,DJ Stace,DJ Stace,Fatso Jetson,New Ag Android,Toasted,Bong Load Records,
2022-12-20,2300-0000,DJ Stace,DJ Stace,Brant Bjork,Toot,Jalamanta,Man's Ruin,
2022-12-20,2300-0000,DJ Stace,DJ Stace,Desert Sessions,Easier Said Than Done (Clean Edit),Vol. 11 & 12,Matador Records,
2022-12-20,2300-0000,DJ Stace,DJ Stace,SOAK,Bloodbuzz Ohio,Bloodbuzz Ohio (single),self,
2022-12-20,2300-0000,DJ Stace,DJ Stace,Devendra Banhart,My Boyfriend's In The Band,Ma,Nonesuch Records,
2022-12-20,2300-0000,DJ Stace,DJ Stace,The Pleasure Routine,Two Artists,Sugar Mountain,Self-Release,
2022-12-20,2300-0000,DJ Stace,DJ Stace,Fruit Bats,The Bottom Of It,Gold Past Life,Merge Records,
2022-12-20,2300-0000,DJ Stace,DJ Stace,Ty Segall,Every 1's A Winner,Freedom's Goblin,Drag City,
2022-12-20,2300-0000,DJ Stace,DJ Stace,Black Pumas,Black Moon Rising,Black Pumas,Ato Records,
2022-12-20,2300-0000,DJ Stace,DJ Stace,Sudan Archives,Confessions,Athena,Stones Throw Records,
2022-12-20,2300-0000,DJ Stace,DJ Stace,Michael Kiwanuka,You Ain't the Problem,KIWANUKA,Polydor,
2022-12-20,2300-0000,DJ Stace,DJ Stace,Dude York,Only Wish,Falling,Hardly Art,
2022-12-20,2300-0000,DJ Stace,DJ Stace,Diiv,Blankenship,Deceiver,Captured Tracks,
2022-12-15,1700-1800,DJ Stace,DJ Stace,Ty Segall,Every 1's A Winner (Hot Chocolate cover),Freedom's Goblin,Drag City,
2022-12-15,1700-1800,DJ Stace,DJ Stace,Screaming Females,Shake It Off (Taylor Swift cover),Singles Too,Don Giovanni Records,
2022-12-15,1700-1800,DJ Stace,DJ Stace,Queens Of The Stone Age,Who'll Be The Next In Line (Kinks cover),Feel Good Hit Of The Summer,Interscope Records,
2022-12-15,1700-1800,DJ Stace,DJ Stace,Soundgarden,GIrl U Want (Devo cover),Echo Of Miles: Scattered Tracks Across The Path,A&M Records,
2022-12-15,1700-1800,DJ Stace,DJ Stace,Eagles of Death Metal,Careless Whispers (Wham! cover),EODM Presents Boots Electric Performing The Best Songs We Never Wrote,Universal Music,
2022-12-15,1700-1800,DJ Stace,DJ Stace,Melvins,I Wanna Hold Your Hand (Beatles cover),Pinkus Abortion Technician,Amphetamine Reptile Records,
2022-12-15,1700-1800,DJ Stace,DJ Stace,Car Seat Headrest,Substitute (Who cover),MADLO: Influences,Matador Records,
2022-12-15,1700-1800,DJ Stace,DJ Stace,Lucius,Right Down the Line (Gerry Rafferty cover),Nudes,Mom + Pop Music,
2022-12-15,1700-1800,DJ Stace,DJ Stace,Father John Misty,The Suburbs (Arcade Fire cover),CBC Music,CBC Music,
2022-12-15,1700-1800,DJ Stace,DJ Stace,"Bedouine, Waxahatchee & Hurray For The Riff Raff",Thirteen (Big Star cover),Thirteen (Single),Spacebomb Records,
2022-12-15,1700-1800,DJ Stace,DJ Stace,Beck,True Love Will Find You in the End (Daniel Johnston cover),True Love Will Find You in the End (Single),Iliad,
2022-12-15,1700-1800,DJ Stace,DJ Stace,St. Vincent,Never Tear Us Apart (INXS cover),Kick,Beck’s Record Club,
2022-12-15,1700-1800,DJ Stace,DJ Stace,Iron & Wine,Love Vigilantes (New Order cover),Around The Well,Sub Pop Records,
2022-12-15,1700-1800,DJ Stace,DJ Stace,Death Cab for Cutie,Tractor Rape Chain (Guided By Voices cover),SiriusXM Live,SiriusXM Live,
2022-12-15,1700-1800,DJ Stace,DJ Stace,Sturgill Simpson,The Promise (When In Rome cover),Metamodern Sounds In Country Music,Loose Music,
2022-12-13,0700-0800,DJ Stace,DJ Stace,Love And Rockets,Ball Of Confusion,Express,Big Time,
2022-12-13,0700-0800,DJ Stace,DJ Stace,L7,Dispatch from Mar-A-Lago,Dispatch from Mar-A-Lago,Don Giovanni Records,
2022-12-13,0700-0800,DJ Stace,DJ Stace,Downtown Boys,Lips That Bite [Radio Edit],Cost Of Living,Sub Pop Records,
2022-12-13,0700-0800,DJ Stace,DJ Stace,The National,The System Only Dreams In Total Darkness,Sleep Well Beast,4AD,
2022-12-13,0700-0800,DJ Stace,DJ Stace,Snowpony,Easy Way Down,"Slow-Motion World Of Snowpony, The",Radioactive Records,
2022-12-13,0700-0800,DJ Stace,DJ Stace,Big French,The Chosen One,Stone Fish,Wharf Cat Records,
2022-12-13,0700-0800,DJ Stace,DJ Stace,Lo Tom,Bubblegum,Lo Tom,Barsuk Records,
2022-12-13,0700-0800,DJ Stace,DJ Stace,Scarcity Of Tanks,West Eleventh Terminus,Garford Mute,Total Life Society Records,
2022-12-13,0700-0800,DJ Stace,DJ Stace,Swervedriver,Son of Mustang Ford,Raise,Creation Records,
2022-12-13,0700-0800,DJ Stace,DJ Stace,Mall Walk,Fleetwood Mac,Group Effort Vol. 1,Tex Me Records,
2022-12-13,0700-0800,DJ Stace,DJ Stace,Deadfellow,If Earthquakes Claimed La,Mescalifornia: A California Dream,Self-Release,
2022-12-13,0700-0800,DJ Stace,DJ Stace,Cigarettes After Sex,Sweet,Cigarettes After Sex,Partisan Records,
2022-12-13,0700-0800,DJ Stace,DJ Stace,Flight of the Conchords,Business Time,Flight of the Conchords,Sub Pop Records,
2022-12-13,0700-0800,DJ Stace,DJ Stace,Blacktop,I Think It's Going To Rain,Up All Night,Au Go Go,
2022-12-13,0700-0800,DJ Stace,DJ Stace,The Dirtbombs,Do You See My Love (For You Growing),Ultraglide In Black,In the Red Records,
2022-12-13,0700-0800,DJ Stace,DJ Stace,Hanni El Khatib,Pay No Mind,Head In The Dirt,Innovative Leisure,
2022-12-13,0700-0800,DJ Stace,DJ Stace,The Buzzcocks,What Do I Get?,Singles Going Steady,I.R.S. Records,
2022-12-13,0700-0800,DJ Stace,DJ Stace,Black Pistol Fire,Lost Cause,Lost Cause,Rifle Bird Records,
2022-12-13,0700-0800,DJ Stace,DJ Stace,Killdozer,Good Lovin Gone Bad,For Ladies Only, Uncrowned City,
2022-12-13,0700-0800,DJ Stace,DJ Stace,Naked Beast,Remote Viewers,Naked Beast,Guitars And Bongos,
2022-12-13,0700-0800,DJ Stace,DJ Stace,Bong Cauldron,Bigfoot Reigns,Binge,Apf Records,
2022-12-13,0700-0800,DJ Stace,DJ Stace,Fu Manchu,Laserbl'ast!,"Action Is Go, the",Mammoth Records,
2022-12-13,0700-0800,DJ Stace,DJ Stace,Devo,Beautiful World,Greatest Hits,Warner Bros. Records,
2022-12-13,0700-0800,DJ Stace,DJ Stace,The Velvet Underground,Venus In Furs,The Velvet Underground & Nico,Verve Records,
2022-12-13,0700-0800,DJ Stace,DJ Stace,Cherry Glazerr,Nuclear Bomb,Apocalipstick,Secretly Canadian Records,
2022-12-13,0700-0800,DJ Stace,DJ Stace,Car Seat Headrest,Drunk Drivers/Killer Whales (Single Version),Drunk Drivers/Killer Whales (Single Version),Matador,
2022-12-13,0700-0800,DJ Stace,DJ Stace,The Desert Sessions,Teens Of Thailand,Volume 5/6,Man's Ruin Records,
2022-12-13,0700-0800,DJ Stace,DJ Stace,Sheer Mag,Expect The Bayonet,Need To Feel Your Love,Wilsun Rc,
2022-12-13,0700-0800,DJ Stace,DJ Stace,Dead Heavens,Adderall Highway,Whatever Witch You Are,Dine Alone Records,
2022-12-08,1700-1800,DJ Stace,DJ Stace,All Them Witches,"Hush, I'm On TV ","Hush, I'm On TV (Single)",New West Records,
2022-12-08,1700-1800,DJ Stace,DJ Stace,Kevin Morby,Rock Bottom,This Is A Photograph,Dead Oceans,
2022-12-08,1700-1800,DJ Stace,DJ Stace,Veruca Salt,Seether,Seether,Minty Fresh,
2022-12-08,1700-1800,DJ Stace,DJ Stace,Nebula,I Need Somebody,Let It Burn,Relapse Records,
2022-12-08,1700-1800,DJ Stace,DJ Stace,Wet Leg,Ur Mum,Wet Leg,Domino Recording Company,
2022-12-08,1700-1800,DJ Stace,DJ Stace,Yeah Yeah Yeahs,Spitting Off The Edge Of The World (Feat. Perfume Genius),Cool It Down,Secretly Canadian,
2022-12-08,1700-1800,DJ Stace,DJ Stace,22º Halo,Dinner at Davey's,Garden Bed,Lost Sound,
2022-12-08,1700-1800,DJ Stace,DJ Stace,the Magnetic Fields,I Wish I Had An Evil Twin,I,Nonesuch Records,
2022-12-08,1700-1800,DJ Stace,DJ Stace,Panda Bear & Sonic Boom,Danger,RESET,Domino Recording Company,
2022-12-08,1700-1800,DJ Stace,DJ Stace,R.E. Seraphin,Big Break,Swingshift EP,Mt.St.Mtn.,
2022-12-08,1700-1800,DJ Stace,DJ Stace,The Pleasure Routine,Two Artists,Sugar Mountain,Self-Release,
2022-12-08,1700-1800,DJ Stace,DJ Stace,Bodega,Shiny New Model,Shiny New Model,What's Your Rupture?,
2022-12-08,1700-1800,DJ Stace,DJ Stace,Iron & Wine,Love Vigilantes,Around The Well,Sub Pop Records,
2022-12-08,1700-1800,DJ Stace,DJ Stace,Slaves,Are You Satisfied?,Are You Satisfied?,Virgin EMI Records,
2022-12-01,1700-1800,DJ Stace,DJ Stace,"Dalton, Karen",Something On Your Mind,Something On Your Mind,Light in the Attic Records,
2022-12-01,1700-1800,DJ Stace,DJ Stace,Swans,Love Will Save You,White Light From The Mouth Of Infinity,Young God Records,
2022-12-01,1700-1800,DJ Stace,DJ Stace,Sturgill Simpson,The Promise,Metamodern Sounds In Country Music,Loose Music,
2022-12-01,1700-1800,DJ Stace,DJ Stace,Monk Parker,Gaudy Fame,Crown Of Sparrows,Stargazer Records,
2022-12-01,1700-1800,DJ Stace,DJ Stace,Cass McCombs,Karaoke,Heartmind,Anti-,
2022-12-01,1700-1800,DJ Stace,DJ Stace,"Bedouine, Hurray for the Riff Raff, and Waxahatchee",Thirteen,Thirteen (Single),Spacebomb,
2022-12-01,1700-1800,DJ Stace,DJ Stace,Matt Sweeney & Bonnie Prince,My Home Is the Sea,Superwolf,Drag City,
2022-12-01,1700-1800,DJ Stace,DJ Stace,Yeah Yeah Yeahs,Burning,Cool It Down,Secretly Canadian,
2022-12-01,1700-1800,DJ Stace,DJ Stace,"Yeah, Yeah, Yeahs",Maps (Acoustic),Sessions@AOL,AOL,
2022-12-01,1700-1800,DJ Stace,DJ Stace,"Segall, Ty",My Lady's On Fire,Pig Man Lives: Volume 1,Drag City,
2022-12-01,1700-1800,DJ Stace,DJ Stace,Wet Leg,Oh No,Wet Leg,Domino Recording Company,
2022-12-01,1700-1800,DJ Stace,DJ Stace,The Strokes,Hard To Explain,"Strokes, The",Bmg Music,
2022-12-01,1700-1800,DJ Stace,DJ Stace,Dave Edmunds,Trouble Boys,"Best Of Dave Edmunds, The",Swan Song,
2022-12-01,1700-1800,DJ Stace,DJ Stace,Low Cut Connie,Revolution Rock&Roll,Dirty Pictures Part 1,Contender,
2022-11-24,1700-1800,DJ Stace,DJ Stace,Gavin Bryars With Tom Waits,Jesus Blood Never Failed Me Yet: Tramp with Orchestra (string quartet),Jesus Blood Never Failed Me Yet,Point Musiv,
2022-11-24,1700-1800,DJ Stace,DJ Stace,Gavin Bryars With Tom Waits,Jesus Blood Never Failed Me Yet: Tramp with Orchestra (no strings),Jesus Blood Never Failed Me Yet,Point Music,
2022-11-24,1700-1800,DJ Stace,DJ Stace,Gavin Bryars With Tom Waits,	Jesus Blood Never Failed Me Yet: Tramp with Orchestra (full strings),Jesus Blood Never Failed Me Yet,Point Music,
2022-11-24,1700-1800,DJ Stace,DJ Stace,Gavin Bryars With Tom Waits,Jesus Blood Never Failed Me Yet: Tramp and Tom Waits with full Orchestra,Jesus Blood Never Failed Me Yet,Point Music,
2022-11-24,1700-1800,DJ Stace,DJ Stace,Gavin Bryars With Tom Waits,Jesus Blood Never Failed Me Yet: Coda: Tom Waits with High Strings,Jesus Blood Never Failed Me Yet,Point Music,
2022-11-17,1700-1800,DJ Stace,DJ Stace,Yeah Yeah Yeahs,Wolf,Cool It Down,Secretly Canadian,
2022-11-17,1700-1800,DJ Stace,DJ Stace,The Hives,Hate To Say I Told You So,Your New Favorite Band,Poptones,
2022-11-17,1700-1800,DJ Stace,DJ Stace,13th Floor Elevators,You're Gonna Miss Me,Absolutely The Best Of The 13th Floor Elevators,Fuel 2000,
2022-11-17,1700-1800,DJ Stace,DJ Stace,Ezra Furman,Train Comes Through,All Of Us Flames,Bella Union,
2022-11-17,1700-1800,DJ Stace,DJ Stace,Wet Leg,Chaise Longue,Wet Leg,Domino Recording Company,
2022-11-17,1700-1800,DJ Stace,DJ Stace,Spoon,The Fitted Shirt,Girls Can Tell,Merge Records,
2022-11-17,1700-1800,DJ Stace,DJ Stace,Yeah Yeah Yeahs,Maps,Fever to Tell,Interscope Records,
2022-11-17,1700-1800,DJ Stace,DJ Stace,Queens of the Stone Age,In the Fade,R,Interscope Records,
2022-11-17,1700-1800,DJ Stace,DJ Stace,Camp Cope,Running With the Hurricane,Running With the Hurricane,Run For Cover,
2022-11-17,1700-1800,DJ Stace,DJ Stace,Spoon,The Hardest Cut,Lucifer on the Sofa,Matador Records,
2022-11-17,1700-1800,DJ Stace,DJ Stace,Built to Spill,Cortez the Killer,Live,Warner Brothers (Modern),
2022-11-10,1700-1800,DJ Stace,DJ Stace,Special Interest,Cherry Blue Intention,Endure,Rough Trade Records,
2022-11-10,1700-1800,DJ Stace,DJ Stace,Cage the Elephant,Ready to Go,Social Cues,RCA,
2022-11-10,1700-1800,DJ Stace,DJ Stace,Wet Leg,Wet Dream,Wet Leg,Domino Recording Company,
2022-11-10,1700-1800,DJ Stace,DJ Stace,Hanni El Khatib,Mexico,Moonlight,Innovative Leisure Records,
2022-11-10,1700-1800,DJ Stace,DJ Stace,Car Seat Headrest,Drunk Drivers/Killer Whales (Single Version),Drunk Drivers/Killer Whales (Single Version),Matador Records,
2022-11-10,1700-1800,DJ Stace,DJ Stace,Mr. Gnome,Space Opera,The Day You Flew Away,El Marko,
2022-11-10,1700-1800,DJ Stace,DJ Stace,Black Angels,Without a Trace,Wilderness of Mirrors,Partisan Records,
2022-11-10,1700-1800,DJ Stace,DJ Stace,Alex G,No BItterness,Save the Animals,Domino Recording Company Image result for Save the Animals label alex g,
2022-11-10,1700-1800,DJ Stace,DJ Stace,Ezra Furman,Train Comes Through,All Of Us Flames,Bella Union,
2022-11-10,1700-1800,DJ Stace,DJ Stace,Built to Spill,Understood,When the Wind Forgets Your Name,SUB POP,
2022-11-10,1700-1800,DJ Stace,DJ Stace,Low Cut Connie,Revolution Rock & Roll,Dirty Pictures (pt 1),Contender Records,
2022-11-10,1700-1800,DJ Stace,DJ Stace,Yeah Yeah Yeahs,Spitting Off The Edge Of The World (Feat. Perfume Genius),Cool It Down,Secretly Canadian,
2022-11-10,1700-1800,DJ Stace,DJ Stace,Ibibio Sound Machine,Protection from Evil,Electricity,Merge Records,
2022-11-10,1700-1800,DJ Stace,DJ Stace,Low,Dance Song '97,Dig Me In: A Dig Me Out Cover Album,Sleater-Kinney,
2022-11-10,1700-1800,DJ Stace,DJ Stace,Sault,Heal the World,Today & Tomorrow,Sault,
2022-11-03,1700-1800,DJ Stace,DJ Stace,The Mars Volta,Equus 3,The Mars Volta,Clouds Hill,
2022-11-03,1700-1800,DJ Stace,DJ Stace,King Gizzard And The Lizard Wizard,Hate Dancin',Hate Dancin' (Single),KGLW,
2022-11-03,1700-1800,DJ Stace,DJ Stace,Yeah Yeah Yeahs,Burning,Cool It Down,Secretly Canadian,
2022-11-03,1700-1800,DJ Stace,DJ Stace,Interpol,Fables,Fables (single),Matador,
2022-11-03,1700-1800,DJ Stace,DJ Stace,Spoon,The Devil & Mister Jones (Adrian Sherwood Reconstruction),The Devil & Mister Jones (Adrian Sherwood Reconstruction),Matador,
2022-11-03,1700-1800,DJ Stace,DJ Stace,Spoon,The Underdog,Ga Ga Ga Ga Ga,Merge Records,
2022-11-03,1700-1800,DJ Stace,DJ Stace,Steel Beans,Molotov Cocktail Lounge,Molotov Cocktail Lounge (single),Salmonella Records,
2022-11-03,1700-1800,DJ Stace,DJ Stace,Sault,Heal the World,Today & Tomorrow,Forever Living Originals,
2022-11-03,1700-1800,DJ Stace,DJ Stace,Built to Spill,Spiderweb,When the Wind Forgets Your Name,Sub Pop,
2022-11-03,1700-1800,DJ Stace,DJ Stace,Alex G,No Bitterness,God Save The Animals,Domino Recording Company,
2022-11-03,1700-1800,DJ Stace,DJ Stace,Beth Orton,Haunted Satellite,Weather Alive,Partisan Records,
2022-11-03,1700-1800,DJ Stace,DJ Stace,Low,Dance Song '97,Dig Me In: A Dig Me Out Covers Album,Kill Rock Stars,
2022-11-03,1700-1800,DJ Stace,DJ Stace,Afghan Whigs,"Please, Baby, Please",How Do You Burn?,BMG,
2022-11-03,1700-1800,DJ Stace,DJ Stace,Karen Dalton,Something On Your Mind,In My Own Time (50th Anniversary Edition),Paramount Records,
2022-11-03,1700-1800,DJ Stace,DJ Stace,SAULT,Fear No One,11,Forever Living Originals,
2022-10-20,1700-1800,DJ Stace,DJ Stace,Steel Beans,Molotov Cocktail Lounge,Molotov Cocktail Lounge,Steel Beans,
2022-10-20,1700-1800,DJ Stace,DJ Stace,Wet Leg,Chaise Longue,Wet Leg,Domino Recording Company,
2022-10-20,1700-1800,DJ Stace,DJ Stace,Bodega,Shiny New Model,Shiny New Model,What's Your Rupture?,
2022-10-20,1700-1800,DJ Stace,DJ Stace,Car Seat Headrest,Drunk Drivers/Killer Whales,Drunk Drivers/Killer Whales (single),Matador,
2022-10-20,1700-1800,DJ Stace,DJ Stace,Orville Peck,Daytona Sand,Bronco,Sub Pop Records,
2022-10-20,1700-1800,DJ Stace,DJ Stace,Yeah Yeah Yeahs,Spitting Off the Edge of the World,Cool It Down,Secretly Canadian,
2022-10-20,1700-1800,DJ Stace,DJ Stace,Yeah Yeah Yeahs,Maps (Acoustic),Acoustic Sessions @AOL,AOL,
2022-10-20,1700-1800,DJ Stace,DJ Stace,Spoon,The Underdog,Ga Ga Ga Ga Ga,Merge Records,
2022-10-20,1700-1800,DJ Stace,DJ Stace,Spoon,Wild,Lucifer on the Sofa,Matador Records,
2022-10-20,1700-1800,DJ Stace,DJ Stace,Those Bastard Souls,The Train From Terminal Boredom,Twentieth Century Chemical,Darla Records,
2022-10-20,1700-1800,DJ Stace,DJ Stace,Father John Misty,Disappointing Diamonds Are The Rarest Of Them All,God's Favorite Customer,Sub Pop Records,
2022-10-20,1700-1800,DJ Stace,DJ Stace,Lucy Dacus,In The Air Tonight,2019 Ep,Matador Records,
2022-10-20,1700-1800,DJ Stace,DJ Stace,Mr Gnome,Space Opera,The Day You Flew Away,El Marko Records,
2022-10-20,1700-1800,DJ Stace,DJ Stace,Panda Bear & Sonic Boom,Getting to the Point,Reset,Domino Recording Company,
2022-10-20,1700-1800,DJ Stace,DJ Stace,The Black Angels ,WIthout a Trace,Wilderness of Mirrors,Partisan Records,
2022-10-13,1700-1800,DJ Stace,DJ Stace,Steel Beans,Molotov Cocktail Lounge,Molotov Cocktail Lounge (Single),Steel Beans,
2022-10-13,1700-1800,DJ Stace,DJ Stace,Spoon,The Hardest Cut,The Hardest Cut (Paolo Baldini Mix),Matador,
2022-10-13,1700-1800,DJ Stace,DJ Stace,The Linda Lindas,"Racist, Sexist Boy",Growing Up,Epitaph Records,
2022-10-13,1700-1800,DJ Stace,DJ Stace,Eagles of Death Metal,San Berdoo Sunburn,Peace Love Death Metal,AntAcidAudio,
2022-10-13,1700-1800,DJ Stace,DJ Stace,Black Angels,Without a Trace,Wilderness of Mirrors,Partisan Records,
2022-10-13,1700-1800,DJ Stace,DJ Stace,Afghan Whigs,"Please, Baby, Please",How Do You Burn?,Royal Cream,
2022-10-13,1700-1800,DJ Stace,DJ Stace,Kevin Morby,Stop Before I Cry,This Is A Photograph,Dead Oceans,
2022-10-13,1700-1800,DJ Stace,DJ Stace,Art Moore,Snowy,Art Moore,ANTI‐,
2022-10-13,1700-1800,DJ Stace,DJ Stace,Daniele Luppi & Parquet Courts,Soul And Cigarette,Milano,30th Century Records/Columbia,
2022-10-13,1700-1800,DJ Stace,DJ Stace,Built to Spill,Understood,When the Wind Forgets Your Name,SUB POP,
2022-10-13,1700-1800,DJ Stace,DJ Stace,The Mars Volta,Equus 3,The Mars Volta,Gold Standard Laboratories,
2022-10-13,1700-1800,DJ Stace,DJ Stace,Panda Bear & Sonic Boom,Danger,Reset,Domino Recording Company Image result for panda bear reset label,
2022-10-13,1700-1800,DJ Stace,DJ Stace,Lucy Dacus,Dancing In The Dark,2019 Ep,Matador Records,
2022-10-13,1700-1800,DJ Stace,DJ Stace,"Beths, The",Silence is Golden,Expert in a Dying Field,Carpark Records,
2022-10-04,1700-1800,DJ Stace,DJ Stace,Ty Segall,Every 1's A Winner (Hot Chocolate cover),Freedom's Goblin,Drag City,
2022-10-04,1700-1800,DJ Stace,DJ Stace,Screaming Females,Shake It Off (Taylor Swift cover),Singles Too,Don Giovanni Records,
2022-10-04,1700-1800,DJ Stace,DJ Stace,Queens Of The Stone Age,Who'll Be The Next In Line (Kinks cover),Feel Good Hit Of The Summer,Interscope Records,
2022-10-04,1700-1800,DJ Stace,DJ Stace,Soundgarden,GIrl U Want (Devo cover),Echo Of Miles: Scattered Tracks Across The Path,A&M Records,
2022-10-04,1700-1800,DJ Stace,DJ Stace,Eagles of Death Metal,Careless Whispers (Wham! cover),EODM Presents Boots Electric Performing The Best Songs We Never Wrote,Universal Music,
2022-10-04,1700-1800,DJ Stace,DJ Stace,Melvins,I Wanna Hold Your Hand (Beatles cover),Pinkus Abortion Technician,Amphetamine Reptile Records,
2022-10-04,1700-1800,DJ Stace,DJ Stace,Car Seat Headrest,Substitute (Who cover),MADLO: Influences,Matador Records,
2022-10-04,1700-1800,DJ Stace,DJ Stace,Lucius,Right Down the Line (Gerry Rafferty cover),Nudes,Mom + Pop Music,
2022-10-04,1700-1800,DJ Stace,DJ Stace,Father John Misty,The Suburbs (Arcade Fire cover),CBC Music,CBC Music,
2022-10-04,1700-1800,DJ Stace,DJ Stace,"Bedouine, Waxahatchee & Hurray For The Riff Raff",Thirteen (Big Star cover),Thirteen (Single),Spacebomb Records,
2022-10-04,1700-1800,DJ Stace,DJ Stace,Beck,True Love Will Find You in the End (Daniel Johnston cover),True Love Will Find You in the End (Single),Iliad,
2022-10-04,1700-1800,DJ Stace,DJ Stace,St. Vincent,Never Tear Us Apart (INXS cover),Kick,Beck’s Record Club,
2022-10-04,1700-1800,DJ Stace,DJ Stace,Iron & Wine,Love Vigilantes (New Order cover),Around The Well,Sub Pop Records,
2022-10-04,1700-1800,DJ Stace,DJ Stace,Death Cab for Cutie,Tractor Rape Chain (Guided By Voices cover),SiriusXM Live,SiriusXM Live,
2022-10-04,1700-1800,DJ Stace,DJ Stace,Sturgill Simpson,The Promise (When In Rome cover),Metamodern Sounds In Country Music,Loose Music,
2022-09-20,1700-1800,DJ Stace,DJ Stace,The Mars Volta,Equus 3,The Mars Volta,Clouds Hill,
2022-09-20,1700-1800,DJ Stace,DJ Stace,The Black Angels,Without a Trace,Wilderness of Mirrors,Partisan Records,
2022-09-20,1700-1800,DJ Stace,DJ Stace,Panda Bear & Sonic Boom,Danger,Reset,Domino Recording Company,
2022-09-20,1700-1800,DJ Stace,DJ Stace,Broken Bells,Saturdays,Saturdays (SIngle),Elephant 6,
2022-09-20,1700-1800,DJ Stace,DJ Stace,The National (Feat Bon Iver),Weird Goodbyes ,Weird Goodbyes (Single) ,4AD,
2022-09-20,1700-1800,DJ Stace,DJ Stace,Built to Spill,Understood,When The Wind Forgets Your Name,SUB POP,
2022-09-20,1700-1800,DJ Stace,DJ Stace,Afghan Whigs,"Please, Baby, Please",How Do You Burn?,Royal Cream,
2022-09-20,1700-1800,DJ Stace,DJ Stace,Carseat Headrest,Golden Years,MADLO: Influences,Matador Records,
2022-09-20,1700-1800,DJ Stace,DJ Stace,Arlo Parks,Collapsed in Sunbeams,Hurt,Transgressive Records,
2022-09-20,1700-1800,DJ Stace,DJ Stace,Widowspeak,Everything is SImple,The Jacket,Captured Tracks,
2022-09-20,1700-1800,DJ Stace,DJ Stace,"Yeah, Yeah, Yeahs",Spitting off the Edge of the World (Feat. Perfume Genius),Cool It Down,Secretly Canadian,
2022-09-20,1700-1800,DJ Stace,DJ Stace,BODEGA,Post yr Kilimanjaro (Doers 2.0),Xtra Equipment,What's Your Rupture?,
2022-09-20,1700-1800,DJ Stace,DJ Stace,The Beths,Silence is Golden,Expert In A Dying Field,Carpark Records,
2022-08-23,1700-1800,DJ Stace,DJ Stace,Panda Bear & Sonic Boom,Gettin' to the Point,Reset,Domino Recording Company,
2022-08-23,1700-1800,DJ Stace,DJ Stace,Brian Wilson,Good Vibrations,Smile,Nonesuch Records,
2022-08-23,1700-1800,DJ Stace,DJ Stace,Marlena Shaw,Woman Of The Ghetto (Live From The Montreux Jazz Festival),Blue Break Beats Vol. 4,Blue Note Records,
2022-08-23,1700-1800,DJ Stace,DJ Stace,Blue Boy,Remember Me,Mushroom Jazz,Om Records,
2022-08-23,1700-1800,DJ Stace,DJ Stace,Santigold,Ain't ready,Spirituals,Little Jerk Records,
2022-08-23,1700-1800,DJ Stace,DJ Stace,Sharon Van Etten,Anything,We've Been Going About This All Wrong,Jagjaguwar,
2022-08-23,1700-1800,DJ Stace,DJ Stace,Widowspeak,Everything is Simple,The Jacket,Captured Tracks,
2022-08-23,1700-1800,DJ Stace,DJ Stace,Sun's Signature,Golden Air,Sun's Signature,PTKF,
2022-08-23,1700-1800,DJ Stace,DJ Stace,Cocteau Twins,Wax And Wane,Garlands,4AD,
2022-08-23,1700-1800,DJ Stace,DJ Stace,Art Moore,Snowy,Art Moore,ANTI‐,
2022-08-23,1700-1800,DJ Stace,DJ Stace,Sylvan Esso,Echo Party,No Rules Sandy,Loma VIsta Recordings,
2022-08-23,1700-1800,DJ Stace,DJ Stace,Cheekface,We Need a Bigger Dumpster,Too Much to Ask ,Cheekface,
2022-08-16,1700-1800,DJ Stace,DJ Stace,"Bill Calahan & Bonnie ""Prince"" Billy",Miracles (feat. Ty Segall),Blind Date,Drag City,
2022-08-16,1700-1800,DJ Stace,DJ Stace,Smog,Hit The Ground Running,Knock Knock,Drag City,
2022-08-16,1700-1800,DJ Stace,DJ Stace,"Bonnie ""Prince"" Billy & Matt Sweeney",My Home Is The Sea,Superwolf,Drag City,
2022-08-16,1700-1800,DJ Stace,DJ Stace,Ty Segall,My Lady's On Fire,Freedom's Goblin,Drag City,
2022-08-16,1700-1800,DJ Stace,DJ Stace,Panda Bear & Sonic Boom,Danger,Reset,Domino,
2022-08-16,1700-1800,DJ Stace,DJ Stace,Bodega,Post yr Kilimanjaro (Doers 2.0),XTRA Equipment,What's Your Rupture?,
2022-08-16,1700-1800,DJ Stace,DJ Stace,U.S. Girls,So Typically Now,So Typically Now,4AD,
2022-08-16,1700-1800,DJ Stace,DJ Stace,Kurt Vile and the Violators,Run Run Run,I'll Be Your Mirror: A Tribute To The Velvet Underground & Nico,Verve Records,
2022-08-16,1700-1800,DJ Stace,DJ Stace,"Barnett, Courtney","So Long, Marianne",MTV Unplugged (Live in Melbourne),Mom + Pop Music,
2022-08-16,1700-1800,DJ Stace,DJ Stace,Sturgill Simpson,The Promise,Metamodern Sounds In Country Music,Loose Music,
2022-08-16,1700-1800,DJ Stace,DJ Stace,Lucius,Right Down the Line,Nudes,Mom + Pop Music,
2022-08-16,1700-1800,DJ Stace,DJ Stace,Art Moore,A Different Life,Art Moore,ANTI‐,
2022-08-09,1700-1800,DJ Stace,DJ Stace,Andrew Bird & Lucius,Venus In Furs,I'll Be Your Mirror: A Tribute To The Velvet Underground & Nico,Verve Records,
2022-08-09,1700-1800,DJ Stace,DJ Stace,Lucius,RIght Down the Line,Nudes,Mom + Pop Music,
2022-08-09,1700-1800,DJ Stace,DJ Stace,Andrew Bird,Eight,Inside Problems,Loma Vista,
2022-08-09,1700-1800,DJ Stace,DJ Stace,Painteens,It Will,"It Will (7"")",Trance Records,
2022-08-09,1700-1800,DJ Stace,DJ Stace,Father John Misty,Goodbye Mr. Blue,Chloë and the Next 20th Century,SubPop,
2022-08-09,1700-1800,DJ Stace,DJ Stace,Arcade Fire,End Of The Empire I-IV (Tracks 4 & 5),WE,Columbia Records,
2022-08-09,1700-1800,DJ Stace,DJ Stace,Art Moore,A DIfferent Life,Art Moore,Anti-,
2022-08-09,1700-1800,DJ Stace,DJ Stace,Bodega,Provisional,Xtra Equipment,What's Your Rupture?,
2022-08-09,1700-1800,DJ Stace,DJ Stace,Fugazi,Provisional,13 Songs,Dischord Records,
2022-08-09,1700-1800,DJ Stace,DJ Stace,Sharon Van Etten,Come Back,We've Been Going About This All Wrong,Jagjaguwar,
2022-08-09,1700-1800,DJ Stace,DJ Stace,The Black Angels,Without a Trace,Without a Trace (Single),Partisan Records,
2022-08-09,1700-1800,DJ Stace,DJ Stace,King Gizzard & the Lizard Wizard,Blame it on The Weather,Omnium Gatherum,KGLW (King Gizzard & the Lizard Wizard),
2022-08-02,1700-1800,DJ Stace,DJ Stace,Scratch Acid,Greatest Gift,"Greatest Gift, The",Touch and Go,
2022-08-02,1700-1800,DJ Stace,DJ Stace,TV Priest,The Big Curve,Uppers,SubPop,
2022-08-02,1700-1800,DJ Stace,DJ Stace,Spoon,Lines In The Suit,Girls Can Tell,Merge Records,
2022-08-02,1700-1800,DJ Stace,DJ Stace,Spoon,THe Hardest Cut (Paolo Baldini Remix),THe Hardest Cut ,Matador Records,
2022-08-02,1700-1800,DJ Stace,DJ Stace,Bodega,Provisional,Xtra Equipment,What's Your Rupture?,
2022-08-02,1700-1800,DJ Stace,DJ Stace,Kurt Vile,Like Exploding Stones,(Watch My Moves),Verve Records,
2022-08-02,1700-1800,DJ Stace,DJ Stace,"Yeah, Yeah, Yeahs",Spitting Off the Edge of the World (feat. Perfume Genius),Cool It Down,Secretly Canadian,
2022-08-02,1700-1800,DJ Stace,DJ Stace,Yeah Yeah Yeahs,Maps,Fever to Tell,Interscope Records,
2022-08-02,1700-1800,DJ Stace,DJ Stace,"Beths, The",Silence is Golden,Expert In A Dying Field,Carpark Records,
2022-08-02,1700-1800,DJ Stace,DJ Stace,Guided by Voices,Who Wants to Go Hunting?,Tremblers and Goggles By Rank,GBV Inc.,
2022-08-02,1700-1800,DJ Stace,DJ Stace,Courtney Barnett,Turning Green,"Things Take Time, Take Time",Mom + Pop,
2022-08-02,1700-1800,DJ Stace,DJ Stace,Wet Leg,Wet Dream,Wet Leg,Domino Recording Company,
2022-08-02,1700-1800,DJ Stace,DJ Stace,Songs: Ohia,Farewell Transmission,Magnolia Electric Co. [10th Anniversary Reissue],Secretly Canadian,
2022-07-26,1700-1800,DJ Stace,DJ Stace,Sharon Van Etten,Come Back,We've Been Going About This All Wrong,Jagjaguwar,
2022-07-26,1700-1800,DJ Stace,DJ Stace,Karen Dalton,Something on Your Mind,Something on Your Mind,Light in the Attic,
2022-07-26,1700-1800,DJ Stace,DJ Stace,Shankar & the Epidemics,Sankarabaranam Pancha Nadai Pallavi,Passion: Sources,Realworld,
2022-07-26,1700-1800,DJ Stace,DJ Stace,Ellen Mcllwaine,We the People,We the People,Polydor,
2022-07-26,1700-1800,DJ Stace,DJ Stace,Joni Mitchell,California,Blue,Reprise,
2022-07-26,1700-1800,DJ Stace,DJ Stace,Pedro The Lion,Own Valentine,Havasu,Polyvinyl Record Co.,
2022-07-26,1700-1800,DJ Stace,DJ Stace,Arcade Fire,"The Lightning I, II (Tracks 6 & 7)",WE,Columbia Records,
2022-07-26,1700-1800,DJ Stace,DJ Stace,Big Thief,Red Moon,Dragon New Warm Mountain I Believe In You,4AD,
2022-07-26,1700-1800,DJ Stace,DJ Stace,Courtney Barnett,It I Don't Hear From You,"Things Take Time, Take Time",Mom + Pop,
2022-07-26,1700-1800,DJ Stace,DJ Stace,Funkadelic,Can You Get to That,Maggot Brain,,
2022-07-26,1700-1800,DJ Stace,DJ Stace,Sleigh Bells,Rill Rill,Treats,Mom + Pop,
2022-07-26,1700-1800,DJ Stace,DJ Stace,Ana Tijoux,1977,1977,Nacional,
2022-07-26,1700-1800,DJ Stace,DJ Stace,St. Vincent,Funkytown,Funkytown,,
2022-06-28,1700-1800,DJ Stace,DJ Stace,Grifters,Bronze Cast,Bronze Cast,Shangri-La Records,
2022-06-28,1700-1800,DJ Stace,DJ Stace,Andrew Bird & Lucius,Venus In Furs,I'll Be Your Mirror: A Tribute To The Velvet Underground & Nico,Verve Records,
2022-06-28,1700-1800,DJ Stace,DJ Stace,Andrew Bird,Atomized,Inside Problems,Loma Vista,
2022-06-28,1700-1800,DJ Stace,DJ Stace,Lucius,Right Down the Line,Nudes,Mom & Pop,
2022-06-28,1700-1800,DJ Stace,DJ Stace,Courtney Barnett,Turning Green,"Things Take Time, Take Time",Mom + Pop,
2022-06-28,1700-1800,DJ Stace,DJ Stace,Arcade Fire,End Of The Empire I-IV (Tracks 4 & 5),WE,Columbia Records,
2022-06-28,1700-1800,DJ Stace,DJ Stace,David Bowie,Starman,"Rise And Fall Of Ziggy Stardust And The Spiders From Mars, The",Rca Records (Modern),
2022-06-28,1700-1800,DJ Stace,DJ Stace,Big Thief,Red Moon,Dragon New Warm Mountain I Believe In You,4AD,
2022-06-28,1700-1800,DJ Stace,DJ Stace,Black Angels,El Jardin,El Jardin,Partisan Records,
2022-06-28,1700-1800,DJ Stace,DJ Stace,Sharon Van Etten,Mistakes,We've Been Going About This All Wrong,Jagjaguwar,
2022-06-28,1700-1800,DJ Stace,DJ Stace,Slaves,Are You Satisfied?,Are You Satisfied?,NY8 Records,
2022-06-28,1700-1800,DJ Stace,DJ Stace,Father John Misty,Trump's Private Pilot,Too Dumb for Suicide: Tim Heidecker’s Trump Songs,Jagjaguwar,
2022-03-18,1300-1500,DJ Stace,DJ Stace,Caroline Rose,Jeannie Becomes A Mom,Loner,New West Records,
2022-03-18,1300-1500,DJ Stace,DJ Stace,Big Audio Dynamite,E=Mc²,This Is Big Audio Dynamite,Columbia,
2022-03-18,1300-1500,DJ Stace,DJ Stace,Stephen Malkmus & The Jicks,Shiggy,Sparkle Hard,Matador Records,
2022-03-18,1300-1500,DJ Stace,DJ Stace,Ty Segall,Every 1's A Winner,Freedom's Goblin,Drag City,
2022-03-18,1300-1500,DJ Stace,DJ Stace,El Pan Blanco,Corredor Callejero,Droga,Just Send Nudes,
2022-03-18,1300-1500,DJ Stace,DJ Stace,Camp Cope,The Opener,How To Socialise & Make Friends,Run For Cover,
2022-03-18,1300-1500,DJ Stace,DJ Stace,Interpol,The Rover,The Rover (Single),Matador Records,
2022-03-18,1300-1500,DJ Stace,DJ Stace,Iceage,Pain Killer,Beyondless,Matador Records,
2022-03-18,1300-1500,DJ Stace,DJ Stace,Gallon Drunk,Arlington Road,From the Heart of Town,Sire Records (Modern),
2022-03-18,1300-1500,DJ Stace,DJ Stace,The Pleasure Routine,Two Artists,Sugar Mountain,Self-Release,
2022-03-18,1300-1500,DJ Stace,DJ Stace,Father John Misty,Disappointing Diamonds Are The Rarest Of Them All,God's Favorite Customer,Sub Pop Records,
2022-03-18,1300-1500,DJ Stace,DJ Stace,Father John Misty,Trump's Private Pilot (Father John Misty Version),Too Dumb for Suicide: Tim Heidecker's Trump Songs,Jagjaguwar,
2022-03-18,1300-1500,DJ Stace,DJ Stace,Hillary Susz,Dead Stars,"Heart Will Jump (With Nowhere To Fall), The",Self Release,
2022-03-18,1300-1500,DJ Stace,DJ Stace,The Nude Party,Water on Mars,The Nude Party,New West Records,
2022-03-18,1300-1500,DJ Stace,DJ Stace,Parquet Courts,Almost Had To Start A Fight / In And Out Of Patience,Wide Awake!,Rough Trade Records,
2022-03-18,1300-1500,DJ Stace,DJ Stace,Queens of the Stone Age,Goodbye Yellow Brick Road,Revamp: The Songs of Elton John & Bernie Taupin,Virgin EMI Records,
2022-03-18,1300-1500,DJ Stace,DJ Stace,U.S. Girls,Velvet 4 Sale,In A Poem Unlimited,4AD,
2022-03-18,1300-1500,DJ Stace,DJ Stace,Eagles of Death Metal,Blinded By the Light,Super Troopers 2 Sountrack,UME Direct,
2022-03-18,1300-1500,DJ Stace,DJ Stace,Guided By Voices,Space Gun,Space Gun,Gbv Records,
2022-03-18,1300-1500,DJ Stace,DJ Stace,The Faint,The Conductor,Capsule:1999-2016,Saddle Creek,
2022-03-18,1300-1500,DJ Stace,DJ Stace,Kurt Vile,Pretty Pimpin,B'lieve I'm Goin Down,Matador Records,
2022-03-18,1300-1500,DJ Stace,DJ Stace,Courtney Barnett & Kurt Vile,Over Everything,Lotta Sea Lice,Matador Records,
2022-03-18,1300-1500,DJ Stace,DJ Stace,Courtney Barnett,"Nameless, Faceless",Tell Me How You Really Feel,Mom + Pop,
2022-03-18,1300-1500,DJ Stace,DJ Stace,Keeps,Translucent Girl,Brief Spirit,Old Flame Records,
2022-03-18,1300-1500,DJ Stace,DJ Stace,King Tuff,Neverending Sunshine,"Other, The",Sub Pop Records,
2022-03-18,1300-1500,DJ Stace,DJ Stace,Caroline Rose,Money,Loner,New West Records,
2021-12-16,1100-1300,DJ Stace,DJ Stace,Jane's Addiction,Jane Says,Jane's Addiction,Triple X Records,
2021-12-16,1100-1300,DJ Stace,DJ Stace,Sleater-Kinney,Surface Envy,Live In Paris,Sub Pop Records,
2021-12-16,1100-1300,DJ Stace,DJ Stace,Spoon,Hot Thoughts,Hot Thoughts,Matador Records,
2021-12-16,1100-1300,DJ Stace,DJ Stace,Jay Som,Everybody Works,Everybody Works,Polyvinyl Record Co.,
2021-12-16,1100-1300,DJ Stace,DJ Stace,Inxs,Don't Change,Shabooh Shoobah,Atco Records,
2021-12-16,1100-1300,DJ Stace,DJ Stace,Hanni El Khatib,Black Constellation,Savage Times,Innovative Leisure Records,
2021-12-16,1100-1300,DJ Stace,DJ Stace,Guided By Voices,Tractor Rape Chain,Bee Thousand,Matador Records,
2021-12-16,1100-1300,DJ Stace,DJ Stace,Ty Segall,Warm Hands (Freedom Returned),Ty Segall,Drag City,
2021-12-16,1100-1300,DJ Stace,DJ Stace,The Flaming Lips,The Great Gig In The Sky,Dark Side Of The Moon,Warner Bros. Records,
2021-12-16,1100-1300,DJ Stace,DJ Stace,The Flaming Lips,One Night While Hunting For Faeries And Witches And Wizards To Kill,Oczy Mlody,Warner Bros. Records,
2021-12-16,1100-1300,DJ Stace,DJ Stace,Pink Floyd,Fearless,Meddle,Capitol Records,
2021-12-16,1100-1300,DJ Stace,DJ Stace,Bob Marley & The Wailers,Amen,"One Love: At Studio One, 1964-1966",Heartbeat,
2021-12-16,1100-1300,DJ Stace,DJ Stace,Jimmy Cliff,The Harder They Come,"Harder They Come, the",Mango Records/Axiom,
2021-12-16,1100-1300,DJ Stace,DJ Stace,The Kills,Siberian Nights,Ash & Ice,Domino Recording Company,
2021-12-16,1100-1300,DJ Stace,DJ Stace,Gap Dream,Rock And Roll,This Is Gap Dream,Burger Records,
2021-12-16,1100-1300,DJ Stace,DJ Stace,Novella,Come In,Change Of State,Sinderlyn,
2021-12-16,1100-1300,DJ Stace,DJ Stace,Brant Bjork,Toot,Jalamanta,Man's Ruin Records,
2021-12-16,1100-1300,DJ Stace,DJ Stace,"Weiss, Chuck E.",Devil with Blue Suede Shoes,Extremely Cool,Rykodisc,
2021-12-16,1100-1300,DJ Stace,DJ Stace,Dr. John,Everybody Wanna Get Rich Rite Away,What It Is. Funky Soul and Rare Grooves,Rhino Records,
2021-12-16,1100-1300,DJ Stace,DJ Stace,Kyle Craft,Lady Of The Ark,Dolls Of Highland,Sub Pop Records,
2021-12-16,1100-1300,DJ Stace,DJ Stace,Conor Oberst,Napalm,Salutations,Nonesuch Records,
2021-12-16,1100-1300,DJ Stace,DJ Stace,Dead Kennedys,Holiday in Cambodia,Give Me Convenience or Give Me,Alternative Tentacles Records,
2021-12-16,1100-1300,DJ Stace,DJ Stace,The Pleasure Routine,Two Artists,Sugar Mountain,Self,
2021-12-16,1100-1300,DJ Stace,DJ Stace,Clap Your Hands Say Yeah,Fireproof,"Tourist, The",Self-Release,
2021-12-16,1100-1300,DJ Stace,DJ Stace,Guided By Voices,My Valuable Hunting Knife,Alien Lanes,Matador Records,
2021-11-30,1700-1900,DJ Stace,DJ Stace,Fontaines D.C.,Chequeless Reckless,Singles,Partisan Records,
2021-11-30,1700-1900,DJ Stace,DJ Stace,Fontaines D.C.,The Cuckoo Is A-Callin',Singles,Partisan Records,
2021-11-30,1700-1900,DJ Stace,DJ Stace,The Glands,Pleaser,Double Coda,New West Records,
2021-11-30,1700-1900,DJ Stace,DJ Stace,The Glands,Pie,Double Coda,New West Records,
2021-11-30,1700-1900,DJ Stace,DJ Stace,Flat Worms,Into The Iris,Into The Iris,God?,
2021-11-30,1700-1900,DJ Stace,DJ Stace,Flat Worms,Goodbye Texas,Flat Worms,Volar,
2021-11-30,1700-1900,DJ Stace,DJ Stace,Andrew Bird,Sisyphus,Sisyphus,Loma Vista Recordings,
2021-11-30,1700-1900,DJ Stace,DJ Stace,Phosphorescent,New Birth In New England,C'est La Vie,Dead Oceans,
2021-11-30,1700-1900,DJ Stace,DJ Stace,Jealous Of The Birds,Plastic Skeletons,The Moths Of What I Want Will Eat Me In My Sleep,Hand In Hive,
2021-11-30,1700-1900,DJ Stace,DJ Stace,Bob Mould,Sacrifice/Let there Be Peace,Black Sheets O' Rain,(Unknown),
2021-11-30,1700-1900,DJ Stace,DJ Stace,Sharon Van Etten,Comeback Kid,Remind Me Tomorrow,Jagjaguwar,
2021-11-30,1700-1900,DJ Stace,DJ Stace,She Keeps Bees,Feather Lighter,Eight Houses,Self-Release,
2021-11-30,1700-1900,DJ Stace,DJ Stace,Altopalo,Mono,Frozenthere,Samedi Records,
2021-11-30,1700-1900,DJ Stace,DJ Stace,Monk Parker,Gaudy Fame,Crown Of Sparrows,Stargazer Records,
2021-11-30,1700-1900,DJ Stace,DJ Stace,Sin Ropas,You'll Take the Knife Out,Three Cherries,Perishable,
2021-11-30,1700-1900,DJ Stace,DJ Stace,Hanni El Khatib,Jealous Guy,Rudy & Hanni,Innovative Liesure,
2021-11-30,1700-1900,DJ Stace,DJ Stace,White Denim,Magazin,Performance,City Slang,
2021-11-30,1700-1900,DJ Stace,DJ Stace,Guided by Voices,Jam Warsong,Zeppelin Over China,GBV Inc.,
2021-11-30,1700-1900,DJ Stace,DJ Stace,Guided by Voices,Questions of the Test,Zeppelin Over China,GBV Inc.,
2021-11-30,1700-1900,DJ Stace,DJ Stace,The Nude Party,Records,"Nude Party, The",New West Records,
2021-11-30,1700-1900,DJ Stace,DJ Stace,Low Cut Connie,Revolution Rock&Roll,Dirty Pictures (part 1),Contender Records,
2021-11-30,1700-1900,DJ Stace,DJ Stace,Nirvana,Lake of Fire,Unplugged in New York,Geffen Records,
2021-11-30,1700-1900,DJ Stace,DJ Stace,Meat Puppets,Backwater,Too High to Die,London Records (Modern),
2021-11-30,1700-1900,DJ Stace,DJ Stace,Deerhunter,No One's Sleeping,Why Hasn't Everything Already Disappeared?,4AD,
2021-11-30,1700-1900,DJ Stace,DJ Stace,Spoon,The Underdog,Ga Ga Ga Ga Ga,Merge Records,
2021-11-30,1700-1900,DJ Stace,DJ Stace,Beirut,Gibraltar,No No No,4AD,
2021-11-30,1700-1900,DJ Stace,DJ Stace,Special Interest,"Young, Gifted, Black, In Leather",Spiraling,Raw Sugar,
2021-11-30,1700-1900,DJ Stace,DJ Stace,Sunflower Bean,Come For Me,King Of The Dudes,Mom + Pop,
2021-11-30,1700-1900,DJ Stace,DJ Stace,Sneaks,Cinnamon,Highway Hypnosis,Merge Records,
2021-10-07,1600-1800,DJ Stace,DJ Stace,Michael Kiwanuka,Cold Little Heart,Love & Hate,Interscope Records,
2021-10-07,1600-1800,DJ Stace,DJ Stace,Karen O & Danger Mouse,Woman,Lux Prima,30th Century Records/Columbia,
2021-10-07,1600-1800,DJ Stace,DJ Stace,The Dandy Warhols,Be Alright,Why You So Crazy,Dine Alone Records,
2021-10-07,1600-1800,DJ Stace,DJ Stace,Froth,Laurel,Duress,Wichita Recordings,
2021-10-07,1600-1800,DJ Stace,DJ Stace,Fontaines D.C.,Chequeless Reckless,Dogrel,Partisan Records,
2021-10-07,1600-1800,DJ Stace,DJ Stace,Snapped Ankles,Rechargeable,Stunning Luxury,The Leaf Label,
2021-10-07,1600-1800,DJ Stace,DJ Stace,Future Punx,F Boys,"World Is A Mess, The",Modern Sky Entertainment,
2021-10-07,1600-1800,DJ Stace,DJ Stace,The Murlocs,Catch 22,Manic Candid Episode,Flightless Records,
2021-10-07,1600-1800,DJ Stace,DJ Stace,Stef Chura,Sweet Sweet Midnight,Midnight,Saddle Creek,
2021-10-07,1600-1800,DJ Stace,DJ Stace,Car Seat Headrest,1937 State Park,Teens Of Denial,Matador Records,
2021-10-07,1600-1800,DJ Stace,DJ Stace,Shitkid,Romance,[Detention],Pnkslm Recordings,
2021-10-07,1600-1800,DJ Stace,DJ Stace,Black Pistol Fire,Pick Your Poison,Pick Your Poison (single),Modern Outsider,
2021-10-07,1600-1800,DJ Stace,DJ Stace,Eagles of Death Metal,Abracadabra,EODM present Boots Electric Performing the Best Songs He Never Wrote,EODM,
2021-10-07,1600-1800,DJ Stace,DJ Stace,The Imajinary Friends,Space Trash,"Imajinary Friends, The",300 Mics,
2021-10-07,1600-1800,DJ Stace,DJ Stace,The Intelligence,Strobe Light Captain,Un-Psychedelic in Peavey City,Vapid Moonlighting Inc.,
2021-10-07,1600-1800,DJ Stace,DJ Stace,The Pleasure Routine,Bloody Nose,Bloody Nose (Single) & Wnl Cuts,Self Release,
2021-10-07,1600-1800,DJ Stace,DJ Stace,Brandy,Clown Pain,"""clown Pain"" B/w ""rent Quest""",Total Punk Records,
2021-10-07,1600-1800,DJ Stace,DJ Stace,Shonen Knife,Dizzy,Sweet Candy Power,Good Charamel Records,
2021-10-07,1600-1800,DJ Stace,DJ Stace,The Coathangers,Step Back,"Devil You Know , The",Suicide Squeeze Records,
2021-10-07,1600-1800,DJ Stace,DJ Stace,"Avett Brothers, the",Laundry Room,"I, and Love, and You",American Recordings,
2021-10-07,1600-1800,DJ Stace,DJ Stace,The Felice Brothers,Nail It On The First Try,Undress,Yep Roc Records,
2021-10-07,1600-1800,DJ Stace,DJ Stace,the Glands,Livin' Was Easy,"Glands, the",Capricorn Records,
2021-10-07,1600-1800,DJ Stace,DJ Stace,Sebadoh,Medicate,Act Surprised,Dangerbird Records,
2021-08-26,1600-1800,DJ Stace,DJ Stace,Deadfellow,If Earthquakes Claimed La,Mescalifornia: A California Dream,Self-Release,
2021-08-26,1600-1800,DJ Stace,DJ Stace,Cigarettes After Sex,Sweet,Cigarettes After Sex,Partisan Records,
2021-08-26,1600-1800,DJ Stace,DJ Stace,Dan Auerbach,Undertow,Waiting On A Song,Easy Eye Sound,
2021-08-26,1600-1800,DJ Stace,DJ Stace,The Arcs,Fool's Gold,30th Century Records Compilation Volume 1,30th Century Records,
2021-08-26,1600-1800,DJ Stace,DJ Stace,Naomi Punk,Chapter Ii,Yellow,Captured Tracks,
2021-08-26,1600-1800,DJ Stace,DJ Stace,The Pleasure Routine,Two Artists,Sugar Mountain,Self-Release,
2021-08-26,1600-1800,DJ Stace,DJ Stace,the Wedding Present,Gazebo,Watusi,Island Records (World),
2021-08-26,1600-1800,DJ Stace,DJ Stace,Dead Heavens,Adderall Highway,Whatever Witch You Are,Dine Alone Records,
2021-08-26,1600-1800,DJ Stace,DJ Stace,Car Seat Headrest,1937 State Park,Teens Of Denial,Matador Records,
2021-08-26,1600-1800,DJ Stace,DJ Stace,Hanni El Khatib,Pay No Mind,Head In The Dirt,Innovative Liesure,
2021-08-26,1600-1800,DJ Stace,DJ Stace,Big French,Fly Like A Bird,Stone Fish,Wharf Cat Records,
2021-08-26,1600-1800,DJ Stace,DJ Stace,Devo,Gut Feeling (Slap Your Mammy),Q: Are We Not Men? A: We Are Devo!,Warner Bros. Records,
2021-08-26,1600-1800,DJ Stace,DJ Stace,Guided By Voices,Bulldog Skin,"Best Of, the",Matador Records,
2021-08-26,1600-1800,DJ Stace,DJ Stace,Tom Waits,Jockey Full Of Bourbon,Beautiful Maladies,Island Records,
2021-08-26,1600-1800,DJ Stace,DJ Stace,Latin Playboys,Lemon 'n Ice,Dose,Atlantic Records (Modern),
2021-08-26,1600-1800,DJ Stace,DJ Stace,13th Floor Elevators,You're Gonna Miss Me,Absolutely The Best Of The 13th Floor Elevators,Fuel 2000,
2021-08-26,1600-1800,DJ Stace,DJ Stace,Downtown Boys,Lips That Bite [Radio Edit],Cost Of Living,Sub Pop Records,
2021-08-26,1600-1800,DJ Stace,DJ Stace,Sheer Mag,Expect The Bayonet,Need To Feel Your Love,Wilsun Rc,
2021-08-26,1600-1800,DJ Stace,DJ Stace,Lala Lala,Lala Lala Song,Sleepyhead,Self-Release,
2021-08-26,1600-1800,DJ Stace,DJ Stace,Martha,St. Paul's (Westerberg Comprehensive),Blisters in the Pit of My Heart,Dirtnap Records,
2021-08-26,1600-1800,DJ Stace,DJ Stace,The Sonics,Have Love Will Travel,Here Are The Sonics,Norton Records,
2021-08-26,1600-1800,DJ Stace,DJ Stace,Slaves,Are You Satisfied,Are You Satisfied,EMI,
2021-08-26,1600-1800,DJ Stace,DJ Stace,The Heck,Waiting In Line,Waiting In Line,Dirty Water Records,
2021-08-09,1200-1400,DJ Stace,DJ Stace,Grifters,Bronze Cast,Crappin' You Negative,Shangri-La Records,
2021-08-09,1200-1400,DJ Stace,DJ Stace,Courtney Barnett,City Looks Pretty,City Looks Pretty (single),Matador Records,
2021-08-09,1200-1400,DJ Stace,DJ Stace,Hookworms,Ullswater,Microshift,Domino,
2021-08-09,1200-1400,DJ Stace,DJ Stace,Queens of the Stone Age,Goodbye Yellow Brick Road,Revamp: The Songs of Elton John & Bernie Taupin,Virgin Records America,
2021-08-09,1200-1400,DJ Stace,DJ Stace,Ty Segall,My Lady's On Fire,Freedom's Goblin,Drag City,
2021-08-09,1200-1400,DJ Stace,DJ Stace,13th Floor Elevators,You're Gonna Miss Me,Absolutely The Best Of The 13th Floor Elevators,Fuel 2000,
2021-08-09,1200-1400,DJ Stace,DJ Stace,Chicano Batman,Passed You By,Freedom Is Free,Ato Records,
2021-08-09,1200-1400,DJ Stace,DJ Stace,Moaning,Close,Moaning,Sub Pop Records,
2021-08-09,1200-1400,DJ Stace,DJ Stace,Cigarettes After Sex,Sweet,Cigarettes After Sex,Partisan Records,
2021-08-09,1200-1400,DJ Stace,DJ Stace,Soccer Mommy,Last Girl,Clean,Fat Possum Records,
2021-08-09,1200-1400,DJ Stace,DJ Stace,Car Seat Headrest,Drunk Drivers/Killer Whales (Single Version),Drunk Drivers/Killer Whales (Single Version),Matador Records,
2021-08-09,1200-1400,DJ Stace,DJ Stace,Love And Rockets,Motorcycle,Love And Rockets,Beggars Banquet,
2021-08-09,1200-1400,DJ Stace,DJ Stace,Link Wray,Whole Lotta Talking,Whole Lotta Talking,Easy Eye Sound,
2021-08-09,1200-1400,DJ Stace,DJ Stace,Flight of the Conchords,Business Time,Flight of the Conchords,SubPop,
2021-08-09,1200-1400,DJ Stace,DJ Stace,Savoy Motel,Sorry People,Savoy Motel,What's Your Rupture?,
2021-08-09,1200-1400,DJ Stace,DJ Stace,The Moonlandingz,Lufthansa Man,Interplanetary Class Classics,Chimera Music,
2021-08-09,1200-1400,DJ Stace,DJ Stace,King Tuff,Raindrop Blue,The Other,Sub Pop,
2021-08-09,1200-1400,DJ Stace,DJ Stace,Yo La Tengo,Autumn Sweater,I Can Hear the Heart Beating,Matador Records,
2021-08-09,1200-1400,DJ Stace,DJ Stace,Yo La Tengo,Let's Do It Wrong,There's A Riot Going On,Matador Records,
2021-08-09,1200-1400,DJ Stace,DJ Stace,Hovvdy,In The Sun,Cranberry,Double Double Whammy,
2021-08-09,1200-1400,DJ Stace,DJ Stace,Father John Misty,Mr. Tillman,Mr. Tillman,Sub Pop,
2021-08-09,1200-1400,DJ Stace,DJ Stace,Spoon,I Turn My Camera on,Gimme Fiction,Merge Records,
2021-08-09,1200-1400,DJ Stace,DJ Stace,The Breeders,Spacewoman,All Nerve,4AD,
2021-08-09,1200-1400,DJ Stace,DJ Stace,Belle And Sebastian,A Plague On Other Boys,How To Solve Our Human Problems,Matador Records,
2021-08-09,1200-1400,DJ Stace,DJ Stace,Neutral Milk Hotel,The King of Carrot Flowers P,In the Aeroplane Over the Sea,Merge Records,
2021-08-09,1200-1400,DJ Stace,DJ Stace,Westpark,In Cold Blood,Simple Thoughts,Self-Release,
2021-08-09,1200-1400,DJ Stace,DJ Stace,Screaming Females,Shake it Off (Taylor Swift Cover),A.V. Club Undercover,A.V. Club,
2021-08-09,1200-1400,DJ Stace,DJ Stace,Frankie Cosmos,Jesse,Vessel,Sub Pop Records,
2021-08-09,1200-1400,DJ Stace,DJ Stace,The Police,Canary In A Coalmine,Zenyatta Mondatta,A&M Records,
2021-07-15,1200-1400,DJ Stace,DJ Stace,The Glands,A Boy Without A Head,Double Coda,New West Records,
2021-07-15,1200-1400,DJ Stace,DJ Stace,Smog,Hit The Ground Running,Knock Knock,Drag City,
2021-07-15,1200-1400,DJ Stace,DJ Stace,Dave Catching,Bought & Sold (featuring the Dreaded Lovelies),Shared Hallucinations Pt. 1: Sonic Salutations From the Venerable Vaults of Ranc,Dine Alone Records,
2021-07-15,1200-1400,DJ Stace,DJ Stace,Frankie And The Witch Fingers,Cobwebs,Zam,Greenway Records,
2021-07-15,1200-1400,DJ Stace,DJ Stace,Killing Joke,Eighties,Night Time,E. G. Records,
2021-07-15,1200-1400,DJ Stace,DJ Stace,Fontaines D.C.,Chequeless Reckless,Singles,Partisan Records,
2021-07-15,1200-1400,DJ Stace,DJ Stace,Better Oblivion Community Center,Dylan Thomas,Better Oblivion Community Center,Dead Oceans,
2021-07-15,1200-1400,DJ Stace,DJ Stace,Bright Eyes,First Day of My Life,"I'm Wide Awake, It's Morning",Saddle Creek,
2021-07-15,1200-1400,DJ Stace,DJ Stace,Eels,Beautiful Freak,Beautiful Freak,Dreamworks Records,
2021-07-15,1200-1400,DJ Stace,DJ Stace,Go Fever,Kotra,Daydream Hawker,Self Release,
2021-07-15,1200-1400,DJ Stace,DJ Stace,Maidavale,Trance,Madness Is Too Pure,The Sign Records,
2021-07-15,1200-1400,DJ Stace,DJ Stace,Flat Worms,Into The Iris,Into The Iris,God?,
2021-07-15,1200-1400,DJ Stace,DJ Stace,Lady Legs,French Beach Music,Holy Heatwave,Communicating Vessels,
2021-07-15,1200-1400,DJ Stace,DJ Stace,Candace,These Blues (Spacemen 3),Covers 2016-2019,Self-Release,
2021-07-15,1200-1400,DJ Stace,DJ Stace,Lealani,The Night,Fantastic Planet,Dome Of Doom,
2021-07-15,1200-1400,DJ Stace,DJ Stace,Sneaks,Cinnamon,Highway Hypnosis,Merge Records,
2021-07-15,1200-1400,DJ Stace,DJ Stace,alt-j,Every Other Freckle,This Is All Yours,Infectious Music,
2021-07-15,1200-1400,DJ Stace,DJ Stace,Chai,This Is Chai,Punk,Burger Records,
2021-07-15,1200-1400,DJ Stace,DJ Stace,Jealous Of The Birds,Plastic Skeletons,The Moths Of What I Want Will Eat Me In My Sleep,Hand In Hive,
2021-07-15,1200-1400,DJ Stace,DJ Stace,The Spores,Private Jet,Doom Pop,SideCho,
2021-07-15,1200-1400,DJ Stace,DJ Stace,Rudy De Anda,The Mirror,"""The Mirror"" B/W ""Los Canarios""",Karma Chief Records,
2021-07-15,1200-1400,DJ Stace,DJ Stace,Bodega,How Did This Happen?!,Endless Scroll,What's Your Rupture?,
2021-07-15,1200-1400,DJ Stace,DJ Stace,Knuckle Pups,Last Whim,San Panino,Wild Baby,
2021-07-15,1200-1400,DJ Stace,DJ Stace,Swervedriver,Rave Down,Rave Down,(Unknown),
2021-07-15,1200-1400,DJ Stace,DJ Stace,Ulrika Spacek,Mimi Pretend,Modern English Decoration,Tough Love Records,
2021-07-15,1200-1400,DJ Stace,DJ Stace,The Pleasure Routine,Two Artists,Sugar Mountain,Self-Release,
2021-07-15,1200-1400,DJ Stace,DJ Stace,Reignwolf,Keeper,Hear Me out,Self-Release,
2021-07-15,1200-1400,DJ Stace,DJ Stace,Fontaines D.C.,The Cuckoo Is A-Callin',Singles,Partisan Records,
2021-06-30,1600-1700,DJ Stace,DJ Stace,The Glands,A Boy Without A Head,Double Coda,New West Records,
2021-06-30,1600-1700,DJ Stace,DJ Stace,Smog,Hit The Ground Running,Knock Knock,Drag City,
2021-06-30,1600-1700,DJ Stace,DJ Stace,Dave Catching,Bought & Sold (featuring the Dreaded Lovelies),Shared Hallucinations Pt. 1: Sonic Salutations From the Venerable Vaults of Ranc,Dine Alone Records,
2021-06-30,1600-1700,DJ Stace,DJ Stace,Frankie And The Witch Fingers,Cobwebs,Zam,Greenway Records,
2021-06-30,1600-1700,DJ Stace,DJ Stace,Killing Joke,Eighties,Night Time,E. G. Records,
2021-06-30,1600-1700,DJ Stace,DJ Stace,Fontaines D.C.,Chequeless Reckless,Singles,Partisan Records,
2021-06-30,1600-1700,DJ Stace,DJ Stace,Better Oblivion Community Center,Dylan Thomas,Better Oblivion Community Center,Dead Oceans,
2021-06-30,1600-1700,DJ Stace,DJ Stace,Bright Eyes,First Day of My Life,"I'm Wide Awake, It's Morning",Saddle Creek,
2021-06-30,1600-1700,DJ Stace,DJ Stace,Eels,Beautiful Freak,Beautiful Freak,Dreamworks Records,
2021-06-30,1600-1700,DJ Stace,DJ Stace,Go Fever,Kotra,Daydream Hawker,Self Release,
2021-06-30,1600-1700,DJ Stace,DJ Stace,Maidavale,Trance,Madness Is Too Pure,The Sign Records,
2021-06-30,1600-1700,DJ Stace,DJ Stace,Flat Worms,Into The Iris,Into The Iris,God?,
2021-06-30,1600-1700,DJ Stace,DJ Stace,Lady Legs,French Beach Music,Holy Heatwave,Communicating Vessels,
2021-06-30,1600-1700,DJ Stace,DJ Stace,Candace,These Blues (Spacemen 3),Covers 2016-2019,Self-Release,
2021-06-30,1600-1700,DJ Stace,DJ Stace,Lealani,The Night,Fantastic Planet,Dome Of Doom,
2021-06-30,1600-1700,DJ Stace,DJ Stace,Sneaks,Cinnamon,Highway Hypnosis,Merge Records,
2021-06-30,1600-1700,DJ Stace,DJ Stace,alt-j,Every Other Freckle,This Is All Yours,Infectious Music,
2021-06-30,1600-1700,DJ Stace,DJ Stace,Chai,This Is Chai,Punk,Burger Records,
2021-06-30,1600-1700,DJ Stace,DJ Stace,Jealous Of The Birds,Plastic Skeletons,The Moths Of What I Want Will Eat Me In My Sleep,Hand In Hive,
2021-06-30,1600-1700,DJ Stace,DJ Stace,The Spores,Private Jet,Doom Pop,SideCho,
2021-06-30,1600-1700,DJ Stace,DJ Stace,Rudy De Anda,The Mirror,"""The Mirror"" B/W ""Los Canarios""",Karma Chief Records,
2021-06-30,1600-1700,DJ Stace,DJ Stace,Bodega,How Did This Happen?!,Endless Scroll,What's Your Rupture?,
2021-06-30,1600-1700,DJ Stace,DJ Stace,Knuckle Pups,Last Whim,San Panino,Wild Baby,
2021-06-30,1600-1700,DJ Stace,DJ Stace,Swervedriver,Rave Down,Rave Down,(Unknown),
2021-06-30,1600-1700,DJ Stace,DJ Stace,Ulrika Spacek,Mimi Pretend,Modern English Decoration,Tough Love Records,
2021-06-30,1600-1700,DJ Stace,DJ Stace,The Pleasure Routine,Two Artists,Sugar Mountain,Self-Release,
2021-06-30,1600-1700,DJ Stace,DJ Stace,Reignwolf,Keeper,Hear Me out,Self-Release,
2021-06-30,1600-1700,DJ Stace,DJ Stace,Fontaines D.C.,The Cuckoo Is A-Callin',Singles,Partisan Records,
2021-06-27,1900-2100,DJ Stace,DJ Stace,Karen O & Danger Mouse,Lux Prima,Lux Prima,30th Century Records/Columbia,
2021-06-27,1900-2100,DJ Stace,DJ Stace,Caroline Rose,To Die Today,Loner,New West Records,
2021-06-27,1900-2100,DJ Stace,DJ Stace,Candace,These Blues (Spacemen 3),Covers 2016-2019,Self-Release,
2021-06-27,1900-2100,DJ Stace,DJ Stace,Ulrika Spacek,Lord Luck,Suggestive Listening EP,Tough Love Records,
2021-06-27,1900-2100,DJ Stace,DJ Stace,Fontaines D.C.,The Cuckoo Is A-Callin',Singles,Partisan Records,
2021-06-27,1900-2100,DJ Stace,DJ Stace,L’epée,Dreams,Dreams,A Recordings,
2021-06-27,1900-2100,DJ Stace,DJ Stace,Adam and the Ants,Whip in My Valise,Dirk Wears White Sox,Epic Records (Modern),
2021-06-27,1900-2100,DJ Stace,DJ Stace,Marbled Eye,Laughing Sound,Leisure,Digital Regress,
2021-06-27,1900-2100,DJ Stace,DJ Stace,Adam and the Ants,Whip in My Valise,Dirk Wears White Sox,Epic Records (Modern),
2021-06-27,1900-2100,DJ Stace,DJ Stace,Bodega,How Did This Happen?!,Endless Scroll,What's Your Rupture?,
2021-06-27,1900-2100,DJ Stace,DJ Stace,Jenny Lewis,Party Clown,On The Line,Warner Bros. Records,
2021-06-27,1900-2100,DJ Stace,DJ Stace,The Glands,Pie,Double Coda,New West Records,
2021-06-27,1900-2100,DJ Stace,DJ Stace,Swervedriver,The Lonely Crowd Fades In The Air,Future Ruins,Dangerbird Records,
2021-06-27,1900-2100,DJ Stace,DJ Stace,Dinosaur Jr,Left/Right,Give A Glimpse Of What Yer Not,Jagjaguwar,
2021-06-27,1900-2100,DJ Stace,DJ Stace,Guided by Voices,Questions of the Test,Zeppelin Over China,GBV Inc.,
2021-06-27,1900-2100,DJ Stace,DJ Stace,Guided By Voices,Tractor Rape Chain,Bee Thousand,Matador Records,
2021-06-27,1900-2100,DJ Stace,DJ Stace,Janitors,Firefly,15 Years Of Fuzz And Folkol,Cardinal Fuzz,
2021-06-27,1900-2100,DJ Stace,DJ Stace,Reignwolf,Keeper,Hear Me Out,Self-Release,
2021-06-27,1900-2100,DJ Stace,DJ Stace,Cherry Glazerr,Wasted Nun,Stuffed & Ready,Secretly Canadian Records,
2021-06-27,1900-2100,DJ Stace,DJ Stace,"Lee Harvey Oswald,The",Surrender Earthlings,Blastronaut,Touch and Go,
2021-06-27,1900-2100,DJ Stace,DJ Stace,Can,Laugh Till You Cry,Cannibalism 2,Spoon Records,
2021-06-27,1900-2100,DJ Stace,DJ Stace,Tricky,Ghetto Youth,Pre-Millennium Tension,Island Records (Modern),
2021-06-27,1900-2100,DJ Stace,DJ Stace,Queens of the Stone Age,Avon,Queens Of The Stone Age,Loosegroove Records,
2021-06-27,1900-2100,DJ Stace,DJ Stace,Interpol,Fine Mess,Fine Mess EP,Matador,
2021-06-27,1900-2100,DJ Stace,DJ Stace,Interpol,C'mere,Antics,Matador Records,
2021-06-27,1900-2100,DJ Stace,DJ Stace,Ex Hex,Tough Enough,It's Real,Merge Records,
2021-06-27,1900-2100,DJ Stace,DJ Stace,Fruit Bats,Gold Past Life,Gold Past Life (Single),Merge Records,
2021-06-27,1900-2100,DJ Stace,DJ Stace,Cage the Elephant,Ready to Let Go,Social Cues,RCA Records,
2021-06-27,1900-2100,DJ Stace,DJ Stace,Los Mundos,Sin Vertigo,Calor Central,Cardinal Fuzz,
2021-06-27,1900-2100,DJ Stace,DJ Stace,Black NASA,Hut Nut,Deuce,MeteorCity,
2021-06-27,1900-2100,DJ Stace,DJ Stace,The Greeting Committee,Pull It Together,This Is It,Harvest Records,
2021-06-27,1900-2100,DJ Stace,DJ Stace,Le Rex,One Must Imagine Sisyphus Happy,Escape Of The Fire Ants,Cuneiform Records,
2021-06-27,1900-2100,DJ Stace,DJ Stace,The Felice Brothers,Nail It On The First Try,Undress,Yep Roc Records,
2021-06-27,1900-2100,DJ Stace,DJ Stace,Snapped Ankles,Rechargeable,Stunning Luxury,The Leaf Label,
2021-06-27,1900-2100,DJ Stace,DJ Stace,The Scaners,Please Abduct Me,Ii,Dirty Water Records,
2021-06-27,1900-2100,DJ Stace,DJ Stace,The Intelligence,Strobe Light Captain,Un-Psychedelic in Peavey City,Vapid Moonlighting Inc.,
2021-06-27,1900-2100,DJ Stace,DJ Stace,Andrew Bird,Sisyphus,My Finest Work Yet,Loma Vista,
2021-06-27,1900-2100,DJ Stace,DJ Stace,Spoon,Lines In The Suit,Girls Can Tell,Merge Records,
2021-06-27,1900-2100,DJ Stace,DJ Stace,The Murlocs,Catch 22,Manic Candid Episode,Flightless Records,
2021-06-27,1900-2100,DJ Stace,DJ Stace,Grifters,Get Outta that Spaceship & F,Crappin' You Negative,Shangri-La Records,
2021-06-27,1900-2100,DJ Stace,DJ Stace,Brandy,Clown Pain,"""clown Pain"" B/w ""rent Quest""",Total Punk Records,
2021-06-27,1900-2100,DJ Stace,DJ Stace,the Black Keys,Till I Get My Way,Rubber Factory,Fat Possum Records,
2021-06-27,1900-2100,DJ Stace,DJ Stace,The Library,Rebroadcast 5/29/2019,,,
2021-06-17,1000-1200,DJ Stace,DJ Stace,Stef Chura,All I Do Is Lie,Midnight,Saddle Creek,
2021-06-17,1000-1200,DJ Stace,DJ Stace,Car Seat Headrest,Drunk Drivers/Killer Whales,Drunk Drivers/Killer Whales (single),Matador,
2021-06-17,1000-1200,DJ Stace,DJ Stace,Froth,Laurel,Duress,Wichita Recordings,
2021-06-17,1000-1200,DJ Stace,DJ Stace,Bodega,Shiny New Model,Shiny New Model (single),What's Your Rupture?,
2021-06-17,1000-1200,DJ Stace,DJ Stace,Snapped Ankles,Pestisound (Moving Out),Stunning Luxury,Leaf Label,
2021-06-17,1000-1200,DJ Stace,DJ Stace,L'Epee,Dreams,Diabolique,A Recordings / Berreto / Em.s Productions,
2021-06-17,1000-1200,DJ Stace,DJ Stace,The Paper Kites,Deep Burn Blue,On The Corner Where You Live,Nettwerk Records,
2021-06-17,1000-1200,DJ Stace,DJ Stace,Bill Callahan,What Comes After Certainty,Shepherd In A Sheepskin Vest,Drag City,
2021-06-17,1000-1200,DJ Stace,DJ Stace,Daniel Johnston,Mask,Space Ducks: Soundtrack,Eternal Yip Eye Music,
2021-06-17,1000-1200,DJ Stace,DJ Stace,Beck ,True Love WIll Find You In the End,Discovered/Covered,Eternal Yip Eye Music,
2021-06-17,1000-1200,DJ Stace,DJ Stace,Lonesome Shack,Past The Ditch,Desert Dreams,Alive Records,
2021-06-17,1000-1200,DJ Stace,DJ Stace,Olivia Jean,Jaan Pehechaan Ho,Night Owl,Third Man Records,
2021-06-17,1000-1200,DJ Stace,DJ Stace,Fontaines D.C.,Chequeless Reckless,Dogrel,Partisan Records,
2021-06-17,1000-1200,DJ Stace,DJ Stace,Jay Som,Tenderness,Anak Ko,Polyvinyl Records,
2020-08-19,1600-1700,DJ Stace,DJ Stace,Hiss Golden Messenger,Brother Do You Know the Road?,Southern Grammar,,
2020-08-19,1600-1700,DJ Stace,DJ Stace,Willis Alan Ramsey,Ballad of Spider John,Willis Alan Ramsey,,
2020-08-19,1600-1700,DJ Stace,DJ Stace,Bob Dylan,Last Thoughts on Woody Guthrie,The Bootleg Series Volumes 1-3 (Rare and Unreleased) 1961-1991,,
2020-08-19,1600-1700,DJ Stace,DJ Stace,Woody Guthrie,Baltimore to Washington,The Last Letter,,
2020-08-19,1600-1700,DJ Stace,DJ Stace,Blind Willie Johnson,"Dark Was the Night, Cold Was the Ground",The Complete Blind WiIlie Johnson,,
2020-08-19,1600-1700,DJ Stace,DJ Stace,Matt Sweeney & Bonnie Prince,My Home Is the Sea,Superwolf,Drag City,
2020-08-19,1600-1700,DJ Stace,DJ Stace,Graham Nash,Better Days,Songs for Beginners,Atlantic Records (Modern),
2020-08-19,1600-1700,DJ Stace,DJ Stace,Cass Mccombs,Sleeping Volcanoes,Tip Of The Sphere,Anti-,
2020-08-19,1600-1700,DJ Stace,DJ Stace,Brightblack,Fry Bread,Brightblack Morning Light,Matodor,
2020-08-19,1600-1700,DJ Stace,DJ Stace,Sin Ropas,You'll Take the Knife Out,Three Cherries,Perishable,
2020-08-19,1600-1700,DJ Stace,DJ Stace,The Felice Brothers,Nail It On The First Try,Undress,Yep Roc Records,
2020-08-19,1600-1700,DJ Stace,DJ Stace,Mississippi Fred McDowell,Woke Up This Morning With My Mind On Jesus,Portraits: The First Recordings,,
2020-08-19,1600-1700,DJ Stace,DJ Stace,"Wall, Colter",Sleeping On The Blacktop,Imaginary Appalachia,,
2020-08-19,1600-1700,DJ Stace,DJ Stace,Woody Guthrie,This Land Is Your Land,"American Folk Songbook, Vol. 1",,
2020-08-05,1600-1700,DJ Stace,DJ Stace,El Michels Affair,Shimmy Shimmy Ya,Enter the 37th Chamber,,
2020-08-05,1600-1700,DJ Stace,DJ Stace,Wugazi,Sleep Rules Everything Around Me ,13 Chambers,,
2020-08-05,1600-1700,DJ Stace,DJ Stace,Wu-Tang Clan,Protect Ya Neck,Protect Ya Neck,Weasel Marketing,
2020-08-05,1600-1700,DJ Stace,DJ Stace,Fontaines D.C. ,Televised Mind,A Hero's Death,Partisan,
2020-08-05,1600-1700,DJ Stace,DJ Stace,Fontaines D.C.,Chequeless Reckless,Dogrel,Partisan Records,
2020-08-05,1600-1700,DJ Stace,DJ Stace,IDLES,A Hymn (Edit),A Hymn (single),Partisan,
2020-08-05,1600-1700,DJ Stace,DJ Stace,Car Seat Headrest,Can't Cool Me Down,Making a Door Less Open,,
2020-08-05,1600-1700,DJ Stace,DJ Stace,Angelica Garcia,Karma the Knife,Cha Cha Palace,,
2020-08-05,1600-1700,DJ Stace,DJ Stace,Mr. Gnome,Psychonaut,Psychonaut (single),El Marko,
2020-08-05,1600-1700,DJ Stace,DJ Stace,Ron Gallo,HIDE (MYSELF BEHIND YOU),WUNDAY (CRAZY AFTER DARK),New West Records,
2020-08-05,1600-1700,DJ Stace,DJ Stace,Angel Olsen,Whole New Mess,Whole New Mess (single),Matador,
2020-08-05,1600-1700,DJ Stace,DJ Stace,Devendra Banhart,Love Song (Helado Negro Mix),Vast Ovoid,,
2020-08-05,1600-1700,DJ Stace,DJ Stace,Run the Jewels,JU$T (feat Pharrell Williams & Zack de la Rocha),RTJ4,,
2020-08-05,1600-1700,DJ Stace,DJ Stace,Rage Against the Machine,Bulls on Parade,Evil Empire,Epic Records (Modern),
2020-08-05,1600-1700,DJ Stace,DJ Stace,Low Cut Connie,Revolution Rock & Roll,Dirty Pictures Part 1,Contender Records,
2020-07-29,1600-1700,DJ Stace,DJ Stace,Cabaret Voltaire,"Sensoria 7""",Electropunk to Technopop 1978-1985,,
2020-07-29,1600-1700,DJ Stace,DJ Stace,Bon Iver,PDLIF (single),PDLIF,,
2020-07-29,1600-1700,DJ Stace,DJ Stace,Devendra Banhart,Love Song (Helado Negro Remix),Vast Ovoid,,
2020-07-29,1600-1700,DJ Stace,DJ Stace,Mr. Gnome,Psychonaut (Single),Psychonaut,,
2020-07-29,1600-1700,DJ Stace,DJ Stace,U.S. Girls,4 American Dollars,Heavy Light,,
2020-07-29,1600-1700,DJ Stace,DJ Stace,The Dirtbombs,Do You See My Love (For You Growing),Ultraglide In Black,In the Red Records,
2020-07-29,1600-1700,DJ Stace,DJ Stace,Angelica Garcia,Guadalupe - Alt Version,Cha Cha Palace,Spacebomb,
2020-07-29,1600-1700,DJ Stace,DJ Stace,Jon Spencer BLues Explosion,Do You Wanna Get Heavy?,Acme (Deluxe),Matador,
2020-07-29,1600-1700,DJ Stace,DJ Stace,Caroline Rose,Back at the Beginning,Superstar,New West Records,
2020-07-29,1600-1700,DJ Stace,DJ Stace,Flaming Lips,Dinosaurs on the Mountain,Dinosaurs on the Mountain (single),,
2020-07-29,1600-1700,DJ Stace,DJ Stace,Car Seat Headrest,Can't Cool Me Down,Making a Door Less Open,,
2020-07-29,1600-1700,DJ Stace,DJ Stace,IDLES,A Hymn,A Hymn (Single),Partisan Records,
2020-07-29,1600-1700,DJ Stace,DJ Stace,King Gizzard and the Lizard Wizard,Honey,Honey (single),,
2020-07-22,1600-1700,DJ Stace,DJ Stace,IDLES,A Hymn,A Hymn (single),,
2020-07-22,1600-1700,DJ Stace,DJ Stace,Protomartyr,Processed By the Boys,Ultimate Success Today,Hardly Art,
2020-07-22,1600-1700,DJ Stace,DJ Stace,Queens of the Stone Age,Outlaw Blues,Chimes of Freedom:The Songs of Bob Dylan,,
2020-07-22,1600-1700,DJ Stace,DJ Stace,Bob Mould,Sacrifice/Let there Be Peace,Black Sheets O' Rain,(Unknown),
2020-07-22,1600-1700,DJ Stace,DJ Stace,Father John Misty,Trouble,Anthem+3,,
2020-07-22,1600-1700,DJ Stace,DJ Stace,Father John Misty,Things It Would Have Been Helpful To Know Before The Revolution,Pure Comedy,Sub Pop Records,
2020-07-22,1600-1700,DJ Stace,DJ Stace,Father John Misty,Trump's Private Pilot (Father John Misty Version),Too Dumb for Suicide: Tim Heidecker's Trump Songs,Jagjaguar,
2020-07-22,1600-1700,DJ Stace,DJ Stace,Courtney Barnett,"So Long, Marianne",MTV Unplugged Live in Melbourne,,
2020-07-22,1600-1700,DJ Stace,DJ Stace,Nick Cave,Cosmic Dancer,Angelheaded Hipster: Songs of Marc Bolan & T.Rex,,
2020-07-22,1600-1700,DJ Stace,DJ Stace,Bon Iver,PDLIF,PDLIF,,
2020-07-22,1600-1700,DJ Stace,DJ Stace,Angelica Garcia,Karma the Knife,Cha Cha Palace,,
2020-07-22,1600-1700,DJ Stace,DJ Stace,MC 900 Ft. Jesus,Truth Is Out of Style (feat DJ Zero)(feat Jesus),Hell With the Lid Off (feat DJ Zero),Netwerk Records,
2020-03-11,1500-1700,DJ Stace,DJ Stace,US GIrls,4 American Dollars,Heavy Light,4AD,
2020-03-11,1500-1700,DJ Stace,DJ Stace,Helado Negro And The Smile Band,Running,Live At Kcrw,Rvng Intl.,
2020-03-11,1500-1700,DJ Stace,DJ Stace,Wilco,Love Is Everywhere (Beware),Ode To Joy,Dbpm,
2020-03-11,1500-1700,DJ Stace,DJ Stace,King Tuff,I'm Free,I'm Free (single),SubPop,
2020-03-11,1500-1700,DJ Stace,DJ Stace,Anton Barbeau,Beautiful Bacon Dream,Kenny Vs. Thrust,Big Stir Records,
2020-03-11,1500-1700,DJ Stace,DJ Stace,The Black Angels,Entrance Song,Phosphene Dream,Blue Horizon Records Inc.,
2020-03-11,1500-1700,DJ Stace,DJ Stace,Texino Inferno,chain gang,Texino Inferno,Rancho de la Luna,
2020-03-11,1500-1700,DJ Stace,DJ Stace,Bob Log III,Move it Wrong,Guitar Party Power,Bloat Records,
2020-03-11,1500-1700,DJ Stace,DJ Stace,Michael Stipe,Drive to the Ocean,Drive to the Ocean (single),self,
2020-03-11,1500-1700,DJ Stace,DJ Stace,Spoon,Lines In The Suit,Girls Can Tell,Merge Records,
2020-03-11,1500-1700,DJ Stace,DJ Stace,Blacktop,"Here I Am, I Always Am",Up All Night,Au Go Go,
2020-03-11,1500-1700,DJ Stace,DJ Stace,The Budos Band,Peak of Eternal Night,"Budos Band V, The",Daptone Records,
2020-03-11,1500-1700,DJ Stace,DJ Stace,CocoRosie,Restless,Restless,Marathon Artists,
2020-03-11,1500-1700,DJ Stace,DJ Stace,Algiers,Dispossession,There Is No Year,Matador Records,
2020-03-11,1500-1700,DJ Stace,DJ Stace,Father John Misty,Donald Trump's Private Pilot,Too Dumb for Suicide: Tim Heidecker's Trump Songs,Jagjaguar,
2020-03-11,1500-1700,DJ Stace,DJ Stace,Big Thief,Not,Two Hands,4AD,
2020-03-11,1500-1700,DJ Stace,DJ Stace,Courtney Barnett,"So Long, Marianne",MTV Unplugged Live in Melbourne,MTV,
2020-03-11,1500-1700,DJ Stace,DJ Stace,Caroline Rose,Back at the Beginning,Superstar,New West Records,
2020-03-11,1500-1700,DJ Stace,DJ Stace,Destroyer,Crimson Tide [Radio Version],Have We Met,Merge Records,
2020-03-11,1500-1700,DJ Stace,DJ Stace,Shriekback,Nemesis,Oil & Gold,World Domination,
2020-03-11,1500-1700,DJ Stace,DJ Stace,Electric Peace,Kill for Your Love,Kill for Your Love,Barred Records,
2020-03-11,1500-1700,DJ Stace,DJ Stace,Chicano Batman,Color My Life,Color My Life (single),ATO Records,
2020-03-11,1500-1700,DJ Stace,DJ Stace,Jay Som,A Thousand Words,A Thousand Words (single),Polyvinyl Record Co.,
2020-03-11,1500-1700,DJ Stace,DJ Stace,Rosey Dust,Somebody New,Keep for Life,Gulcher Records,
2020-03-11,1500-1700,DJ Stace,DJ Stace,Clem Snide,Roger Ebert,Roger Ebert (single),Ramseur Records,
2020-03-11,1500-1700,DJ Stace,DJ Stace,Tom Waits,16 Shells From A Thirty-Ought Six,Beautiful Maladies,Island Records,
2020-03-11,1500-1700,DJ Stace,DJ Stace,The Gonks,I'm A Gonk,Five Things You Didn't Know About The Gonks,Rocks In Your Head Records,
2020-03-11,1500-1700,DJ Stace,DJ Stace,Bob Mould,Sacrifice/Let there Be Peace,Black Sheets O' Rain,(Unknown),
2020-02-26,1500-1700,DJ Stace,DJ Stace,Helado Negro And The Smile Band,Running,Live At Kcrw,Rvng Intl.,
2020-02-26,1500-1700,DJ Stace,DJ Stace,Wilco,Love Is Everywhere (Beware),Ode To Joy,Dbpm,
2020-02-26,1500-1700,DJ Stace,DJ Stace,Angel Olsen,Lark,All Mirrors,Jagjaguwar,
2020-02-26,1500-1700,DJ Stace,DJ Stace,Desert Sessions,If You Run,Vol. 11 & 12,Matador Records,
2020-02-26,1500-1700,DJ Stace,DJ Stace,The Budos Band,Arcane Rambler,"Budos Band V, The",Daptone Records,
2020-02-26,1500-1700,DJ Stace,DJ Stace,Makaya McCraven,Me and the Devil,We're New Again,XL Records,
2020-02-26,1500-1700,DJ Stace,DJ Stace,Pigeons Playing Ping Pong,King Kong,Presto,Self Release,
2020-02-26,1500-1700,DJ Stace,DJ Stace,Fu Manchu,Godzilla,Eatin' Dust,Man's Ruin Records,
2020-02-26,1500-1700,DJ Stace,DJ Stace,Bleached,Somebody Dial 911,Don't You Think You've Had Enough?,Dead Oceans,
2020-02-26,1500-1700,DJ Stace,DJ Stace,U.S. Girls,4 American Dollars,4 American Dollars (single),4AD,
2020-02-26,1500-1700,DJ Stace,DJ Stace,King Tuff,I'm Free,I'm Free (single),SubPop,
2020-02-26,1500-1700,DJ Stace,DJ Stace,Lucy Dacus,In The Air Tonight,2019 Ep,Matador Records,
2020-02-26,1500-1700,DJ Stace,DJ Stace,The Lost Brothers,After the Fire ,After the Fire After the Rain,Bird Dog Recordings,
2020-02-26,1500-1700,DJ Stace,DJ Stace,The Monkey Power Trio,Namaste,You Can Do Anything… The Universe Wants You To Do,Pochahontas Swamp Machine Recordings,
2020-02-26,1500-1700,DJ Stace,DJ Stace,the Magnetic Fields,I Wish I Had An Evil Twin,I,Nonesuch Records,
2020-02-26,1500-1700,DJ Stace,DJ Stace,Andy Shauf,Try Again,"Neon Skyline, The",Anti-,
2020-02-26,1500-1700,DJ Stace,DJ Stace,Father John Misty,Date Night,God's Favorite Customer,Sub Pop Records,
2020-02-26,1500-1700,DJ Stace,DJ Stace,Adia Victoria,Dope Queen Blues,Silences,Canvasback/atl,
2020-02-26,1500-1700,DJ Stace,DJ Stace,Clem Snide,Roger Ebert,Roger Ebert,Ramseur Records,
2020-02-26,1500-1700,DJ Stace,DJ Stace,Fka Twigs,Mary Magdalene,Magdalene,Young Turks,
2020-02-26,1500-1700,DJ Stace,DJ Stace,Tricky,Lonely Dancer (feat. Anika),Lonely Dancer (single),False Idols,
2020-02-26,1500-1700,DJ Stace,DJ Stace,The The,"Sweet Bird of Truth (12"" Remix)",The The 45 RPM - The Singles,Epic,
2020-02-26,1500-1700,DJ Stace,DJ Stace,Screaming Females,Shake It Off,A.V. Undercover,A.V. Club,
2020-02-26,1500-1700,DJ Stace,DJ Stace,Julia King,Best Life,Radio Therapy,Self Release,
2020-02-26,1500-1700,DJ Stace,DJ Stace,Jake Bugg,Lightning Bolt,Jake Bugg,Mercury,
2020-02-26,1500-1700,DJ Stace,DJ Stace,Sgt. Papers,Luis Pacheco,Me Hiciste Brujería,Self-Release,
2020-02-26,1500-1700,DJ Stace,DJ Stace,The Gonks,Nuns Having Fun,Five Things You Didn't Know About The Gonks,Rocks In Your Head Records,
2020-02-12,1500-1700,DJ Stace,DJ Stace,Nick Cave & The Bad Seeds,The Ship Song,"Good Son, The",Mute Records Ltd,
2020-02-12,1500-1700,DJ Stace,DJ Stace,Courtney Barnett,"So Long, Marianne",MTV Unplugged,MTV,
2020-02-12,1500-1700,DJ Stace,DJ Stace,Leonard Cohen,The Partisan,Songs From Room,Columbia,
2020-02-12,1500-1700,DJ Stace,DJ Stace,Wilco,Love Is Everywhere (Beware),Ode To Joy,Dbpm,
2020-02-12,1500-1700,DJ Stace,DJ Stace,Angel Olsen,Spring,All Mirrors,Jagjaguwar,
2020-02-12,1500-1700,DJ Stace,DJ Stace,The Big Moon,Barcelona,Barcelona (single),Fiction,
2020-02-12,1500-1700,DJ Stace,DJ Stace,Big Thief,Forgotten Eyes,Two Hands,4AD,
2020-02-12,1500-1700,DJ Stace,DJ Stace,Big Thief,Shark Smile,Capacity,Saddle Creek,
2020-02-12,1500-1700,DJ Stace,DJ Stace,Lucy Dacus,Dancing In The Dark,2019 Ep,Matador Records,
2020-02-12,1500-1700,DJ Stace,DJ Stace,Father John Misty,Real Love Baby,Real Love Baby (single),Matador,
2020-02-12,1500-1700,DJ Stace,DJ Stace,Adia Victoria,Different Kind Of Love,Silences,Canvasback/atl,
2020-02-12,1500-1700,DJ Stace,DJ Stace,Michael Stipe,Drive to the Ocean,Drive to the Ocean (single),Hib-Tone,
2020-02-12,1500-1700,DJ Stace,DJ Stace,Abronia,Rope of Fire,"Whole of Each Eye, The",Feeding Tube Records,
2020-02-12,1500-1700,DJ Stace,DJ Stace,Beck's Record Club (feat St. Vincent),Never Tear Us Apart,No. 04 Kick,Beck's Record Club ,
2020-02-12,1500-1700,DJ Stace,DJ Stace,Fka Twigs,Mary Magdalene,Magdalene,Young Turks,
2020-02-12,1500-1700,DJ Stace,DJ Stace,Helado Negro And The Smile Band,Running,Live At Kcrw,Rvng Intl.,
2020-02-12,1500-1700,DJ Stace,DJ Stace,Black Pumas,Colors,Black Pumas,Ato Records,
2020-02-12,1500-1700,DJ Stace,DJ Stace,Sinkane,On Being,Dépaysé,City Slang,
2020-02-12,1500-1700,DJ Stace,DJ Stace,Father John Misty,Disappointing Diamonds Are The Rarest Of Them All,God's Favorite Customer,Sub Pop Records,
2020-02-12,1500-1700,DJ Stace,DJ Stace,Sgt. Papers,Luis Pacheco,Me Hiciste Brujería,Self-Release,
2020-02-12,1500-1700,DJ Stace,DJ Stace,Bodega,How Did This Happen?!,Endless Scroll,What's Your Rupture?,
2020-02-12,1500-1700,DJ Stace,DJ Stace,Bleached,Somebody Dial 911,Don't You Think You've Had Enough?,Dead Oceans,
2020-02-12,1500-1700,DJ Stace,DJ Stace,Death Cab For Cutie,I Will Follow You Into The Dark,Plans,Atlantic Records (Modern),
2020-02-12,1500-1700,DJ Stace,DJ Stace,Dead Horses,Turntable,My Mother of the Moon,Dead Horses,
2020-02-12,1500-1700,DJ Stace,DJ Stace,Beck,True Love Will Find You in T,Discovered Covered,Gammon Records,
2020-02-12,1500-1700,DJ Stace,DJ Stace,Bright Eyes,First Day of My Life,"I'm Wide Awake, It's Morning",Saddle Creek,
2020-02-12,1500-1700,DJ Stace,DJ Stace,Willie Nelson,I'd Have To Be Crazy,Greatest Hits (& Some That Will Be),Columbia Records,
2020-01-29,1500-1700,DJ Stace,DJ Stace,The Back Keys,She Said,The Big Come Up,Fat Possum,
2020-01-29,1500-1700,DJ Stace,DJ Stace,Adia Victoria,Dope Queen Blues,Silences,Canvasback/atl,
2020-01-29,1500-1700,DJ Stace,DJ Stace,SOAK,Bloodbuzz Ohio,Bloodbuzz Ohio (single),self,
2020-01-29,1500-1700,DJ Stace,DJ Stace,the Breeders,Happiness Is a Warm Gun,Pod,Elektra Records (Local),
2020-01-29,1500-1700,DJ Stace,DJ Stace,Tancred,Apple Tree Girl,Nightstand,Polyvinyl Record Co.,
2020-01-29,1500-1700,DJ Stace,DJ Stace,Susan,Cassiopeia,As I Was,Volar Records,
2020-01-29,1500-1700,DJ Stace,DJ Stace,Foxygen,San Francisco,We Are The 21st Century Ambassadors Of Peace & Magic,Jagjaguwar,
2020-01-29,1500-1700,DJ Stace,DJ Stace,Helado Negro And The Smile Band,Running,Live At Kcrw,Rvng Intl.,
2020-01-29,1500-1700,DJ Stace,DJ Stace,Black Pumas,OCT 33 A COLORS SHOW,OCT 33 A COLORS SHOW (single),ATO Records,
2020-01-29,1500-1700,DJ Stace,DJ Stace,Sore Eros,Ocean Tow,Sore Eros,Night People,
2020-01-29,1500-1700,DJ Stace,DJ Stace,Pink Floyd,Fearless,Meddle,Capitol Records,
2020-01-29,1500-1700,DJ Stace,DJ Stace,Seratones,Gotta Get To Know Ya (Clean Edit),Power,New West Records,
2020-01-29,1500-1700,DJ Stace,DJ Stace,Blacktop,"Here I Am, I Always Am",Up All Night,Au Go Go,
2020-01-29,1500-1700,DJ Stace,DJ Stace,Bob Log III,Move It Wrong,Guitar Party Power,Bloat Records,
2020-01-29,1500-1700,DJ Stace,DJ Stace,Eagles of Death Metal,Abracadabra,EODM Presents Boots Electric Performing the Best Songs He Never Wrote,EODM,
2020-01-29,1500-1700,DJ Stace,DJ Stace,Desert Sessions,Noses In Roses Forever,Vol. 11 & 12,Matador Records,
2020-01-29,1500-1700,DJ Stace,DJ Stace,Angel Olsen,Spring,All Mirrors,Jagjaguwar,
2020-01-29,1500-1700,DJ Stace,DJ Stace,The Black Angels,Entrance Song,Phosphene Dream,Blue Horizon Records Inc.,
2020-01-29,1500-1700,DJ Stace,DJ Stace,Bauhaus,St. Vitus Dance,In The Flat Field,4AD,
2020-01-29,1500-1700,DJ Stace,DJ Stace,Juana Molina,Paraguaya Punk,Forfun,Crammed Discs,
2020-01-29,1500-1700,DJ Stace,DJ Stace,Brutal Juice,Nationwide,Mutilation Makes Identificatio,Interscope Records (Metal),
2020-01-29,1500-1700,DJ Stace,DJ Stace,Night Goat,Chubby Leech,Milk,Self Release,
2020-01-29,1500-1700,DJ Stace,DJ Stace,the Jesus Lizard,Puss,Liar,Touch and Go,
2020-01-29,1500-1700,DJ Stace,DJ Stace,Sgt. Papers,Muérete De Envidia,Me Hiciste Brujería,Self-Release,
2020-01-29,1500-1700,DJ Stace,DJ Stace,The Cavemen,Night After Night,Night After Night,Slovenly Recordings,
2020-01-29,1500-1700,DJ Stace,DJ Stace,Ramoms,Beat On The Brat,Teacher's Pet,Pirates Press Records,
2020-01-29,1500-1700,DJ Stace,DJ Stace,Chicano Batman,Passed You By,Freedom Is Free,Ato Records,
2020-01-29,1500-1700,DJ Stace,DJ Stace,Booker T & the MGs,Hip Hug-Her,The Very Best of...,Rhino,
2020-01-22,1445-1700,DJ Stace,DJ Stace,Angel Olsen,Lark,All Mirrors,Jagjaguwar,
2020-01-22,1445-1700,DJ Stace,DJ Stace,Bodega,Shiny New Model,Shiny New Model,What's Your Rupture?,
2020-01-22,1445-1700,DJ Stace,DJ Stace,Ladytron,Far From Home,Ladytron,!K7,
2020-01-22,1445-1700,DJ Stace,DJ Stace,The Spores,Private Jet,doom pop,SideCho Records,
2020-01-22,1445-1700,DJ Stace,DJ Stace,Roxy Music,In Every Dream Home A Heartache,For Your Pleasure,Warner Bros. Records,
2020-01-22,1445-1700,DJ Stace,DJ Stace,Father John Misty,Hollywood Forever Cemetery Sings,Fear Fun,Sub Pop Records,
2020-01-22,1445-1700,DJ Stace,DJ Stace,Rose City Band,Me and Willie,Rose City Band,Thrill Jockey Records,
2020-01-22,1445-1700,DJ Stace,DJ Stace,the American Analog Set,Dim Stars (The Boy in My Arm,"Fun of Watching Fireworks, the",Emperor Jones,
2020-01-22,1445-1700,DJ Stace,DJ Stace,Desert Sessions,If You Run,Vol. 11 & 12,Matador Records,
2020-01-22,1445-1700,DJ Stace,DJ Stace,Tancred,Rowing,Nightstand,Polyvinyl Record Co.,
2020-01-22,1445-1700,DJ Stace,DJ Stace,The Big Moon,Barcelona,Walking Like We Do,Fiction Records,
2020-01-22,1445-1700,DJ Stace,DJ Stace,Wildhoney,Naive Castle,Naive Castle,Slumberland Records,
2020-01-22,1445-1700,DJ Stace,DJ Stace,Lucy Dacus,I Don't Wanna Be Funny Anymore,No Burden,EggHunt Records,
2020-01-22,1445-1700,DJ Stace,DJ Stace,Lucy Dacus,In The Air Tonight,2019 Ep,Matador Records,
2020-01-22,1445-1700,DJ Stace,DJ Stace,Screaming Females,Shake It Off,A.V.Club Undercover,A.V. Club,
2020-01-22,1445-1700,DJ Stace,DJ Stace,Ramoms,The Pta Took My Mommy Away,Teacher's Pet,Pirates Press Records,
2020-01-22,1445-1700,DJ Stace,DJ Stace,Shadow Show,Charades,Charades,Burger Records,
2020-01-22,1445-1700,DJ Stace,DJ Stace,Guided by Voices,Volcano,Volcano,GBV Inc.,
2020-01-22,1445-1700,DJ Stace,DJ Stace,Guided By Voices,Bulldog Skin,Mag Earwhig!,Matador Records,
2020-01-22,1445-1700,DJ Stace,DJ Stace,Greys,Kill Appeal,Age Hasn't Spoiled You,Carpark Records,
2020-01-22,1445-1700,DJ Stace,DJ Stace,Wives,Waving Past Nirvana,So Removed,City Slang,
2020-01-22,1445-1700,DJ Stace,DJ Stace,Juana Molina,The Punkish Rat,Forfun,Crammed Discs,
2020-01-22,1445-1700,DJ Stace,DJ Stace,Sore Eros,Backseat Bop,Sore Eros,Night People,
2020-01-22,1445-1700,DJ Stace,DJ Stace,SOAK,Bloodbuzz Ohio,Bloodbuzz Ohio (single),Rough Trade,
2020-01-22,1445-1700,DJ Stace,DJ Stace,Sgt. Papers,Luis Pacheco,Me Hiciste Brujería,Self-Release,
2020-01-22,1445-1700,DJ Stace,DJ Stace,Ty Segall,Every 1's A Winner,Freedom's Goblin,Drag City,
2020-01-22,1445-1700,DJ Stace,DJ Stace,L’epée,Last Picture Show,Diabolique,A Recordings,
2020-01-22,1445-1700,DJ Stace,DJ Stace,The Smiths,"Please, Please, Please Let Me Get What I Want",Sound of the Smiths,Warner,
2020-01-08,1445-1700,DJ Stace,DJ Stace,Fontaines D.C.,Chequeless Reckless,Dogrel,Partisan Records,
2020-01-08,1445-1700,DJ Stace,DJ Stace,Tacocat,Meet Me At La Palma,This Mess Is A Place,Sub Pop Records,
2020-01-08,1445-1700,DJ Stace,DJ Stace,The Goon Sax,Make Time 4 Love,We're Not Talking,Chapter,
2020-01-08,1445-1700,DJ Stace,DJ Stace,the Wedding Present,Corduroy,Seamonsters,First Warning,
2020-01-08,1445-1700,DJ Stace,DJ Stace,Lucy Dacus,Dancing In The Dark,2019 Ep,Matador Records,
2020-01-08,1445-1700,DJ Stace,DJ Stace,Cass Mccombs,Sleeping Volcanoes,Tip Of The Sphere,Anti-,
2020-01-08,1445-1700,DJ Stace,DJ Stace,Angel Olsen,Lark,All Mirrors,Jagjaguwar,
2020-01-08,1445-1700,DJ Stace,DJ Stace,Nick Cave & The Bad Seeds,Hollywood,Ghosteen,Bad Seed Ltd.,
2020-01-08,1445-1700,DJ Stace,DJ Stace,Father John Misty,Disappointing Diamonds Are The Rarest Of Them All,God's Favorite Customer,Sub Pop Records,
2020-01-08,1445-1700,DJ Stace,DJ Stace,Bodega,Shiny New Model,Shiny New Model,What's Your Rupture?,
2020-01-08,1445-1700,DJ Stace,DJ Stace,Ty Segall,Radio,First Taste,Drag City,
2020-01-08,1445-1700,DJ Stace,DJ Stace,Guided by Voices,Questions of the Test,Zeppelin Over China,GBV Inc.,
2020-01-08,1445-1700,DJ Stace,DJ Stace,A Giant Dog,No Cars Go,Neon Bible,Merge Records,
2020-01-08,1445-1700,DJ Stace,DJ Stace,SOAK,Bloodbuzz Ohio,Bloodbuzz Ohio (single),self,
2020-01-08,1445-1700,DJ Stace,DJ Stace,Eagles of Death Metal,Careless Whispers,EODM Present Boots Electric Performing The Best Songs He Never Wrote,EODM,
2020-01-08,1445-1700,DJ Stace,DJ Stace,Juana Molina,Un Dia Punk,Forfun,Crammed Discs,
2020-01-08,1445-1700,DJ Stace,DJ Stace,Jaan Pehechaan Ho,Olivia Jean,Night Owl,Third Man Records,
2020-01-08,1445-1700,DJ Stace,DJ Stace,L’epée,Springfield,Diabolique,A Recordings,
2020-01-08,1445-1700,DJ Stace,DJ Stace,Stereolab,Metronomic Underground (demo),Emperor Tomato Ketchup,Duophonic UHF Disks and Warp Records,
2020-01-08,1445-1700,DJ Stace,DJ Stace,Black Pumas,Black Moon Rising,Black Pumas,Ato Records,
2020-01-08,1445-1700,DJ Stace,DJ Stace,Andrew Bird,Sisyphus,My Finest Work Yet,Loma Vista,
2020-01-08,1445-1700,DJ Stace,DJ Stace,Seratones,Gotta Get To Know Ya (Clean Edit),Power,New West Records,
2020-01-08,1445-1700,DJ Stace,DJ Stace,Desert Sessions,Noses In Roses Forever,Vol. 11 & 12,Matador Records,
2020-01-08,1445-1700,DJ Stace,DJ Stace,Snapped Ankles,Rechargeable,Stunning Luxury,Leaf Label,
2020-01-08,1445-1700,DJ Stace,DJ Stace,Wives,Waving Past Nirvana,So Removed,City Slang,
2020-01-08,1445-1700,DJ Stace,DJ Stace,Fruit Bats,Gold Past Life,Gold Past Life,Merge Records,
2020-01-08,1445-1700,DJ Stace,DJ Stace,Karen O & Danger Mouse,Woman,Lux Prima,30th Century Records/Columbia,
2020-01-08,1445-1700,DJ Stace,DJ Stace,The Felice Brothers,Nail It On The First Try,Undress,Yep Roc Records,
2020-01-08,1445-1700,DJ Stace,DJ Stace,Stephen Malkmus,Rushing The Acid Frat,Groove Denied,Matador Records,
2020-01-08,1445-1700,DJ Stace,DJ Stace,SLAVES ,Are You Satisfied?,Are You Satisfied? (single),EMI,
2020-01-08,1445-1700,DJ Stace,DJ Stace,Ezra Furman,What Can You Do But Rock N Roll - Radio Clean Edit,Twelve Nudes,Bella Union,
2019-12-18,1500-1700,DJ Stace,DJ Stace,Battles,Fort Greene Park,Juice B Crypts,Warp Records,
2019-12-18,1500-1700,DJ Stace,DJ Stace,Fatso Jetson,New Ag Android,Toasted,Bong Load Records,
2019-12-18,1500-1700,DJ Stace,DJ Stace,Brant Bjork,Toot,Jalamanta,Man's Ruin,
2019-12-18,1500-1700,DJ Stace,DJ Stace,Desert Sessions,Easier Said Than Done (Clean Edit),Vol. 11 & 12,Matador Records,
2019-12-18,1500-1700,DJ Stace,DJ Stace,SOAK,Bloodbuzz Ohio,Bloodbuzz Ohio (single),self,
2019-12-18,1500-1700,DJ Stace,DJ Stace,Devendra Banhart,My Boyfriend's In The Band,Ma,Nonesuch Records,
2019-12-18,1500-1700,DJ Stace,DJ Stace,The Pleasure Routine,Two Artists,Sugar Mountain,Self-Release,
2019-12-18,1500-1700,DJ Stace,DJ Stace,Fruit Bats,The Bottom Of It,Gold Past Life,Merge Records,
2019-12-18,1500-1700,DJ Stace,DJ Stace,Ty Segall,Every 1's A Winner,Freedom's Goblin,Drag City,
2019-12-18,1500-1700,DJ Stace,DJ Stace,Black Pumas,Black Moon Rising,Black Pumas,Ato Records,
2019-12-18,1500-1700,DJ Stace,DJ Stace,Sudan Archives,Confessions,Athena,Stones Throw Records,
2019-12-18,1500-1700,DJ Stace,DJ Stace,Michael Kiwanuka,You Ain't the Problem,KIWANUKA,Polydor,
2019-12-18,1500-1700,DJ Stace,DJ Stace,Dude York,Only Wish,Falling,Hardly Art,
2019-12-18,1500-1700,DJ Stace,DJ Stace,Diiv,Blankenship,Deceiver,Captured Tracks,
2019-12-18,1500-1700,DJ Stace,DJ Stace,My Bloody Valentine,Only Shallow,Loveless,Creation Records Limited,
2019-12-18,1500-1700,DJ Stace,DJ Stace,Bodega,Treasures Of The Ancient World,Shiny New Model,What's Your Rupture?,
2019-12-18,1500-1700,DJ Stace,DJ Stace,Angel Olsen,Lark,All Mirrors,Jagjaguwar,
2019-12-18,1500-1700,DJ Stace,DJ Stace,Cherry Glazr,Call Me (feat. Portugal the Man),Call Me (single),Secretly Canadian,
2019-12-18,1500-1700,DJ Stace,DJ Stace,Chicano Batman,Passed You By,Freedom Is Free,Ato Records,
2019-12-18,1500-1700,DJ Stace,DJ Stace,Eerie Wanda,Pet Town,Pet Town,Joyful Noise Records,
2019-12-18,1500-1700,DJ Stace,DJ Stace,Laibach,Ballad of a Thin Man,An Introduction to...,Mute Records,
2019-12-18,1500-1700,DJ Stace,DJ Stace,Wives,The 20 Teens,So Removed,City Slang,
2019-12-18,1500-1700,DJ Stace,DJ Stace,Hanni El Khatib,Mexico,Moonlight,Innovative Leisure Records,
2019-12-18,1500-1700,DJ Stace,DJ Stace,Seratones,Power,Power,New West Records,
2019-12-18,1500-1700,DJ Stace,DJ Stace,Ezra Furman,What Can You Do But Rock N Roll - Radio Clean Edit,Twelve Nudes,Bella Union,
2019-12-11,1500-1700,DJ Stace,DJ Stace,Bodega,Truth,Shiny New Model,What's Your Rupture?,
2019-12-11,1500-1700,DJ Stace,DJ Stace,Wives,Waving Past Nirvana,So Removed,City Slang,
2019-12-11,1500-1700,DJ Stace,DJ Stace,Lucy Dacus,La Vie En Rose,2019,Matador,
2019-12-11,1500-1700,DJ Stace,DJ Stace,Strange Ranger,Leona,Remembering The Rockets,Tiny Engines,
2019-12-11,1500-1700,DJ Stace,DJ Stace,Angel Olsen,Lark,All Mirrors,Jagjaguwar,
2019-12-11,1500-1700,DJ Stace,DJ Stace,Nick Cave & The Bad Seeds,Bright Horses,Ghosteen,Bad Seed Ltd.,
2019-12-11,1500-1700,DJ Stace,DJ Stace,Nick Cave & The Bad Seeds,The Ship Song,"Good Son, The",Mute Records Ltd,
2019-12-11,1500-1700,DJ Stace,DJ Stace,A Giant Dog,No Cars Go,Neon Bible,Merge Records,
2019-12-11,1500-1700,DJ Stace,DJ Stace,Spoon,Is This The Last Time,Is This The Last Time (single),Matador,
2019-12-11,1500-1700,DJ Stace,DJ Stace,Sofa City Sweetheart,Stop The Thinking,Super(B) Exitos,Self Release,
2019-12-11,1500-1700,DJ Stace,DJ Stace,Desert Sessions,Noses In Roses Forever,Vol. 11 & 12,Matador Records,
2019-12-11,1500-1700,DJ Stace,DJ Stace,Desert Sessions,If You Run,Vol. 11 & 12,Matador Records,
2019-12-11,1500-1700,DJ Stace,DJ Stace,SOAK,Bloodbuzz Ohio,Boodbuzz Ohio (single),Rough Trade,
2019-12-11,1500-1700,DJ Stace,DJ Stace,Joshua Powell,Bright Deceiver!,Psycho/tropic,Self-Release,
2019-12-11,1500-1700,DJ Stace,DJ Stace,Fruit Bats,Mandy From Mohawk,Gold Past Life,Merge Records,
2019-12-11,1500-1700,DJ Stace,DJ Stace,L’epée,Springfield,Diabolique,A Recordings,
2019-12-11,1500-1700,DJ Stace,DJ Stace,Seratones,Crossfire,Power,New West Records,
2019-12-11,1500-1700,DJ Stace,DJ Stace,Michael Kiwanuka,You Ain't the Problem,KIWANUKA,Polydor,
2019-12-11,1500-1700,DJ Stace,DJ Stace,Black Pumas,Old Man,Black Pumas,Ato Records,
2019-12-11,1500-1700,DJ Stace,DJ Stace,Moon Duo,Stars Are The Light,Stars Are The Light,Sacred Bones Records,
2019-12-11,1500-1700,DJ Stace,DJ Stace,Battles,Fort Greene Park,Juice B Crypts,Warp Records,
2019-12-11,1500-1700,DJ Stace,DJ Stace,Fontaines D.C.,Chequeless Reckless,Dogrel,Partisan Records,
2019-12-11,1500-1700,DJ Stace,DJ Stace,IDLES,I'm Scum,Joy as an Act of Resistance,Partisan,
2019-12-11,1500-1700,DJ Stace,DJ Stace,Ezra Furman,Calm Down Aka I Should Not Be Alone - Radio Clean Edit,Twelve Nudes,Bella Union,
2019-12-11,1500-1700,DJ Stace,DJ Stace,The Goon Sax,Make Time 4 Love,We're Not Talking,Chapter,
2019-12-11,1500-1700,DJ Stace,DJ Stace,Bodega,Shiny New Model,Shiny New Model,What's Your Rupture?,
2019-11-20,1500-1700,DJ Stace,DJ Stace,Bodega,Shiny New Model,Shiny New Model,What's Your Rupture?,
2019-11-20,1500-1700,DJ Stace,DJ Stace,Wives,Waving Past Nirvana,So Removed,City Slang,
2019-11-20,1500-1700,DJ Stace,DJ Stace,The Shins,Waimanalo (Fug Yep),Fug Yep 2,,
2019-11-20,1500-1700,DJ Stace,DJ Stace,Ezra Furman,What Can You Do But Rock N Roll - Radio Clean Edit,Twelve Nudes,Bella Union,
2019-11-20,1500-1700,DJ Stace,DJ Stace,Box of Moxie,Hatteras Surf Buzz,Greatest Hits 2011-2019,Box of Moxie,
2019-11-20,1500-1700,DJ Stace,DJ Stace,Box of Moxie,High Horse Blaze,Greatest Hits 2011-2019,Box of Moxie,
2019-11-20,1500-1700,DJ Stace,DJ Stace,Box of Moxie,Under as Lemon Tree,Greatest Hits 2011-2019,Box of Moxie,
2019-11-20,1500-1700,DJ Stace,DJ Stace,The Felice Brothers,The Kid,Undress,Yep Roc Records,
2019-11-20,1500-1700,DJ Stace,DJ Stace,Chastity Belt,It Takes Time,Chastity Belt,Hardly Art,
2019-11-20,1500-1700,DJ Stace,DJ Stace,Can,She Brings The Rain,Cannibalism I,Spoon Records,
2019-11-20,1500-1700,DJ Stace,DJ Stace,L’epée,Springfield,Diabolique,A Recordings,
2019-11-20,1500-1700,DJ Stace,DJ Stace,The Smiths,Please Please Please Let Me Get What I Want,Louder Than Bombs,Sire Records,
2019-11-20,1500-1700,DJ Stace,DJ Stace,Smokescreens,Jolly Jane,Used To Yesterday,Slumberland Records,
2019-11-20,1500-1700,DJ Stace,DJ Stace,Bow Wow Wow,Go Wild in the Country,I Want Candy,Bmg Distribution,
2019-11-20,1500-1700,DJ Stace,DJ Stace,Devendra Banhart,My Boyfriend's In The Band,Ma,Nonesuch Records,
2019-11-20,1500-1700,DJ Stace,DJ Stace,Ty Segall,My Lady's On Fire,Freedom's Goblin,Drag City,
2019-11-20,1500-1700,DJ Stace,DJ Stace,Ty Segall,Ice Plant,First Taste,Drag City,
2019-11-20,1500-1700,DJ Stace,DJ Stace,Seratones,Crossfire,Power,New West Records,
2019-11-20,1500-1700,DJ Stace,DJ Stace,Desert Sessions,If You Run,Vol. 11 & 12,Matador Records,
2019-11-20,1500-1700,DJ Stace,DJ Stace,She Keeps Bees,Ocean,Kinship,Ba Da Bing!,
2019-11-20,1500-1700,DJ Stace,DJ Stace,Angel Olsen,Lark,All Mirrors,Matador,
2019-11-20,1500-1700,DJ Stace,DJ Stace,Nick Cave & The Bad Seeds,Bright Horses,Ghosteen,Bad Seed Ltd.,
2019-11-20,1500-1700,DJ Stace,DJ Stace,Swans,Amnesia,Leaving Meaning,Young God Records,
2019-11-20,1500-1700,DJ Stace,DJ Stace,Michael Kiwanuka,You Ain't the Problem,KIWANUKA,Matador,
2019-11-20,1500-1700,DJ Stace,DJ Stace,Black Pumas,Black Moon Rising,Black Pumas,Ato Records,
2019-11-06,1500-1700,DJ Stace,DJ Stace,Angel Olson,Lark,All Mirrors,Matador,
2019-11-06,1500-1700,DJ Stace,DJ Stace,Nick Cave & The Bad Seeds,Bright Horses,Ghosteen,Bad Seed Ltd.,
2019-11-06,1500-1700,DJ Stace,DJ Stace,Wilco,Love is Everywhere (Beware),Ode to Joy,dBpm,
2019-11-06,1500-1700,DJ Stace,DJ Stace,Girlpool,Chemical Freeze,What Chaos Is Imaginary,Anti-,
2019-11-06,1500-1700,DJ Stace,DJ Stace,Stereolab,Metronomic Underground (demo),Emperor Tomato Ketchup (Expanded),Duophonic / Warp Records,
2019-11-06,1500-1700,DJ Stace,DJ Stace,Devendra Banhart,My Boyfriend's In The Band,Ma,Nonesuch Records,
2019-11-06,1500-1700,DJ Stace,DJ Stace,Elliott Smith,A Fond Farewell,From a Basement on the Hill,Anti-,
2019-11-06,1500-1700,DJ Stace,DJ Stace,The Felice Brothers,Nail It On The First Try,Undress,Yep Roc Records,
2019-11-06,1500-1700,DJ Stace,DJ Stace,Belle And Sebastian,Did The Day Go Just Like You Wanted,Days Of The Bagnold Summer,Matador Records,
2019-11-06,1500-1700,DJ Stace,DJ Stace,Bill Callahan,What Comes After Certainty,Shepherd In A Sheepskin Vest,Drag City,
2019-11-06,1500-1700,DJ Stace,DJ Stace,She Keeps Bees,Ocean,Kinship,Ba Da Bing!,
2019-11-06,1500-1700,DJ Stace,DJ Stace,Jay Som,Tenderness,Anak Ko,Polyvinyl Records,
2019-11-06,1500-1700,DJ Stace,DJ Stace,Cartwheel,Best Days,Best Days,Self-Release,
2019-11-06,1500-1700,DJ Stace,DJ Stace,Father John Misty,Donald Trump's Private Pilot,Too Dumb for Suicide,Jagjaguar,
2019-11-06,1500-1700,DJ Stace,DJ Stace,Father John Misty,Total Entertainment Forever,Pure Comedy,Sub Pop Records,
2019-11-06,1500-1700,DJ Stace,DJ Stace,Spoon,"I Turn My Camera On - Gimme Fiction, 2005",Everything Hits At Once: The Best Of Spoon,Matador Records,
2019-11-06,1500-1700,DJ Stace,DJ Stace,Black Pumas,Colors,Black Pumas,Ato Records,
2019-11-06,1500-1700,DJ Stace,DJ Stace,Adia Victoria,Dope Queen Blues,Silences,Canvasback/atl,
2019-11-06,1500-1700,DJ Stace,DJ Stace,Seratones,Lie To My Face (Clean Edit),Power,New West Records,
2019-11-06,1500-1700,DJ Stace,DJ Stace,Karen O & Danger Mouse,Woman,Lux Prima,30th Century Records/Columbia,
2019-11-06,1500-1700,DJ Stace,DJ Stace,Desert Sessions,If You Run,Vol. 11 & 12,Matador Records,
2019-11-06,1500-1700,DJ Stace,DJ Stace,Queens of the Stone Age,How to Handle a Rope,Queens Of The Stone Age,Loosegroove Records,
2019-11-06,1500-1700,DJ Stace,DJ Stace,The Jesus Lizard,Nub,Goat,Touch and Go,
2019-11-06,1500-1700,DJ Stace,DJ Stace,Scratch Acid,Greatest Gift,"Greatest Gift, The",Touch and Go,
2019-11-06,1500-1700,DJ Stace,DJ Stace,Helmet,In the Meantime,Meantime,Interscope Records (Modern),
2019-11-06,1500-1700,DJ Stace,DJ Stace,Melvins,A History of Bad Men,(A) Senile Animal,Ipecac,
2019-11-06,1500-1700,DJ Stace,DJ Stace,IDLES,I Dream Guillotine,I Dream Guillotine (single),Partisan Records,
2019-11-06,1500-1700,DJ Stace,DJ Stace,Wives,Waving Past Nirvana,So Removed,City Slang,
2019-11-06,1500-1700,DJ Stace,DJ Stace,A Giant Dog,No Cars Go,Neon Bible,Merge Records,
2019-11-06,1500-1700,DJ Stace,DJ Stace,Bodega,Shiny New Model,Shiny New Model,What's Your Rupture?,
2019-11-06,1500-1700,DJ Stace,DJ Stace,Ezra Furman,What Can You Do But Rock N Roll - Radio Clean Edit,Twelve Nudes,Bella Union,
2019-10-30,1500-1700,DJ Stace,DJ Stace,Desert Sessions,Something You Can't See (Clean Edit),Vol. 11 & 12,Matador Records,
2019-10-30,1500-1700,DJ Stace,DJ Stace,Queens Of The Stone Age,I Sat By The Ocean,...Like Clockwork,Matador Records,
2019-10-30,1500-1700,DJ Stace,DJ Stace,Ezra Furman,Trauma,Twelve Nudes,Bella Union,
2019-10-30,1500-1700,DJ Stace,DJ Stace,Cherry Glazer,Call Me (feat. Portugal the Man),Call Me (feat. Portugal the Man),Secretly Canadian,
2019-10-30,1500-1700,DJ Stace,DJ Stace,Wives,Waving Past Nirvana,So Removed,City Slang,
2019-10-30,1500-1700,DJ Stace,DJ Stace,Pixies,Debaser,Doolittle,4AD,
2019-10-30,1500-1700,DJ Stace,DJ Stace,Surf Curse,Maps To The Stars,Heaven Surrounds You,Danger Collective Records,
2019-10-30,1500-1700,DJ Stace,DJ Stace,Andre Costello And The Cool Minors,Broken Noses,Resident Frequencies,Misra,
2019-10-30,1500-1700,DJ Stace,DJ Stace,Desert Sessions,Noses In Roses Forever,Vol. 11 & 12,Matador Records,
2019-10-30,1500-1700,DJ Stace,DJ Stace,the Desert Sessions,Teens of Thailand,Volumes 5 & 6,Man's Ruin Records,
2019-10-30,1500-1700,DJ Stace,DJ Stace,L’epée,La Brigade Des Maléfices,Diabolique,A Recordings,
2019-10-30,1500-1700,DJ Stace,DJ Stace,The Black Angels,Better Off Alone,Passover,Light In The Attic Records,
2019-10-30,1500-1700,DJ Stace,DJ Stace,Ty Segall,Whatever,First Taste,Drag City,
2019-10-30,1500-1700,DJ Stace,DJ Stace,Seratones,Gotta Get To Know Ya (Clean Edit),Power,New West Records,
2019-10-30,1500-1700,DJ Stace,DJ Stace,Sharon Jones & The Dap-Kings,"100 Days, 100 Nights","100 Days, 100 Nights",Daptone Records,
2019-10-30,1500-1700,DJ Stace,DJ Stace,Black Pumas,Stay  Gold,Black Pumas,Ato Records,
2019-10-30,1500-1700,DJ Stace,DJ Stace,Lee Moses,Adorable One,Time and Place,Maple Records,
2019-10-30,1500-1700,DJ Stace,DJ Stace,Greyhounds,For You,Change of Pace,Ardent Music,
2019-10-30,1500-1700,DJ Stace,DJ Stace,Kelley Stoltz,Sister,"""my Regime""",Banana And Louie Records,
2019-10-30,1500-1700,DJ Stace,DJ Stace,The Goon Sax,Get Out,We're Not Talking,Chapter,
2019-10-30,1500-1700,DJ Stace,DJ Stace,the Wedding Present,Gazebo,Watusi,Island Records (World),
2019-10-30,1500-1700,DJ Stace,DJ Stace,Weyes Blood,Andromeda,Titanic Rising,Sub Pop Records,
2019-10-30,1500-1700,DJ Stace,DJ Stace,Angel Olsen,Spring,All Mirrors,Matador,
2019-10-30,1500-1700,DJ Stace,DJ Stace,Desert Sessions,If You Run,Vol. 11 & 12,Matador Records,
2019-10-30,1500-1700,DJ Stace,DJ Stace,Swervedriver,Rave Down,Raise,Creation Records,
2019-10-30,1500-1700,DJ Stace,DJ Stace,The Spores,Blood Red Rose 2,doom pop,SideCho Records,
2019-10-30,1500-1700,DJ Stace,DJ Stace,Bodega,Treasures Of The Ancient World,Shiny New Model,What's Your Rupture?,
2019-10-30,1500-1700,DJ Stace,DJ Stace,Fontaines D.C.,Boys In The Better Land,Dogrel,Partisan Records,
2019-10-23,1500-1700,DJ Stace,DJ Stace,Bodega,Shiny New Model,Shiny New Model,What's Your Rupture?,
2019-10-23,1500-1700,DJ Stace,DJ Stace,Dan Luke & the Raid,Disco is as Disco Does,Out of the Blue,New West Records,
2019-10-23,1500-1700,DJ Stace,DJ Stace,Ezra Furman,What Can You Do But Rock N Roll - Radio Clean Edit,Twelve Nudes,Bella Union,
2019-10-23,1500-1700,DJ Stace,DJ Stace,Low Cut Connie,Revolution Rock & Roll,Dirty Pictures (Part 1),Contender Records,
2019-10-23,1500-1700,DJ Stace,DJ Stace,Ty Segall,Whatever,First Taste,Drag City,
2019-10-23,1500-1700,DJ Stace,DJ Stace,Illiterate Light,In the Ground,Illiterate Light,Atlantic Records,
2019-10-23,1500-1700,DJ Stace,DJ Stace,My Morning Jacket,Mahgeetah,It Still Moves (Deluxe Reissue),Ato Records,
2019-10-23,1500-1700,DJ Stace,DJ Stace,Stereolab,Metronomic Underground,Emperor Tomato Ketchup,Elektra Records (West Coast),
2019-10-23,1500-1700,DJ Stace,DJ Stace,A Giant Dog,Keep The Car Running,Neon Bible,Merge Records,
2019-10-23,1500-1700,DJ Stace,DJ Stace,"Spencer, Jon Blues Explosion",Like A Hawk,Crypt Style,Crypt Records,
2019-10-23,1500-1700,DJ Stace,DJ Stace,B Boys,Instant Pace,Dudu,Captured Tracks,
2019-10-23,1500-1700,DJ Stace,DJ Stace,Gauche,Flash,A People’s History Of Gauche,Merge Records,
2019-10-23,1500-1700,DJ Stace,DJ Stace,Parquet Courts,One Man No City,Human Performance,Rough Trade Records,
2019-10-23,1500-1700,DJ Stace,DJ Stace,L’epée,Springfield,Diabolique,A Recordings,
2019-10-23,1500-1700,DJ Stace,DJ Stace,Lucy Dacus,In the Air Tonight,In the Air Tonight (single),Matador,
2019-10-23,1500-1700,DJ Stace,DJ Stace,Nick Cave & The Bad Seeds,Galleon   Ship,Ghosteen,Bad Seed Ltd.,
2019-10-23,1500-1700,DJ Stace,DJ Stace,Thom Yorke,I Am A Very Rude Person,Anima,Xl Recordings,
2019-10-23,1500-1700,DJ Stace,DJ Stace,She Keeps Bees,Ocean,Kinship,Ba Da Bing!,
2019-10-23,1500-1700,DJ Stace,DJ Stace,Angel Olson,Spring,All Mirrors,Jagjaguwar,
2019-10-23,1500-1700,DJ Stace,DJ Stace,Big Thief,Shark Smile,Capacity,Saddle Creek,
2019-10-23,1500-1700,DJ Stace,DJ Stace,The Felice Brothers,Nail It On The First Try,Undress,Yep Roc Records,
2019-10-23,1500-1700,DJ Stace,DJ Stace,Damien Jurado,Go First,Caught in the Trees,Secretly Canadian,
2019-10-23,1500-1700,DJ Stace,DJ Stace,Seratones,Gotta Get To Know Ya (Clean Edit),Power,New West Records,
2019-10-23,1500-1700,DJ Stace,DJ Stace,Black Pumas,Black Moon Rising,Black Pumas,Ato Records,
2019-10-23,1500-1700,DJ Stace,DJ Stace,Spoon,"I Turn My Camera On - Gimme Fiction, 2005",Everything Hits At Once: The Best Of Spoon,Matador Records,
2019-10-23,1500-1700,DJ Stace,DJ Stace,Fruit Bats,Cazadera,Gold Past Life,Merge Records,
2019-10-23,1500-1700,DJ Stace,DJ Stace,Wives,The 20 Teens,So Removed,City Slang,
2019-10-23,1500-1700,DJ Stace,DJ Stace,Bodega,Treasures Of The Ancient World,Shiny New Model,What's Your Rupture?,
2019-10-23,1500-1700,DJ Stace,DJ Stace,The Goon Sax,Make Time 4 Love,We're Not Talking,Chapter,
2019-10-23,1500-1700,DJ Stace,DJ Stace,Ezra Furman,In America - Radio Clean Edit,Twelve Nudes,Bella Union,
2019-10-16,1500-1700,DJ Stace,DJ Stace,The Goon Sax,Get Out,We're Not Talking,Chapter,
2019-10-16,1500-1700,DJ Stace,DJ Stace,Jay Som,Tenderness,Anak Ko,Polyvinyl Records,
2019-10-16,1500-1700,DJ Stace,DJ Stace,Kelley Stoltz,Your Life,"""my Regime""",Banana And Louie Records,
2019-10-16,1500-1700,DJ Stace,DJ Stace,Bodega,Treasures Of The Ancient World,Shiny New Model,What's Your Rupture?,
2019-10-16,1500-1700,DJ Stace,DJ Stace,L’epée,Last Picture Show,Diabolique,A Recordings,
2019-10-16,1500-1700,DJ Stace,DJ Stace,The Vacant Lots,Disordered Vision,Exit Ep,A Records,
2019-10-16,1500-1700,DJ Stace,DJ Stace,Wives,The 20 Teens,So Removed,City Slang,
2019-10-16,1500-1700,DJ Stace,DJ Stace,Ty Segall,Ice Plant,First Taste,Drag City,
2019-10-16,1500-1700,DJ Stace,DJ Stace,Love & Rockets,Mirror People (Slow),"Earth, Sun, Moon",Beggar's Banquet,
2019-10-16,1500-1700,DJ Stace,DJ Stace,Chastity Belt,Effort,Chastity Belt,Hardly Art,
2019-10-16,1500-1700,DJ Stace,DJ Stace,Lucy Dacus,In the Air Tonight,In the Air Tonight (single),Matador,
2019-10-16,1500-1700,DJ Stace,DJ Stace,Kristin Hersh,Crooked,Crooked,Fire Records,
2019-10-16,1500-1700,DJ Stace,DJ Stace,Ezra Furman,Calm Down Aka I Should Not Be Alone - Radio Clean Edit,Twelve Nudes,Bella Union,
2019-10-16,1500-1700,DJ Stace,DJ Stace,A Giant Dog,Keep The Car Running,Neon Bible,Merge Records,
2019-10-16,1500-1700,DJ Stace,DJ Stace,Priors,Got In Me,New Pleasure,Slovenly Recordings,
2019-10-16,1500-1700,DJ Stace,DJ Stace,Bodega,Truth,Shiny New Model,What's Your Rupture?,
2019-10-16,1500-1700,DJ Stace,DJ Stace,Smokescreens,Jolly Jane,Used To Yesterday,Slumberland Records,
2019-10-16,1500-1700,DJ Stace,DJ Stace,Cate Le Bon,Mother's Mother's Magazines,Reward,Mexican Summer,
2019-10-16,1500-1700,DJ Stace,DJ Stace,Fontaines D.C.,The Cuckoo Is A-Callin',Singles,Partisan Records,
2019-10-16,1500-1700,DJ Stace,DJ Stace,Fruit Bats,The Bottom Of It,Gold Past Life,Merge Records,
2019-10-16,1500-1700,DJ Stace,DJ Stace,Spoon,The Underdog - Ga Ga Ga Ga Ga 2007,Everything Hits At Once: The Best Of Spoon,Matador Records,
2019-10-16,1500-1700,DJ Stace,DJ Stace,Adia Victoria,Dope Queen Blues,Silences,Canvasback/atl,
2019-10-16,1500-1700,DJ Stace,DJ Stace,Sequoyah Murray,Penalties Of Love,Before You Begin,Thrill Jockey Records,
2019-10-16,1500-1700,DJ Stace,DJ Stace,Yaz,Midnight,Upstairs at Eric's,Sire Records,
2019-10-16,1500-1700,DJ Stace,DJ Stace,Seratones,Gotta Get To Know Ya (Clean Edit),Power,New West Records,
2019-10-16,1500-1700,DJ Stace,DJ Stace,Black Pumas,Fire,Black Pumas,Ato Records,
2019-10-16,1500-1700,DJ Stace,DJ Stace,Giant Sand,A Hard Man To Get To Know,Recounting The Ballads Of Thin Line Men,Fire Records,
2019-10-16,1500-1700,DJ Stace,DJ Stace,The Black WIzaards,Imposing Sun,Imposing Sun (single),Self/Bandcamp,
2019-10-16,1500-1700,DJ Stace,DJ Stace,Courtney Barnett,Everybody Here Hates You,Everybody Here Hates You (single),Mom+Pop,
2019-10-16,1500-1700,DJ Stace,DJ Stace,Devendra Banhart,My Boyfriend's In The Band,Ma,Nonesuch Records,
2019-10-09,1400-1700,DJ Stace,DJ Stace,Tinariwen,Kel Tinawen (Feat. Cass Mccombs),Amadjar,Anti-,
2019-10-09,1400-1700,DJ Stace,DJ Stace,Cass McCombs,Sleeping Volcanoes,Tip of the Sphere,ANTI-,
2019-10-09,1400-1700,DJ Stace,DJ Stace,Calexico And Iron & Wine,Father Mountain,Years To Burn,Sub Pop Records,
2019-10-09,1400-1700,DJ Stace,DJ Stace,Iron & Wine,"Sodom, South Georgia",Our Endless Numbered Days,Sub Pop Records,
2019-10-09,1400-1700,DJ Stace,DJ Stace,The Felice Brothers,The Kid,Undress,Yep Roc Records,
2019-10-09,1400-1700,DJ Stace,DJ Stace,Wilco,Love is Everywhere (Beware),Love is Everywhere (Beware) (single),dBpm,
2019-10-09,1400-1700,DJ Stace,DJ Stace,Bill Callahan,What Comes After Certainty,Shepherd In A Sheepskin Vest,Drag City,
2019-10-09,1400-1700,DJ Stace,DJ Stace,Nick Cave & The Bad Seeds,Galleon   Ship,Ghosteen,Bad Seed Ltd.,
2019-10-09,1400-1700,DJ Stace,DJ Stace,Jay Som,Tenderness,Anak Ko,Polyvinyl Records,
2019-10-09,1400-1700,DJ Stace,DJ Stace,She Keeps Bees,Ocean,Kinship,Ba Da Bing!,
2019-10-09,1400-1700,DJ Stace,DJ Stace,Lera Lyn,Wolf Like Me,Plays Well With Others,Single Lock Records,
2019-10-09,1400-1700,DJ Stace,DJ Stace,Big Thief,Open Desert,U.F.O.F.,4AD,
2019-10-09,1400-1700,DJ Stace,DJ Stace,Chastity Belt,Effort,Chastity Belt,Hardly Art,
2019-10-09,1400-1700,DJ Stace,DJ Stace,Pedro the Lion,When They Really Get to K...,It's Hard to Find a Friend,Made in Mexico,
2019-10-09,1400-1700,DJ Stace,DJ Stace,Bodega,Shiny New Model,Shiny New Model (single),Rough Trade,
2019-10-09,1400-1700,DJ Stace,DJ Stace,Spoon,No Bullets Spent - (New Single) 2019,Everything Hits At Once: The Best Of Spoon,Matador Records,
2019-10-09,1400-1700,DJ Stace,DJ Stace,Spoon,Lines In The Suit,Girls Can Tell,Merge Records,
2019-10-09,1400-1700,DJ Stace,DJ Stace,Lord Huron,Vide Noir,Vide Noir,Republic/suraja,
2019-10-09,1400-1700,DJ Stace,DJ Stace,WIVES,Waving Past Nirvana,Waving Past Nirvana (single),Rough Trade,
2019-10-09,1400-1700,DJ Stace,DJ Stace,Belle And Sebastian,Sister Buddha,Days Of The Bagnold Summer,Matador Records,
2019-10-09,1400-1700,DJ Stace,DJ Stace,The Goon Sax,Get Out,We're Not Talking,Chapter,
2019-10-09,1400-1700,DJ Stace,DJ Stace,the Wedding Present,Big Rat,Watusi,Island Records (World),
2019-10-09,1400-1700,DJ Stace,DJ Stace,Black Pumas,Black Moon Rising,Black Pumas,Ato Records,
2019-10-09,1400-1700,DJ Stace,DJ Stace,IDLES,I Dream Guillotine,I Dream Guillotine (single),Partisan,
2019-10-09,1400-1700,DJ Stace,DJ Stace,Ezra Furman,My Teeth Hurt - Radio Clean Edit,Twelve Nudes,Bella Union,
2019-10-09,1400-1700,DJ Stace,DJ Stace,Ty Segall,Taste,First Taste,Drag City,
2019-10-09,1400-1700,DJ Stace,DJ Stace,Brant Bjork,Toot,Jalamanta (Remastered),Man's Ruin,
2019-10-09,1400-1700,DJ Stace,DJ Stace,A Giant Dog,My Body Is A Cage,Neon Bible,Merge Records,
2019-10-02,1430-1700,DJ Stace,DJ Stace,Black Pumas,Colors,Black Pumas,ATO,
2019-10-02,1430-1700,DJ Stace,DJ Stace,Spoon,"I Turn My Camera On - Gimme Fiction, 2005",Everything Hits At Once: The Best Of Spoon,Matador Records,
2019-10-02,1430-1700,DJ Stace,DJ Stace,Fruit Bats,Gold Past Life,Gold Past Life,Merge Records,
2019-10-02,1430-1700,DJ Stace,DJ Stace,The Who,"A Quick One, While He's Away","Rolling Stones Rock And Roll Circus, The",Abkco Records,
2019-10-02,1430-1700,DJ Stace,DJ Stace,13th Floor Elevators,You're Gonna Miss Me,Absolutely The Best Of The 13th Floor Elevators,Fuel 2000,
2019-10-02,1430-1700,DJ Stace,DJ Stace,Ty Segall,Radio,First Taste,Drag City,
2019-10-02,1430-1700,DJ Stace,DJ Stace,Black Rebel Motorcycle Club,Beat The Devil's Tattoo,Beat The Devil's Tattoo,Vagrant Records,
2019-10-02,1430-1700,DJ Stace,DJ Stace,Guaxe,Desafio Do Guaxe,Guaxe,Oar,
2019-10-02,1430-1700,DJ Stace,DJ Stace,Stereolab,Metronomic Underground,Emperor Tomato Ketchup,Elektra Records (West Coast),
2019-10-02,1430-1700,DJ Stace,DJ Stace,L'Epee,Dreams,Diabolique,A Recordings / Berreto / Em.s Productions,
2019-10-02,1430-1700,DJ Stace,DJ Stace,Altin Gun,Ervah-I Ezelde,Gece,Ato Records,
2019-10-02,1430-1700,DJ Stace,DJ Stace,Tinariwen,Kel Tinawen (Feat. Cass Mccombs),Amadjar,Anti-,
2019-10-02,1430-1700,DJ Stace,DJ Stace,Nusrat Fateh Ali Khan,Mustt Mustt (Massive Attack Remix),Mustt Mustt (Massive Attack Remix),Real World Records,
2019-10-02,1430-1700,DJ Stace,DJ Stace,Eagles of Death Metal,Abracadabra,EODM Present Boots Electric Performing the Songs He Never Wrote,EODM,
2019-10-02,1430-1700,DJ Stace,DJ Stace,Dan Friel,Errorbird,Fanfare,Thrill Jockey Records,
2019-10-02,1430-1700,DJ Stace,DJ Stace,Ezra Furman,Thermometer,Twelve Nudes,Bella Union,
2019-10-02,1430-1700,DJ Stace,DJ Stace,Ladrones,Juego Con Fuego,Ladrones,Slovenly Recordings,
2019-10-02,1430-1700,DJ Stace,DJ Stace,Olivia Jean,Jaan Pehechaan Ho,Night Owl,Third Man Records,
2019-10-02,1430-1700,DJ Stace,DJ Stace,Otoboke Beaver,6 Day Working Week Is A Pain,Itekoma Hits,Damnably,
2019-10-02,1430-1700,DJ Stace,DJ Stace,Terror / Cactus,Abandono,Impulsos,Self Release,
2019-10-02,1430-1700,DJ Stace,DJ Stace,Bodega,Shiny New Model,Shiny New Model,What's Your Rupture?,
2019-10-02,1430-1700,DJ Stace,DJ Stace,IDLES,I Dream Guillotine,I Dream Guillotine,Partisan Records,
2019-10-02,1430-1700,DJ Stace,DJ Stace,Fontaines D.C.,The Cuckoo Is A-Callin',Singles,Partisan Records,
2019-10-02,1430-1700,DJ Stace,DJ Stace,Girlpool,Swamp And Bay,What Chaos Is Imaginary,Anti-,
2019-10-02,1430-1700,DJ Stace,DJ Stace,Father John Misty,Total Entertainment Forever,Pure Comedy,Sub Pop Records,
2019-10-02,1430-1700,DJ Stace,DJ Stace,The Goon Sax,Make Time 4 Love,We're Not Talking,Chapter,
2019-10-02,1430-1700,DJ Stace,DJ Stace,Fuck,Meet The Gibbons,"Band, The",Vampire Blues,
2019-10-02,1430-1700,DJ Stace,DJ Stace,A Giant Dog,No Cars Go,Neon Bible,Merge Records,
2019-10-02,1430-1700,DJ Stace,DJ Stace,Kurt Vile,Pretty Pimpin,B'lieve I'm Goin Down,Matador Records,
2019-10-02,1430-1700,DJ Stace,DJ Stace,Wedding Present,Panama,Panama,Come Play With Me,
2019-10-02,1430-1700,DJ Stace,DJ Stace,WIVES,Waving Past Nirvana,Waving Past Nirvana,City Slang Records,
2019-10-02,1430-1700,DJ Stace,DJ Stace,Chastity Belt,It Takes Time,Chastity Belt,Hardly Art,
2019-10-02,1430-1700,DJ Stace,DJ Stace,Big Thief,Open Desert,U.F.O.F.,4AD,
2019-10-02,1430-1700,DJ Stace,DJ Stace,WIlco,Love is Everywhere (Beware),Love is Everywhere (Beware) (single),dBpm,
2019-10-02,1430-1700,DJ Stace,DJ Stace,The Felice Brothers,Nail It On The First Try,Undress,Yep Roc Records,
2019-10-02,1430-1700,DJ Stace,DJ Stace,Fankie Cosmos,Rings (On a Tree),Rings (On a Tree),SubPop,
2019-10-02,1430-1700,DJ Stace,DJ Stace,Kate Tempest,People's Faces,The Book of Traps and Lessons,American Records,
2019-09-25,1430-1800,DJ Stace,DJ Stace,Bodega,Shiny New Model,Shiny New Model (single),Rough Trade,
2019-09-25,1430-1800,DJ Stace,DJ Stace,Stef Chura,All I Do Is Lie,Midnight,Saddle Creek,
2019-09-25,1430-1800,DJ Stace,DJ Stace,Courtney Barnett,Everybody Here Hates You,Everybody Here Hates You (single),Mom + Pop,
2019-09-25,1430-1800,DJ Stace,DJ Stace,Froth,Laurel,Duress,Wichita Recordings,
2019-09-25,1430-1800,DJ Stace,DJ Stace,Tropical Fuck Storm,Who's My Eugene?,Braindrops,Joyful Noise,
2019-09-25,1430-1800,DJ Stace,DJ Stace,Jealous of the Birds,The Grass Begins to Eat Itself,The Grass Begins to Eat Itself (single),Atlantic Records,
2019-09-25,1430-1800,DJ Stace,DJ Stace,Spoon,Shake It Off,Shake It Off (single),Matador,
2019-09-25,1430-1800,DJ Stace,DJ Stace,Spoon,The Underdog - Ga Ga Ga Ga Ga 2007,Everything Hits At Once: The Best Of Spoon,Matador Records,
2019-09-25,1430-1800,DJ Stace,DJ Stace,Priors,Lonely Mind,New Pleasure,Slovenly Recordings,
2019-09-25,1430-1800,DJ Stace,DJ Stace,IDLES,I Dream Guillotine,I Dream Guillotine (single),Partisan,
2019-09-25,1430-1800,DJ Stace,DJ Stace,Fontaines D.C.,Liberty Belle,Dogrel,Partisan Records,
2019-09-25,1430-1800,DJ Stace,DJ Stace,The Goon Sax,Make Time 4 Love,We're Not Talking,Chapter,
2019-09-25,1430-1800,DJ Stace,DJ Stace,Wedding Present,Panama,Jump In the Water's Fine (Single),Come Play with Me,
2019-09-25,1430-1800,DJ Stace,DJ Stace,Terror / Cactus,Danza De Las Piranas,Impulsos,Self Release,
2019-09-25,1430-1800,DJ Stace,DJ Stace,Iguana Death Cult,Bright Lights,Bright Lights (single),Innovative Leisure,
2019-09-25,1430-1800,DJ Stace,DJ Stace,Olivia Jean,Jaan Pehechaan Ho,Night Owl,Third Man Records,
2019-09-25,1430-1800,DJ Stace,DJ Stace,The Cult,Love Removal Machine,Electric,Beggars Banquet,
2019-09-25,1430-1800,DJ Stace,DJ Stace,Ezra Furman,I Wanna Be Your Girlfriend,Twelve Nudes,Bella Union,
2019-09-25,1430-1800,DJ Stace,DJ Stace,WIVES,Workin',Workin' (single),City Slang Records,
2019-09-25,1430-1800,DJ Stace,DJ Stace,Jeanines,In This House,Jeanines,Slumberland Records,
2019-09-25,1430-1800,DJ Stace,DJ Stace,Daniele Luppi & Parquet Courts,Soul And Cigarette,Milano,30th Century Records/Columbia,
2019-09-25,1430-1800,DJ Stace,DJ Stace,Girlpool,Swamp And Bay,What Chaos Is Imaginary,Anti-,
2019-09-25,1430-1800,DJ Stace,DJ Stace,Fruit Bats,Gold Past Life,Gold Past Life,Merge Records,
2019-09-25,1430-1800,DJ Stace,DJ Stace,Purple Mountains,All My Happiness Is Gone,Purple Mountains,Drag City,
2019-09-25,1430-1800,DJ Stace,DJ Stace,In The Valley Below,Blue Sky Drugs,"Pink Chateau, The",Bright Antenna,
2019-09-25,1430-1800,DJ Stace,DJ Stace,Eagles of Death Metal,Careless Whispers,EODM Presents Boots Electric Performing the Songs He Never Wrote,EODM,
2019-09-25,1430-1800,DJ Stace,DJ Stace,Cartoon Violence,Life On Mars?,Has Got You Covered,Self-Release,
2019-09-25,1430-1800,DJ Stace,DJ Stace,A Giant Dog,No Cars Go,Neon Bible,Merge,
2019-09-25,1430-1800,DJ Stace,DJ Stace,The Felice Brothers,The Kid,Undress,Yep Roc Records,
2019-09-25,1430-1800,DJ Stace,DJ Stace,Old 97'S,The Other Shoe,Wreck Your Life,Bloodshot Records,
2019-09-25,1430-1800,DJ Stace,DJ Stace,Bill Callahan,What Comes After Certainty,Shepherd In A Sheepskin Vest,Drag City,
2019-09-25,1430-1800,DJ Stace,DJ Stace,Wilco,Love is Everywhere (Beware),Love is Everywhere (Beware) (single),dBpm,
2019-09-25,1430-1800,DJ Stace,DJ Stace,Jimmy Buffet,Ballad of Spider John,Living and Dying in 3/4 Time,Dunhill,
2019-09-25,1430-1800,DJ Stace,DJ Stace,Lonesome Shack,Past The Ditch,Desert Dreams,Alive Records,
2019-09-25,1430-1800,DJ Stace,DJ Stace,Thee Shams,Never Did Nothing,Please Yourself,Fat Possum Records,
2019-09-25,1430-1800,DJ Stace,DJ Stace,Black Pumas,Fire,Black Pumas,ATO,
2019-09-25,1430-1800,DJ Stace,DJ Stace,Lord Huron,Vide Noir,Vide Noir,Republic/suraja,
2019-09-25,1430-1800,DJ Stace,DJ Stace,Ty Segall,Radio,First Taste,Drag City,
2019-09-25,1430-1800,DJ Stace,DJ Stace,L'Epee,Dreams,Diabolique,A Recordings / Berreto / Em.s Productions,
2019-09-25,1430-1800,DJ Stace,DJ Stace,Kurt Vile,Pretty Pimpin,B'lieve I'm Goin Down,Matador Records,
2019-09-25,1430-1800,DJ Stace,DJ Stace,Ladrones,Juego Con Fuego,Ladrones,Slovenly Recordings,
2019-09-25,1430-1800,DJ Stace,DJ Stace,The Pleasure Routine,Bloody Nose,Bloody Nose (Single) & Wnl Cuts,Self Release,
2019-09-25,1430-1800,DJ Stace,DJ Stace,Pip Blom,Tinfoil,Boat,Heavenly,
2019-09-25,1430-1800,DJ Stace,DJ Stace,Stereolab,Metronomic Underground,Emporer Tomato Ketchup (Expanded),Duophonic UHF Disks and Warp Records,
2019-09-25,1430-1800,DJ Stace,DJ Stace,Mannequin Pussy,Who You Are,Patience,Epitaph Records,
2019-09-25,1430-1800,DJ Stace,DJ Stace,Snapped Ankles,Pestisound (Moving Out),Stunning Luxury,Leaf Label,
2019-09-18,1500-1800,DJ Stace,DJ Stace,Stef Chura,All I Do Is Lie,Midnight,Saddle Creek,
2019-09-18,1500-1800,DJ Stace,DJ Stace,Car Seat Headrest,Drunk Drivers/Killer Whales,Drunk Drivers/Killer Whales (single),Matador,
2019-09-18,1500-1800,DJ Stace,DJ Stace,Froth,Laurel,Duress,Wichita Recordings,
2019-09-18,1500-1800,DJ Stace,DJ Stace,Bodega,Shiny New Model,Shiny New Model (single),What's Your Rupture?,
2019-09-18,1500-1800,DJ Stace,DJ Stace,Snapped Ankles,Pestisound (Moving Out),Stunning Luxury,Leaf Label,
2019-09-18,1500-1800,DJ Stace,DJ Stace,L'Epee,Dreams,Diabolique,A Recordings / Berreto / Em.s Productions,
2019-09-18,1500-1800,DJ Stace,DJ Stace,The Paper Kites,Deep Burn Blue,On The Corner Where You Live,Nettwerk Records,
2019-09-18,1500-1800,DJ Stace,DJ Stace,Bill Callahan,What Comes After Certainty,Shepherd In A Sheepskin Vest,Drag City,
2019-09-18,1500-1800,DJ Stace,DJ Stace,Daniel Johnston,Mask,Space Ducks: Soundtrack,Eternal Yip Eye Music,
2019-09-18,1500-1800,DJ Stace,DJ Stace,Beck ,True Love WIll Find You In the End,Discovered/Covered,Eternal Yip Eye Music,
2019-09-18,1500-1800,DJ Stace,DJ Stace,Lonesome Shack,Past The Ditch,Desert Dreams,Alive Records,
2019-09-18,1500-1800,DJ Stace,DJ Stace,Olivia Jean,Jaan Pehechaan Ho,Night Owl,Third Man Records,
2019-09-18,1500-1800,DJ Stace,DJ Stace,Fontaines D.C.,Chequeless Reckless,Dogrel,Partisan Records,
2019-09-18,1500-1800,DJ Stace,DJ Stace,Jay Som,Tenderness,Anak Ko,Polyvinyl Records,
2019-09-11,1500-1800,DJ Stace,DJ Stace,Drab Majesty,Out Of Sequence,Modern Mirror,Dais Records,
2019-09-11,1500-1800,DJ Stace,DJ Stace,Sisters of Mercy,Lucretia (My Reflection),Floodland,Merciful Release,
2019-09-11,1500-1800,DJ Stace,DJ Stace,Pip Blom,Tinfoil,Boat,Heavenly,
2019-09-11,1500-1800,DJ Stace,DJ Stace,Spoon,No Bullets Spent,No Bullets Spent (CD),Matador,
2019-09-11,1500-1800,DJ Stace,DJ Stace,Beirut,Gallipoli,Gallipoli,4AD,
2019-09-11,1500-1800,DJ Stace,DJ Stace,Fruit Bats,Gold Past Life,Gold Past Life,Merge Records,
2019-09-11,1500-1800,DJ Stace,DJ Stace,Jay Som,Tenderness,Anak Ko,Polyvinyl Records,
2019-09-11,1500-1800,DJ Stace,DJ Stace,Cass McCombs,Sleeping Volcanoes,Tip of the Sphere,ANTI-,
2019-09-11,1500-1800,DJ Stace,DJ Stace,Tinariwen,Kel Tinawen (feat Cass McCombs),Amadjar,ANTI-,
2019-09-11,1500-1800,DJ Stace,DJ Stace,Lonesome Shack,Past The Ditch,Desert Dreams,Alive Records,
2019-09-11,1500-1800,DJ Stace,DJ Stace,Colter Wall,Sleeping on the Blacktop,Imaginary Appalachia,Young Mary's Record Co.,
2019-09-11,1500-1800,DJ Stace,DJ Stace,Wilco,Love Is Everywhere (Beware),Love Is Everywhere (Beware)(Single),dBpm Records,
2019-09-11,1500-1800,DJ Stace,DJ Stace,The Berries,Turn It Away,Start All Over Again,Run For Cover,
2019-09-11,1500-1800,DJ Stace,DJ Stace,The Nude Party,Records,"Nude Party, The",New West Records,
2019-09-11,1500-1800,DJ Stace,DJ Stace,Old 97'S,Big Brown Eyes,Wreck Your Life,Bloodshot Records,
2019-09-11,1500-1800,DJ Stace,DJ Stace,Purple Mountains,Nights That Won't Happen,Purple Mountains,Drag City,
2019-09-11,1500-1800,DJ Stace,DJ Stace,Courtney Barnett & Kurt Vile,Fear Is Like A Forest,Lotta Sea Lice,Matador Records,
2019-09-11,1500-1800,DJ Stace,DJ Stace,Nirvana,Lake of Fire,Unplugged in New York,Geffen Records,
2019-09-11,1500-1800,DJ Stace,DJ Stace,Bill Callahan,What Comes After Certainty,Shepherd In A Sheepskin Vest,Drag City,
2019-09-11,1500-1800,DJ Stace,DJ Stace,Bodega,Shiny New Model,Shiny New Model (single),What's Your Rupture,
2019-09-11,1500-1800,DJ Stace,DJ Stace,X,The Hungry Wolf,Under The Big Black Sun,Fat Possum Records,
2019-09-11,1500-1800,DJ Stace,DJ Stace,Mutagenicios,Muerte Marte,3,Dirty Water Records,
2019-09-11,1500-1800,DJ Stace,DJ Stace,Olivia Jean,Jaan Pehechaan Ho,Night Owl,Third Man Records,
2019-09-11,1500-1800,DJ Stace,DJ Stace,Terror / Cactus,Abandono,Impulsos,Self Release,
2019-09-11,1500-1800,DJ Stace,DJ Stace,Ototoke Beaver,6 Day Working Week Is A Pain,Itekoma Hits,Damnably,
2019-09-11,1500-1800,DJ Stace,DJ Stace,Cage the Elephant,Tiny Little Robots,Cage the Elephant,RCA/Jive,
2019-09-11,1500-1800,DJ Stace,DJ Stace,Snapped Ankles,Pestisound (Moving Out),Stunning Luxury,Leaf Label,
2019-09-11,1500-1800,DJ Stace,DJ Stace,IDLES,I Dream of Guillotine,I Dream of Guillotine (single),Partisan Records,
2019-09-11,1500-1800,DJ Stace,DJ Stace,Fontaines D.C.,Chequeless Reckless,Singles,Partisan Records,
2019-09-11,1500-1800,DJ Stace,DJ Stace,Fontaines D.C.,Boys In The Better Land,Dogrel,Partisan Records,
2019-09-11,1500-1800,DJ Stace,DJ Stace,Froth,Laurel,Duress,Wichita Recordings,
2019-09-11,1500-1800,DJ Stace,DJ Stace,Ty Segall,Taste,First Taste,Drag City,
2019-09-11,1500-1800,DJ Stace,DJ Stace,Stef Chura,Scream,Midnight,Saddle Creek,
2019-09-11,1500-1800,DJ Stace,DJ Stace,Ezra Furman,I Wanna Be Your Girlfriend,Twelve Nudes,Bella Union,
2019-09-11,1500-1800,DJ Stace,DJ Stace,Andrew Bird,Sisyphus,My Finest Work Yet,Loma Vista,
2019-09-11,1500-1800,DJ Stace,DJ Stace,Lord Huron,Vide Noir,Vide Noir,Republic/suraja,
2019-09-11,1500-1800,DJ Stace,DJ Stace,Black Pumas,Fire,Black Pumas,ATO,
2019-09-11,1500-1800,DJ Stace,DJ Stace,Prince,Manic Monday,Originals,Warner Bros. Records,
2019-09-11,1500-1800,DJ Stace,DJ Stace,Seratones,Heart Attack,POWER,New West Records,
2019-09-11,1500-1800,DJ Stace,DJ Stace,Ladrones,Juego Con Fuego,Ladrones,Slovenly Recordings,
2019-09-11,1500-1800,DJ Stace,DJ Stace,Ron Gallo,Kill the Medicine Man,Heavy Meta,New West Records,
2019-09-11,1500-1800,DJ Stace,DJ Stace,Cartoon Violence,Life On Mars?,Has Got You Covered,Self-Release,
2019-09-11,1500-1800,DJ Stace,DJ Stace,Kate Tempest,People's Faces,The Book of Tricks and Lessons,American Recordings,
2019-09-04,1500-1800,DJ Stace,DJ Stace,Snapped Ankles,Rechargeable,Stunning Luxury,Leaf Label,
2019-09-04,1500-1800,DJ Stace,DJ Stace,Bodega,Shiny New Model,Shiny New Model (single),Rough Trade,
2019-09-04,1500-1800,DJ Stace,DJ Stace,Devo,Gates Of Steel,Greatest Hits,Warner Bros. Records,
2019-09-04,1500-1800,DJ Stace,DJ Stace,Ty Segall,Taste,First Taste,Drag City,
2019-09-04,1500-1800,DJ Stace,DJ Stace,Nots,Surveillance Veil,3,Goner Records,
2019-09-04,1500-1800,DJ Stace,DJ Stace,Olivia Jean,Jaan Pehechaan Ho,Night Owl,Third Man Records,
2019-09-04,1500-1800,DJ Stace,DJ Stace,Tandoori Knights,Temple Of Boom,Temple Of Boom,Slovenly Recordings,
2019-09-04,1500-1800,DJ Stace,DJ Stace,Guitar Wolf,Bowling In Takada-No-Baba,Love&Jett,Guitar Wolf Records,
2019-09-04,1500-1800,DJ Stace,DJ Stace,Kate Tempest,People's Faces,The Book of Traps and Lessons,American Recordings,
2019-09-04,1500-1800,DJ Stace,DJ Stace,Bill Callahan,What Comes After Certainty,Shepherd In A Sheepskin Vest,Drag City,
2019-09-04,1500-1800,DJ Stace,DJ Stace,Bonnie 'Prince' Billy,Beast for Thee,When We Are Inhuman,37d03d,
2019-09-04,1500-1800,DJ Stace,DJ Stace,Matt Sweeney & Bonnie Prince,My Home Is the Sea,Superwolf,Drag City,
2019-09-04,1500-1800,DJ Stace,DJ Stace,Kurt Vile,Pretty Pimpin,B'lieve I'm Goin Down,Matador Records,
2019-09-04,1500-1800,DJ Stace,DJ Stace,Willie Nelson,I'm A Memory,One Hell of a Ride,Columbia Records,
2019-09-04,1500-1800,DJ Stace,DJ Stace,Lonesome Shack,Too Bad,Desert Dreams,Alive Records,
2019-09-04,1500-1800,DJ Stace,DJ Stace,"Weiss, Chuck E.",Devil with Blue Suede Shoes,Extremely Cool,Rykodisc,
2019-09-04,1500-1800,DJ Stace,DJ Stace,Black Pumas,Colors,Black Pumas,ATO,
2019-09-04,1500-1800,DJ Stace,DJ Stace,Lawrence Arabia,Oppositional Democracy,Lawrence Arabia's Singles Club,Self-Release,
2019-09-04,1500-1800,DJ Stace,DJ Stace,Fruit Bats,Gold Past Life,Gold Past Life,Merge Records,
2019-09-04,1500-1800,DJ Stace,DJ Stace,Low Cut Connie,Everytime You Turn Around,Dirty Pictures pt. 2,Contender Records,
2019-09-04,1500-1800,DJ Stace,DJ Stace,Say Hi,Mathematicians,Caterpillar Centipede,Euphobia,
2019-09-04,1500-1800,DJ Stace,DJ Stace,STRFKR,Stoned 2,Vault Vol 2,Polyvinyl Record Co.,
2019-09-04,1500-1800,DJ Stace,DJ Stace,Tropical Fuck Storm,Who's My Eugene?,Braindrops,Joyful Noise,
2019-09-04,1500-1800,DJ Stace,DJ Stace,Pip Blom,Tinfoil,Boat,Heavenly,
2019-09-04,1500-1800,DJ Stace,DJ Stace,Stef Chura,All I Do Is Lie,Midnight,Saddle Creek,
2019-09-04,1500-1800,DJ Stace,DJ Stace,Ron Gallo,Kill the Medicine Man,Heavy Meta,New West Records,
2019-09-04,1500-1800,DJ Stace,DJ Stace,Angel Olsen,All Mirrors,All Mirrors (single),Jagjaguwar,
2019-09-04,1500-1800,DJ Stace,DJ Stace,Froth,Laurel,Duress,Wichita Recordings,
2019-09-04,1500-1800,DJ Stace,DJ Stace,The Jesus And Mary Chain,Just Like Honey,Psycho Candy,Warner Bros. Records,
2019-09-04,1500-1800,DJ Stace,DJ Stace,Priors,Heart Strings,New Pleasure,Slovenly Recordings,
2019-09-04,1500-1800,DJ Stace,DJ Stace,Hanni el Khatib,Pay No Mind,Head In The Dirt,Innovative Leisure Records,
2019-09-04,1500-1800,DJ Stace,DJ Stace,Eagles of Death Metal,God of Thunder,EODM Presents Boots Electric Perfoming the Best Songs He Never Wrote,EODM,
2019-09-04,1500-1800,DJ Stace,DJ Stace,Black Midi,Of Schlagenheim,Schlagenheim,Rough Trade,
2019-09-04,1500-1800,DJ Stace,DJ Stace,PJ Harvey,The Crowded Cell,The Crowded Cell (single),Hot Head Music Limited,
2019-08-28,1500-1800,DJ Stace,DJ Stace,Smog,Hit The Ground Running,Knock Knock,Drag City,
2019-08-28,1500-1800,DJ Stace,DJ Stace,Ty Segall,Taste,First Taste,Drag City,
2019-08-28,1500-1800,DJ Stace,DJ Stace,Ty Segall,My Lady's On Fire,Freedom's Goblin,Drag City,
2019-08-28,1500-1800,DJ Stace,DJ Stace,Purple Mountains,Darkness And Cold,Purple Mountains,Drag City,
2019-08-28,1500-1800,DJ Stace,DJ Stace,Stef Chura,All I Do Is Lie,Midnight,Saddle Creek,
2019-08-28,1500-1800,DJ Stace,DJ Stace,the Wedding Present,Corduroy,Seamonsters,First Warning,
2019-08-28,1500-1800,DJ Stace,DJ Stace,Crumb,Fall Down,Jinx,Self-Release,
2019-08-28,1500-1800,DJ Stace,DJ Stace,Stiff Little Fingers,Alternative Ulster,All The Best,One Way Records,
2019-08-28,1500-1800,DJ Stace,DJ Stace,Spoon,The Underdog,Everything Hits at Once: The Best of Spoon,Matador,
2019-08-28,1500-1800,DJ Stace,DJ Stace,Spoon,No Bullets Spent,No Bullets Spent (single),Matador,
2019-08-28,1500-1800,DJ Stace,DJ Stace,Fruit Bats,Gold Past Life,Gold Past Life,Merge Records,
2019-08-28,1500-1800,DJ Stace,DJ Stace,Nots,In Glass,3,Goner Records,
2019-08-28,1500-1800,DJ Stace,DJ Stace,IDLES,I Dream Guillotine,I Dream Guillotine (Single),Partisan Records,
2019-08-28,1500-1800,DJ Stace,DJ Stace,Brandy,Clown Pain,"""clown Pain"" B/w ""rent Quest""",Total Punk Records,
2019-08-28,1500-1800,DJ Stace,DJ Stace,Fontaines D.C.,Chequeless Reckless,Dogrel,Partisan Records,
2019-08-28,1500-1800,DJ Stace,DJ Stace,Fontaines D.C.,Boys In The Better Land,Dogrel,Partisan Records,
2019-08-28,1500-1800,DJ Stace,DJ Stace,Say Hi,Mathematicians,Caterpillar Centipede,Euphobia,
2019-08-28,1500-1800,DJ Stace,DJ Stace,Dirty Three,Ashen Snow,Toward the Low Sun,Touch & Go,
2019-08-28,1500-1800,DJ Stace,DJ Stace,Nick Cave,PJ Harvey & Boatman's Call,Red Hand Files,live reading,
2019-08-28,1500-1800,DJ Stace,DJ Stace,Nick Cave & The Bad Seeds,Into My Arms,"Boatman's Call, the",Reprise Records (Modern),
2019-08-28,1500-1800,DJ Stace,DJ Stace,Nick Cave & The Bad Seeds,Rings Of Saturn,Skeleton Tree,Bad Seed Ltd.,
2019-08-28,1500-1800,DJ Stace,DJ Stace,PJ Harvey,The Crowded Cell,The Crowded Cell (single),Hot Head Music Ltd,
2019-08-28,1500-1800,DJ Stace,DJ Stace,Palehound,Aaron,Black Friday,Polyvinyl Records,
2019-08-28,1500-1800,DJ Stace,DJ Stace,Angel Olsen,All Mirrors,All Mirrors (single),Jagjaguwar,
2019-08-28,1500-1800,DJ Stace,DJ Stace,French Vanilla,Friendly Fire,How Am I Not Myself?,Danger Collective Records,
2019-08-28,1500-1800,DJ Stace,DJ Stace,The English Beat,Save It For Later,Special Beat Service,I.R.S. Records,
2019-08-28,1500-1800,DJ Stace,DJ Stace,Cass McCombs,Sleeping Volcanoes,Tip of the Sphere,ANTI-,
2019-08-28,1500-1800,DJ Stace,DJ Stace,Bill Callahan,What Comes After Certainty,Shepherd In A Sheepskin Vest,Drag City,
2019-08-28,1500-1800,DJ Stace,DJ Stace,Colter Wall,Sleeping on the Blacktop,Imaginary Appalachia,Young Mary's Record Co.,
2019-08-28,1500-1800,DJ Stace,DJ Stace,Wilco,Love is Everywhere (Beware),Love is Everywhere (Beware) (single),dBpm,
2019-08-28,1500-1800,DJ Stace,DJ Stace,Mike Edel,31,Thresholds,Pennant Records,
2019-08-28,1500-1800,DJ Stace,DJ Stace,Father John Misty,Real Love Baby,Real Love Baby (single),Matador,
2019-08-28,1500-1800,DJ Stace,DJ Stace,Lonesome Shack,Past The Ditch,Desert Dreams,Alive Records,
2019-08-28,1500-1800,DJ Stace,DJ Stace,Kurt Vile,One Trick Ponies,Bottle It In,Matador Records,
2019-08-28,1500-1800,DJ Stace,DJ Stace,X,Riding With Mary,Under The Big Black Sun,Fat Possum Records,
2019-08-28,1500-1800,DJ Stace,DJ Stace,Bodega,Shiny New Model,Shiny New Model,What's Your Rupture?,
2019-08-28,1500-1800,DJ Stace,DJ Stace,Bodega,How Did This Happen?!,Endless Scroll,What's Your Rupture?,
2019-08-28,1500-1800,DJ Stace,DJ Stace,Ron Gallo,Kill the Medicine Man,Heavy Meta,New West Records,
2019-08-28,1500-1800,DJ Stace,DJ Stace,Black Pumas,Fire,Black Pumas,ATO,
2019-08-28,1500-1800,DJ Stace,DJ Stace,Lawrence Arabia,Oppositional Democracy,Lawrence Arabia's Singles Club,Self-Release,
2019-08-28,1500-1800,DJ Stace,DJ Stace,Angelo De Augustine,I Could Be Wrong,Tomb,Asthmatic Kitty Records,
2019-08-28,1500-1800,DJ Stace,DJ Stace,Froth,Laurel,Duress,Wichita Recordings,
2019-08-28,1500-1800,DJ Stace,DJ Stace,Guided By Voices,Blimps Go 90,Alien Lanes,Matador Records,
2019-08-28,1500-1800,DJ Stace,DJ Stace,Tropical Fuck Storm,Maria 62,Braindrops,Joyful Noise,
2019-08-28,1500-1800,DJ Stace,DJ Stace,Snapped Ankles,Pestisound (Moving Out),Stunning Luxury,Leaf Label,
2019-08-21,1500-1800,DJ Stace,DJ Stace,Pip Blom,Tinfoil,Boat,Heavenly,
2019-08-21,1500-1800,DJ Stace,DJ Stace,The Flaming Lips,Free Radicals,At War With The Mystics,Warner Brothers (Modern),
2019-08-21,1500-1800,DJ Stace,DJ Stace,Lawrence Arabia,Oppositional Democracy,Lawrence Arabia's Singles Club,Self-Release,
2019-08-21,1500-1800,DJ Stace,DJ Stace,Foxygen,San Francisco,We Are The 21st Century Ambassadors Of Peace & Magic,Jagjaguwar,
2019-08-21,1500-1800,DJ Stace,DJ Stace,Crumb,Part Iii,Jinx,Self-Release,
2019-08-21,1500-1800,DJ Stace,DJ Stace,French Vanilla,Suddenly,How Am I Not Myself?,Danger Collective Records,
2019-08-21,1500-1800,DJ Stace,DJ Stace,Karen O & Danger Mouse,Woman,Lux Prima,30th Century Records/Columbia,
2019-08-21,1500-1800,DJ Stace,DJ Stace,Ron Gallo,Kill the Medicine Man,Heavy Meta,New West Records,
2019-08-21,1500-1800,DJ Stace,DJ Stace,X,The Hungry Wolf,Under The Big Black Sun,Fat Possum Records,
2019-08-21,1500-1800,DJ Stace,DJ Stace,Hanni el Khatib,Pay No Mind,Head In The Dirt,Innovative Liesure,
2019-08-21,1500-1800,DJ Stace,DJ Stace,Black Pistol Fire,Hipster Shakes,Hush or Howl,Rifle Bird Records,
2019-08-21,1500-1800,DJ Stace,DJ Stace,The Raconteurs,Bored and Razed,Help Us Stranger,Third Man,
2019-08-21,1500-1800,DJ Stace,DJ Stace,"Spencer, Jon Blues Explosion",Do You Wanna Get Heavy?,Acme,Matador Records,
2019-08-21,1500-1800,DJ Stace,DJ Stace,The Avett Brothers,Aint No Man,True Sadness,Republic Records,
2019-08-21,1500-1800,DJ Stace,DJ Stace,The Avett Brothers,If It's The Beaches,"Gleam, The",Ramseur Records,
2019-08-21,1500-1800,DJ Stace,DJ Stace,Shana Cleveland,Face Of The Sun,Night Of The Worm Moon,Hardly Art,
2019-08-21,1500-1800,DJ Stace,DJ Stace,Eagles of Death Metal,Abracadabra,EODM Presents Boots Electric Performing the Best Songs He Never Wrote.,EODM,
2019-08-21,1500-1800,DJ Stace,DJ Stace,Queens of the Stone Age,No One Knows,Songs for the Deaf,Interscope Records,
2019-08-21,1500-1800,DJ Stace,DJ Stace,Nancy Sinatra,Bang Bang (My Baby Shot Me D,Kill Bill Vol 1,Maverick Recording Compan,
2019-08-21,1500-1800,DJ Stace,DJ Stace,Shitkid,Summer '18,[Detention],Pnkslm Recordings,
2019-08-21,1500-1800,DJ Stace,DJ Stace,Ty Segall,Radio,Radio (Single),Drag City,
2019-08-21,1500-1800,DJ Stace,DJ Stace,Say Hi,Mathematicians,Caterpillar Centipede,Euphobia,
2019-08-21,1500-1800,DJ Stace,DJ Stace,The Nude Party,Records,"Nude Party, The",New West Records,
2019-08-21,1500-1800,DJ Stace,DJ Stace,Lonesome Shack,Too Bad,Desert Dreams,Alive Records,
2019-08-21,1500-1800,DJ Stace,DJ Stace,Bob Log,Boob Scotch,Bob Log III,Fat Possum Records,
2019-08-21,1500-1800,DJ Stace,DJ Stace,Guitar Wolf,Bowling In Takada-No-Baba,Love&Jett,Guitar Wolf Records,
2019-08-21,1500-1800,DJ Stace,DJ Stace,Daisy Chainsaw,Dog with Sharper Teeth,Eleventeen,A&M Records (Alternative),
2019-08-21,1500-1800,DJ Stace,DJ Stace,Screaming Females,Shake It Off (Taylor Swift Cover),The A.V Club Sessions,A.V. Club,
2019-08-21,1500-1800,DJ Stace,DJ Stace,The Coathangers,5 Farms [Radio Edit],"Devil You Know , The",Suicide Squeeze Records,
2019-08-21,1500-1800,DJ Stace,DJ Stace,Courtney Barnett,"Nameless, Faceless",Tell Me How You Really Feel,Mom + Pop,
2019-08-21,1500-1800,DJ Stace,DJ Stace,Stef Chura,All I Do Is Lie,Midnight,Saddle Creek,
2019-08-21,1500-1800,DJ Stace,DJ Stace,Angel Olsen,All Mirrors,All Mirrors (Single),Jagjaguwar Records,
2019-08-21,1500-1800,DJ Stace,DJ Stace,Caroline Rose,Soul No. 5,Loner,New West Records,
2019-08-21,1500-1800,DJ Stace,DJ Stace,Cass McCombs,Sleeping Volcanoes,Tip of the Sphere,ANTI-,
2019-08-21,1500-1800,DJ Stace,DJ Stace,Iron & Wine,"Sodom, South Georgia",Our Endless Numbered Days,Sub Pop Records,
2019-08-21,1500-1800,DJ Stace,DJ Stace,The Black Keys,Little Black Submarines,El Camino,Nonesuch Records,
2019-08-21,1500-1800,DJ Stace,DJ Stace,Fruit Bats,Gold Past Life,Gold Past Life,Merge Records,
2019-08-21,1500-1800,DJ Stace,DJ Stace,Buzzcocks,Ever Fallen In Love (With Someone You Shouldn't 've?),Love Bites,Domino Recording Company,
2019-08-21,1500-1800,DJ Stace,DJ Stace,Black Pumas,Black Moon Rising,Black Pumas,ATO,
2019-08-21,1500-1800,DJ Stace,DJ Stace,Angelo De Augustine,I Could Be Wrong,Tomb,Asthmatic Kitty Records,
2019-08-21,1500-1800,DJ Stace,DJ Stace,Belle and Sebastian,If You're Feeling Sinister,If You're Feeling Sinister,The Enclave,
2019-08-21,1500-1800,DJ Stace,DJ Stace,Froth,Laurel,Duress,Wichita Recordings,
2019-08-21,1500-1800,DJ Stace,DJ Stace,Guided by Voices,Redmen and their Wives,Under the Bushes Under the Stars,Matador,
2019-08-21,1500-1800,DJ Stace,DJ Stace,Snapped Ankles,Pestisound (Moving Out),Stunning Luxury,Leaf Label,
2019-08-21,1500-1800,DJ Stace,DJ Stace,CocoRosie,Lamb & the Wolf,Lamb & the Wolf,Marathon Artists,
2019-08-21,1500-1800,DJ Stace,DJ Stace,Kraftwerk,Boing Boom Tschak,Electric Cafe,Elektra/Asylum,
2019-08-14,1500-1800,DJ Stace,DJ Stace,Fontaines D.C.,Boys In The Better Land,Dogrel,Partisan Records,
2019-08-14,1500-1800,DJ Stace,DJ Stace,Gallon Drunk,Arlington Road,From the Heart of Town,Sire Records (Modern),
2019-08-14,1500-1800,DJ Stace,DJ Stace,Crumb,Fall Down,Jinx,Self-Release,
2019-08-14,1500-1800,DJ Stace,DJ Stace,Odetta Hartman,Cowboy Song,Old Rockhounds Never Die,Northern Spy Records,
2019-08-14,1500-1800,DJ Stace,DJ Stace,CocoRosie,Lamb & the Wolf,Lamb & the Wolf,Marathon Artists,
2019-08-14,1500-1800,DJ Stace,DJ Stace,Stef Chura,Sweet Sweet Midnight,Midnight,Saddle Creek,
2019-08-14,1500-1800,DJ Stace,DJ Stace,(Sandy) Alex G,Hope,Hope,Domino Recording Company,
2019-08-14,1500-1800,DJ Stace,DJ Stace,Future Punx,F Boys,"World Is A Mess, The",Modern Sky Entertainment,
2019-08-14,1500-1800,DJ Stace,DJ Stace,Devo,Jerkin' Back 'n' Forth,New Traditionalists,Warner Bros. Records,
2019-08-14,1500-1800,DJ Stace,DJ Stace,Coil,Things Happen,Love's Secret Domain,!K7 Records,
2019-08-14,1500-1800,DJ Stace,DJ Stace,Froth,Laurel,Duress,Wichita Recordings,
2019-08-14,1500-1800,DJ Stace,DJ Stace,earthlings?,Saving Up for My Spaceship,earthlings?,Crippled Dick Hotwax,
2019-08-14,1500-1800,DJ Stace,DJ Stace,French Vanilla,Friendly Fire,How Am I Not Myself?,Danger Collective Records,
2019-08-14,1500-1800,DJ Stace,DJ Stace,Rakta,Fim Do Mundo,Falha Comum,Iron Lung Records,
2019-08-14,1500-1800,DJ Stace,DJ Stace,Siouxsie & The Banshees,Cities In Dust,Tinderbox,Geffen Records,
2019-08-14,1500-1800,DJ Stace,DJ Stace,Johnny Cash,Personal Jesus,American 4: the Man Comes Arou,Lost Highway Records,
2019-08-14,1500-1800,DJ Stace,DJ Stace,Depeche Mode,Black Celebration,Black Celebration,Sire Records (Modern),
2019-08-14,1500-1800,DJ Stace,DJ Stace,Pip Blom,Tinfoil,Boat,Heavenly,
2019-08-14,1500-1800,DJ Stace,DJ Stace,Cass McCombs,Sleeping Volcanoes,Tip of the Sphere,ANTI-,
2019-08-14,1500-1800,DJ Stace,DJ Stace,Lonesome Shack,No Way Back,Desert Dreams,Alive Records,
2019-08-14,1500-1800,DJ Stace,DJ Stace,Wilco,Muzzle of Bees,A Ghost Is Born,Nonesuch Records,
2019-08-14,1500-1800,DJ Stace,DJ Stace,Shana Cleveland,Invisible When The Sun Leaves,Night Of The Worm Moon,Hardly Art,
2019-08-14,1500-1800,DJ Stace,DJ Stace,Beirut,Landslide,Gallipoli,4AD,
2019-08-14,1500-1800,DJ Stace,DJ Stace,the Wedding Present,Gazebo,Watusi,Island Records (World),
2019-08-14,1500-1800,DJ Stace,DJ Stace,Howe Gelb,My Little World,Gathered,Fire Records,
2019-08-14,1500-1800,DJ Stace,DJ Stace,Puddles Pity Party,Time,Time,Self-Release,
2019-08-14,1500-1800,DJ Stace,DJ Stace,Spoon,No Bullets Spent,No Bullets Spent (Single),Matador,
2019-08-14,1500-1800,DJ Stace,DJ Stace,The Coathangers,F The Nra [Radio Edit],"Devil You Know , The",Suicide Squeeze Records,
2019-08-14,1500-1800,DJ Stace,DJ Stace,Black Pumas,Colors,Black Pumas,ATO Records,
2019-08-14,1500-1800,DJ Stace,DJ Stace,X,Dancing With Tears In My Eyes,Under The Big Black Sun,Fat Possum Records,
2019-08-14,1500-1800,DJ Stace,DJ Stace,Ty Segall,Radio,Radio (Single),Drag City,
2019-08-14,1500-1800,DJ Stace,DJ Stace,Say Hi,Mathematicians,Caterpillar Centipede,Euphobia,
2019-08-14,1500-1800,DJ Stace,DJ Stace,Lawrence Arabia,Everybody Wants Something,Lawrence Arabia's Singles Club,Self-Release,
2019-08-14,1500-1800,DJ Stace,DJ Stace,Fruit Bats,Gold Past Life,Gold Past Life,Merge Records,
2019-08-14,1500-1800,DJ Stace,DJ Stace,The Pleasure Routine,Bloody Nose,Bloody Nose (Single) & Wnl Cuts,Self Release,
2019-08-14,1500-1800,DJ Stace,DJ Stace,Ron Gallo,Kill the Medicine Man,Heavy Meta,New West Records,
2019-08-14,1500-1800,DJ Stace,DJ Stace,Sebadoh,Medicate,Act Surprised,Dangerbird Records,
2019-08-14,1500-1800,DJ Stace,DJ Stace,IDLES,I Dream Guillotine,I Dream Guillotine,Partisan Records,
2019-08-14,1500-1800,DJ Stace,DJ Stace,Snapped Ankles,Pestisound (Moving Out),Stunning Luxury,Leaf Label,
2019-08-14,1500-1800,DJ Stace,DJ Stace,Angelo De Augustine,I Could Be Wrong,Tomb,Asthmatic Kitty Records,
2019-08-14,1500-1800,DJ Stace,DJ Stace,Rocky Horror Picture Show,The Time Warp,New Wave Halloween,Rhino Records,
2019-08-14,1500-1800,DJ Stace,DJ Stace,Cartoon Violence,Life On Mars?,Has Got You Covered,Self-Release,
2019-08-07,1430-1800,DJ Stace,DJ Stace,Father John Misty,Trump's Private Pilot,Too Dumb for Suicide: Tim Heidecker's Trump Songs,Jagjaguwar,
2019-08-07,1430-1800,DJ Stace,DJ Stace,Yo La Tengo,Speeding Motorcycle,Fakebook,Bar/None Records,
2019-08-07,1430-1800,DJ Stace,DJ Stace,Sheer Mag,Expect The Bayonet,Need To Feel Your Love,Wilsun Rc,
2019-08-07,1430-1800,DJ Stace,DJ Stace,Pip Blom,Tinfoil,Boat,Heavenly,
2019-08-07,1430-1800,DJ Stace,DJ Stace,Sneaker Pimps,6 Underground,Becoming,Virgin Records (Modern),
2019-08-07,1430-1800,DJ Stace,DJ Stace,The Cool Greenhouse,Pets,Crap Cardboard Pet,Lumpy Records,
2019-08-07,1430-1800,DJ Stace,DJ Stace,Can,Flow Motion,Cannibalism 2,Spoon Records,
2019-08-07,1430-1800,DJ Stace,DJ Stace,My Morning Jacket,Mahgeetah,It Still Moves (Deluxe Reissue),Ato Records,
2019-08-07,1430-1800,DJ Stace,DJ Stace,Future Punx,The World's A Mess (It's In My Kiss),"World Is A Mess, The",Modern Sky Entertainment,
2019-08-07,1430-1800,DJ Stace,DJ Stace,Dinosaur Jr.,Just Like Heaven,You're Living All Over Me,Merge Records,
2019-08-07,1430-1800,DJ Stace,DJ Stace,Guitar Wolf,Gimme Som Lovin,Love&Jett,Guitar Wolf Records,
2019-08-07,1430-1800,DJ Stace,DJ Stace,STRFKR,Girls Just Wanna Have Fun,Jupiter,Badman Recording Co.,
2019-08-07,1430-1800,DJ Stace,DJ Stace,Stef Chura,Eyes Without A Face,Midnight,Saddle Creek,
2019-08-07,1430-1800,DJ Stace,DJ Stace,Eagles of Death Metal,Careless Whispers,EODM present Boots Electric Performing the Best Songs He Never Wrote,EODM,
2019-08-07,1430-1800,DJ Stace,DJ Stace,Lera Lynn,Wolf Like Me,Plays Well With Others,Single Lock Records,
2019-08-07,1430-1800,DJ Stace,DJ Stace,Soundgarden,Girl U Want,Into the Void (Sealth),A&M Records (Metal),
2019-08-07,1430-1800,DJ Stace,DJ Stace,Devo,(I Can't Get No) Satisfaction,Greatest Hits,Warner Bros. Records,
2019-08-07,1430-1800,DJ Stace,DJ Stace,Flaming Lips,Bohemian Rhapsody,Killer Queen: A Tribute to Queen [comp.] ,Hollywood Records,
2019-08-07,1430-1800,DJ Stace,DJ Stace,Cartoon Violence,Life On Mars?,Has Got You Covered,Self-Release,
2019-08-07,1430-1800,DJ Stace,DJ Stace,Father John Misty,Suburbs,The b.b. Gun Session,CBC,
2019-08-07,1430-1800,DJ Stace,DJ Stace,The Wolfgang Press,Mama Told Me Not To Come,Queer,4AD,
2019-08-07,1430-1800,DJ Stace,DJ Stace,Cat Power,Stay,Wanderer,Domino Recording Company,
2019-08-07,1430-1800,DJ Stace,DJ Stace,Beck's Record Club (feat. St. Vincent),Never Tear Us Apart,No. 4 INXS - KICK,Beck's Record Club,
2019-08-07,1430-1800,DJ Stace,DJ Stace,Chris Cohen,Sweet William,Chris Cohen,Captured Tracks,
2019-08-07,1430-1800,DJ Stace,DJ Stace,Cass McCombs,Sleeping Volcanoes,Tip of the Sphere,ANTI-,
2019-08-07,1430-1800,DJ Stace,DJ Stace,Sonny & The Sunsets,A Bigger Picture,Hairdressers From Heaven,Rocks In Your Head Records,
2019-08-07,1430-1800,DJ Stace,DJ Stace,Ty Segall,Radio,First Taste,Drag City,
2019-08-07,1430-1800,DJ Stace,DJ Stace,Ty Segall,My Lady's On Fire,Freedom's Goblin,Drag City,
2019-08-07,1430-1800,DJ Stace,DJ Stace,Helado Negro,Pais Nublado,This Is How You Smile,Rvng Intl.,
2019-08-07,1430-1800,DJ Stace,DJ Stace,The Pleasure Routine,Bloody Nose,Bloody Nose (Single) & Wnl Cuts,Self Release,
2019-08-07,1430-1800,DJ Stace,DJ Stace,The Pleasure Routine,Two Artists,Sugar Mountain,Self-Release,
2019-08-07,1430-1800,DJ Stace,DJ Stace,The National,Rylan,I Am Easy To Find,4AD,
2019-08-07,1430-1800,DJ Stace,DJ Stace,Fontaines D.C.,Boys In The Better Land,Dogrel,Partisan Records,
2019-08-07,1430-1800,DJ Stace,DJ Stace,Fruit Bats,Gold Past Life,Gold Past Life,Merge Records,
2019-08-07,1430-1800,DJ Stace,DJ Stace,Lawrence Arabia,Oppositional Democracy,Lawrence Arabia's Singles Club,Self-Release,
2019-08-07,1430-1800,DJ Stace,DJ Stace,Low Cut Connie,Every Time You Turn Around,Dirty Pictures (part 2),Contender Records,
2019-08-07,1430-1800,DJ Stace,DJ Stace,Say Hi,Mathematicians,Caterpillar Centipede,Euphobia,
2019-08-07,1430-1800,DJ Stace,DJ Stace,Karen O & Danger Mouse,Woman,Lux Prima,30th Century Records/Columbia,
2019-08-07,1430-1800,DJ Stace,DJ Stace,Black Pumas,Fire,Black Pumas,ATO Records,
2019-08-07,1430-1800,DJ Stace,DJ Stace,Winter,Everything,Infinite Summer,Everything Blue Records,
2019-08-07,1430-1800,DJ Stace,DJ Stace,The Glands,So High,Double Coda,New West Records,
2019-08-07,1430-1800,DJ Stace,DJ Stace,Sebadoh,Celebrate The Void,Act Surprised,Dangerbird Records,
2019-08-07,1430-1800,DJ Stace,DJ Stace,IDLES,I Dream Guillotine,I Dream Guillotine,Partisan Records,
2019-08-07,1430-1800,DJ Stace,DJ Stace,Snapped Ankles,Pestisound (Moving Out),Stunning Luxury,Leaf Label,
2019-08-07,1430-1800,DJ Stace,DJ Stace,Clap Your Hands Say Yeah,Gimme Some Salt,Clap Your Hands Say Yeah (10th Anniversary Edition),Collectrecords.Org,
2019-08-07,1430-1800,DJ Stace,DJ Stace,Crumb,Ghostride,Jinx,Self-Release,
2019-08-07,1430-1800,DJ Stace,DJ Stace,Reigning Sound,If You Can't Give Me Everything,Too Much Guitar,In the Red Records,
2019-08-07,1430-1800,DJ Stace,DJ Stace,French Vanilla,Suddenly,How Am I Not Myself?,Danger Collective Records,
2019-08-07,1430-1800,DJ Stace,DJ Stace,Froth,Laurel,Duress,Wichita Recordings,
2019-08-07,1430-1800,DJ Stace,DJ Stace,Guided By Voices,End It With Light,Warp & Woof,Gbv Records,
2019-08-07,1430-1800,DJ Stace,DJ Stace,Fontaines D.C.,The Cuckoo Is A-Callin',Singles,Partisan Records,
2019-08-07,1430-1800,DJ Stace,DJ Stace,The Coathangers,Stasher,"Devil You Know , The",Suicide Squeeze Records,
2019-07-31,1500-1800,DJ Stace,DJ Stace,Fontaines D.C.,Boys In The Better Land,Dogrel,Partisan Records,
2019-07-31,1500-1800,DJ Stace,DJ Stace,The Raconteurs,Bored & Razed,Help Us Stranger,Third Man,
2019-07-31,1500-1800,DJ Stace,DJ Stace,Pip Blom,Tinfoil,Boat,Heavenly,
2019-07-31,1500-1800,DJ Stace,DJ Stace,Fruit Bats,Gold Past Life,Gold Past Life,Merge Records,
2019-07-31,1500-1800,DJ Stace,DJ Stace,Urochromes,Hair So Big,Trope House,Wharf Cat Records,
2019-07-31,1500-1800,DJ Stace,DJ Stace,Guitar Wolf,Bowling In Takada-No-Baba,Love&Jett,Guitar Wolf Records,
2019-07-31,1500-1800,DJ Stace,DJ Stace,"Spencer, Jon Blues Explosion",Chicken Walk,Crypt Style,Crypt Records,
2019-07-31,1500-1800,DJ Stace,DJ Stace,the Lee Harvey Oswald Band,Getting Wasted with the Vamp,A Taste of Prison,Touch and Go,
2019-07-31,1500-1800,DJ Stace,DJ Stace,Snapped Ankles,Rechargeable,Stunning Luxury,Leaf Label,
2019-07-31,1500-1800,DJ Stace,DJ Stace,Devo,Gates Of Steel,Freedom Of Choice,Warner Bros. Records,
2019-07-31,1500-1800,DJ Stace,DJ Stace,Drahla,Pyramid Estate,Useless Coordinates,Captured Tracks,
2019-07-31,1500-1800,DJ Stace,DJ Stace,The Cool Greenhouse,Pets,Crap Cardboard Pet,Lumpy Records,
2019-07-31,1500-1800,DJ Stace,DJ Stace,Snakefinger,The Man in the Dark Sedan,Greener Postures,East Side Digital,
2019-07-31,1500-1800,DJ Stace,DJ Stace,The Higher State,Winter Is Blue,"""in The Morning I Will Roam"" B/w ""winter Is Blue""",Hypnotic Bridge Records,
2019-07-31,1500-1800,DJ Stace,DJ Stace,Guided By Voices,Blue Jay House,Warp & Woof,Gbv Records,
2019-07-31,1500-1800,DJ Stace,DJ Stace,Guided By Voices,Bulldog Skin,Mag Earwhig!,Matador Records,
2019-07-31,1500-1800,DJ Stace,DJ Stace,Future Punx,F Boys,"World Is A Mess, The",Modern Sky Entertainment,
2019-07-31,1500-1800,DJ Stace,DJ Stace,Daniele Luppi & Parquet Courts,Talisa,Milano,30th Century Records/Columbia,
2019-07-31,1500-1800,DJ Stace,DJ Stace,Karen O & Danger Mouse,Woman,Lux Prima,30th Century Records/Columbia,
2019-07-31,1500-1800,DJ Stace,DJ Stace,Lonesome Shack,Too Bad,Desert Dreams,Alive Records,
2019-07-31,1500-1800,DJ Stace,DJ Stace,Cage the Elephant & Beck,Night Running,Night Running (Single),RCA Records,
2019-07-31,1500-1800,DJ Stace,DJ Stace,Sonny & The Sunsets,Ghost Days,Hairdressers From Heaven,Rocks In Your Head Records,
2019-07-31,1500-1800,DJ Stace,DJ Stace,Big Thief,Shark Smile,Capacity,Saddle Creek,
2019-07-31,1500-1800,DJ Stace,DJ Stace,Pink Mexico,Prescription Overdose (Pod),Dump,Burger Records,
2019-07-31,1500-1800,DJ Stace,DJ Stace,Father John Misty,Date Night,God's Favorite Customer,Sub Pop Records,
2019-07-31,1500-1800,DJ Stace,DJ Stace,Tandoori Knights,Tandoori Dolly,Temple Of Boom,Slovenly Recordings,
2019-07-31,1500-1800,DJ Stace,DJ Stace,Courtney Barnett,Pedestrian At Best,"Sometimes I Sit And Think, And Sometimes I Just Sit",Mom + Pop,
2019-07-31,1500-1800,DJ Stace,DJ Stace,Caroline Rose,Money,Loner,New West Records,
2019-07-31,1500-1800,DJ Stace,DJ Stace,Stef Chura,Sweet Sweet Midnight,Midnight,Saddle Creek,
2019-07-31,1500-1800,DJ Stace,DJ Stace,Odetta Hartman,Misery,Old Rockhounds Never Die,Northern Spy Records,
2019-07-31,1500-1800,DJ Stace,DJ Stace,Sharon Van Etten,Comeback Kid,Remind Me Tomorrow,Jagjaguwar,
2019-07-31,1500-1800,DJ Stace,DJ Stace,Shitkid,Romance,[Detention],Pnkslm Recordings,
2019-07-31,1500-1800,DJ Stace,DJ Stace,Cartoon Violence,Just Can't Get Enough,Has Got You Covered,Self-Release,
2019-07-31,1500-1800,DJ Stace,DJ Stace,Eagles of Death Metal,Abracadabra,EODM present Boots Electric Performing the Best Songs He Never Wrote,EODM,
2019-07-31,1500-1800,DJ Stace,DJ Stace,Stef Chura,Eyes Without A Face,Midnight,Saddle Creek,
2019-07-31,1500-1800,DJ Stace,DJ Stace,Ty Segall,Radio,Radio (Single),Drag City,
2019-07-31,1500-1800,DJ Stace,DJ Stace,UK Subs,"White Light, White Heat",Subversions II,Cleopatra Records,
2019-07-31,1500-1800,DJ Stace,DJ Stace,Black Midi,"Near D.T., M.I.",Schlagenheim,Rough Trade,
2019-07-31,1500-1800,DJ Stace,DJ Stace,Slint,"Good Morning, Captain",Spiderland,Touch and Go,
2019-07-31,1500-1800,DJ Stace,DJ Stace,The Pleasure Routine,Bloody Nose,Bloody Nose (Single) & Wnl Cuts,Self Release,
2019-07-31,1500-1800,DJ Stace,DJ Stace,Wire,Ahead,"Ideal Copy, The",Enigma Records,
2019-07-31,1500-1800,DJ Stace,DJ Stace,Froth,Laurel,Duress,Wichita Recordings,
2019-07-31,1500-1800,DJ Stace,DJ Stace,Spoon,No Bullets Spent,No Bullets Spent (Single),Matador,
2019-07-31,1500-1800,DJ Stace,DJ Stace,French Vanilla,Suddenly,How Am I Not Myself?,Danger Collective Records,
2019-07-31,1500-1800,DJ Stace,DJ Stace,Black Pumas,Fire,Black Pumas,ATO Records,
2019-07-31,1500-1800,DJ Stace,DJ Stace,STRFKR,Stoned 2,Vault Vol. 2,Polyvinyl Record Co.,
2019-07-31,1500-1800,DJ Stace,DJ Stace,Greg Schatz,I'm Building A Robot (Short),Amoebotics,Hot Spazz Records,
2019-07-24,1400-1800,DJ Stace,DJ Stace,Melvins,A History of Bad Men,(A) Senile Animal,Ipecac,
2019-07-24,1400-1800,DJ Stace,DJ Stace,The Balboas,Axed,Meet You In Hell,Burn And Surf Records,
2019-07-24,1400-1800,DJ Stace,DJ Stace,Fudge Tunnel,Hate Song,Hate Songs In E Minor,Earache,
2019-07-24,1400-1800,DJ Stace,DJ Stace,Brandy,Clown Pain,"""clown Pain"" B/w ""rent Quest""",Total Punk Records,
2019-07-24,1400-1800,DJ Stace,DJ Stace,Thee Oh Sees,Henchlock,Henchlock (Single),Castle Face Records,
2019-07-24,1400-1800,DJ Stace,DJ Stace,Sonny & The Sunsets,A Bigger Picture,Hairdressers From Heaven,Rocks In Your Head Records,
2019-07-24,1400-1800,DJ Stace,DJ Stace,King Tuff,Blck Moon Spell,Black Moon Spell,Sub Pop Records,
2019-07-24,1400-1800,DJ Stace,DJ Stace,Pink Mexico,Dirty & Stupid,Dump,Burger Records,
2019-07-24,1400-1800,DJ Stace,DJ Stace,Guided By Voices,Motor Away,Alien Lanes,Matador Records,
2019-07-24,1400-1800,DJ Stace,DJ Stace,Guided By Voices,Blue Jay House,Warp & Woof,Gbv Records,
2019-07-24,1400-1800,DJ Stace,DJ Stace,Fontaines D.C.,Boys In The Better Land,Dogrel,Partisan Records,
2019-07-24,1400-1800,DJ Stace,DJ Stace,Fontaines D.C.,The Cuckoo Is A-Callin',Singles,Partisan Records,
2019-07-24,1400-1800,DJ Stace,DJ Stace,Buzzcocks,E.S.P.,Love Bites,Domino Recording Company,
2019-07-24,1400-1800,DJ Stace,DJ Stace,Beirut,Gallipoli,Gallipoli,4AD,
2019-07-24,1400-1800,DJ Stace,DJ Stace,Andrew Bird,Sisyphus,My Finest Work Yet,Loma Vista,
2019-07-24,1400-1800,DJ Stace,DJ Stace,Box of Moxie,High Horse Blaze,Salt Water Magic,Self-Release,
2019-07-24,1400-1800,DJ Stace,DJ Stace,Big Star,Ballad of El Goodo,A Little Big Star,Rykodisc,
2019-07-24,1400-1800,DJ Stace,DJ Stace,Cass McCombs,Sleeping Volcanoes,Tip of the Spear,ANTI-,
2019-07-24,1400-1800,DJ Stace,DJ Stace,Pip Blom,Tinfoil,Boat,Heavenly,
2019-07-24,1400-1800,DJ Stace,DJ Stace,Cocorosie,Smokey Taboo,Grey Oceans,Sub Pop Records,
2019-07-24,1400-1800,DJ Stace,DJ Stace,Cat Power,Woman [Feat. Lana Del Rey],Wanderer,Domino Recording Company,
2019-07-24,1400-1800,DJ Stace,DJ Stace,Karen O & Danger Mouse,Woman,Lux Prima,30th Century Records/Columbia,
2019-07-24,1400-1800,DJ Stace,DJ Stace,La Luz,California Finally,Floating Features,Hardly Art,
2019-07-24,1400-1800,DJ Stace,DJ Stace,Shana Cleveland,Face Of The Sun,Night Of The Worm Moon,Hardly Art,
2019-07-24,1400-1800,DJ Stace,DJ Stace,Foxygen,San Francisco,We Are The 21st Century Ambassadors Of Peace & Magic,Jagjaguwar,
2019-07-24,1400-1800,DJ Stace,DJ Stace,The Coathangers,5 Farms [Radio Edit],"Devil You Know , The",Suicide Squeeze Records,
2019-07-24,1400-1800,DJ Stace,DJ Stace,Courtney Barnett,"Nameless, Faceless",Tell Me How You Really Feel,Mom + Pop,
2019-07-24,1400-1800,DJ Stace,DJ Stace,The National,Rylan,I Am Easy To Find,4AD,
2019-07-24,1400-1800,DJ Stace,DJ Stace,The Pleasure Routine,Two Artists,Sugar Mountain,Self-Release,
2019-07-24,1400-1800,DJ Stace,DJ Stace,The Pleasure Routine,Bloody Nose,Bloody Nose (Single) & Wnl Cuts,Self Release,
2019-07-24,1400-1800,DJ Stace,DJ Stace,The Felice Brothers,The Kid,Undress,Yep Roc Records,
2019-07-24,1400-1800,DJ Stace,DJ Stace,Old 97'S,The Other Shoe,Wreck Your Life,Bloodshot Records,
2019-07-24,1400-1800,DJ Stace,DJ Stace,Black Pumas,Fire,Black Pumas,ATO Records,
2019-07-24,1400-1800,DJ Stace,DJ Stace,Froth,Laurel,Duress,Wichita Recordings,
2019-07-24,1400-1800,DJ Stace,DJ Stace,Snapped Ankles,Pestisound (Moving Out),Stunning Luxury,Leaf Label,
2019-07-24,1400-1800,DJ Stace,DJ Stace,Cartoon Violence,Life On Mars?,Has Got You Covered,Self-Release,
2019-07-24,1400-1800,DJ Stace,DJ Stace,Eagles of Death Metal,So Alive,EODM present Boots Electric Performing the Best Songs He Never Wrote,EODM,
2019-07-24,1400-1800,DJ Stace,DJ Stace,Stef Chura,Eyes Without A Face,Midnight,Saddle Creek,
2019-07-17,1500-1800,DJ Stace,DJ Stace,Andrew Bird,Sisyphus,My Finest Work Yet,Loma Vista,
2019-07-17,1500-1800,DJ Stace,DJ Stace,Fruit Bats,Gold Past Life,Gold Past Life,Merge Records,
2019-07-17,1500-1800,DJ Stace,DJ Stace,Karen O & Danger Mouse,Woman,Lux Prima,30th Century Records/Columbia,
2019-07-17,1500-1800,DJ Stace,DJ Stace,Yeah Yeah Yeahs,Maps,Fever to Tell,Interscope Records,
2019-07-17,1500-1800,DJ Stace,DJ Stace,Stef Chura,Eyes Without A Face,Midnight,Saddle Creek,
2019-07-17,1500-1800,DJ Stace,DJ Stace,Shana Cleveland,Face Of The Sun,Night Of The Worm Moon,Hardly Art,
2019-07-17,1500-1800,DJ Stace,DJ Stace,Cage the Elephant & Beck,Night Running,Night Running (Single),RCA Records,
2019-07-17,1500-1800,DJ Stace,DJ Stace,Beck,Debra,Midnite Vultures,Geffen Records,
2019-07-17,1500-1800,DJ Stace,DJ Stace,Spoon,No Bullets Spent,No Bullets Spent (Single),Matador,
2019-07-17,1500-1800,DJ Stace,DJ Stace,Spoon,Lines In The Suit,Girls Can Tell,Merge Records,
2019-07-17,1500-1800,DJ Stace,DJ Stace,The Coathangers,5 Farms [Radio Edit],"Devil You Know , The",Suicide Squeeze Records,
2019-07-17,1500-1800,DJ Stace,DJ Stace,Eagles of Death Metal,God of Thunder,EODM present Boots Electric Performing the Best Songs He Never Wrote,EODM,
2019-07-17,1500-1800,DJ Stace,DJ Stace,The Murlocs,Comfort Zone,Manic Candid Episode,Flightless Records,
2019-07-17,1500-1800,DJ Stace,DJ Stace,Low Cut Connie,Every Time You Turn Around,Dirty Pictures (part 2),Contender Records,
2019-07-17,1500-1800,DJ Stace,DJ Stace,Father John Misty,Date Night,God's Favorite Customer,Sub Pop Records,
2019-07-17,1500-1800,DJ Stace,DJ Stace,Pink Mexico,Fuckhead,Dump,Burger Records,
2019-07-17,1500-1800,DJ Stace,DJ Stace,The Raconteurs,Bored & Razed,Help Us Stranger,Third Man,
2019-07-17,1500-1800,DJ Stace,DJ Stace,Oscar & The Majestics,Haunted House,Rare & Unissued Cuts '64-'66,Sundazed Music / Modern Harmonic,
2019-07-17,1500-1800,DJ Stace,DJ Stace,The Dirtbombs,Ode To A Black Man,Ultraglide In Black,In the Red Records,
2019-07-17,1500-1800,DJ Stace,DJ Stace,The National,You Had Your Soul With You,I Am Easy To Find,4AD,
2019-07-17,1500-1800,DJ Stace,DJ Stace,Interpol,A Fine Mess,A Fine Mess,Matador,
2019-07-17,1500-1800,DJ Stace,DJ Stace,Interpol,Evil,Antics,Matador Records,
2019-07-17,1500-1800,DJ Stace,DJ Stace,The Pleasure Routine,Bloody Nose,Bloody Nose (Single) & Wnl Cuts,Self Release,
2019-07-17,1500-1800,DJ Stace,DJ Stace,The Psychedelic Furs,Love My Way,Forever Now,Columbia,
2019-07-17,1500-1800,DJ Stace,DJ Stace,Cat Power,Nothing Really Matters,Wanderer,Domino Recording Company,
2019-07-17,1500-1800,DJ Stace,DJ Stace,The Felice Brothers,Nail It On The First Try,Undress,Yep Roc Records,
2019-07-17,1500-1800,DJ Stace,DJ Stace,Deadbeat & Camara,Sweet Jane,Trinity Thirty,Constellation Records,
2019-07-17,1500-1800,DJ Stace,DJ Stace,Monk Parker,Gaudy Fame,Crown Of Sparrows,Stargazer Records,
2019-07-17,1500-1800,DJ Stace,DJ Stace,Winter,Disappear,Infinite Summer,Everything Blue Records,
2019-07-17,1500-1800,DJ Stace,DJ Stace,Cass McCombs,Sleeping Volcanoes,Tip of the Spear,ANTI-,
2019-07-17,1500-1800,DJ Stace,DJ Stace,Crumb,Ghostride,Jinx,Self-Release,
2019-07-17,1500-1800,DJ Stace,DJ Stace,Ty Segall,Radio,Radio (Single),Drag City,
2019-07-17,1500-1800,DJ Stace,DJ Stace,Froth,Laurel,Duress,Wichita Recordings,
2019-07-17,1500-1800,DJ Stace,DJ Stace,Pip Blom,Tinfoil,Boat,Heavenly,
2019-07-17,1500-1800,DJ Stace,DJ Stace,Say Hi,Mathematicians,Caterpillar Centipede,Euphobia,
2019-07-17,1500-1800,DJ Stace,DJ Stace,The Imajinary Friends,Space Trash,"Imajinary Friends, The",300 Mics,
2019-07-17,1500-1800,DJ Stace,DJ Stace,Ulrika Spacek,Lord Luck,Suggestive Listening EP,Tough Love Records,
2019-07-17,1500-1800,DJ Stace,DJ Stace,Black Pumas,Colors,Black Pumas,ATO Records,
2019-07-17,1500-1800,DJ Stace,DJ Stace,Shuggie Otis,Strawberry Letter 23,Inspiration Information,Luaka Bop,
2019-07-17,1500-1800,DJ Stace,DJ Stace,Chicano Batman,Passed You By,Freedom Is Free,Ato Records,
2019-07-17,1500-1800,DJ Stace,DJ Stace,Dinosaur Jr,Thumb,Green Mind,Sire Records,
2019-07-17,1500-1800,DJ Stace,DJ Stace,Sebadoh,Raging River,Act Surprised,Dangerbird Records,
2019-07-17,1500-1800,DJ Stace,DJ Stace,Fatso Jetson,New Ag Android,Toasted,Bong Load Records,
2019-07-17,1500-1800,DJ Stace,DJ Stace,French Vanilla,Suddenly,How Am I Not Myself?,Danger Collective Records,
2019-07-17,1500-1800,DJ Stace,DJ Stace,Fontaines D.C.,Chequeless Reckless,Dogrel,Partisan Records,
2019-07-17,1500-1800,DJ Stace,DJ Stace,Caroline Rose,Money,Loner,New West Records,
2019-07-17,1500-1800,DJ Stace,DJ Stace,Guided By Voices,End It With Light,Warp & Woof,Gbv Records,
2019-07-10,1500-1800,DJ Stace,DJ Stace,Jenny Lewis,Party Clown,On The Line,Warner Bros. Records,
2019-07-10,1500-1800,DJ Stace,DJ Stace,The Nude Party,Water On Mars,"Nude Party, The",New West Records,
2019-07-10,1500-1800,DJ Stace,DJ Stace,Andrew Bird,Sisyphus,My Finest Work Yet,Loma Vista,
2019-07-10,1500-1800,DJ Stace,DJ Stace,Boomtown Rats,Up All Night (Long Version),V Deep,Mercury Records,
2019-07-10,1500-1800,DJ Stace,DJ Stace,UK Subs,"White Light, White Heat",Subversions II,Cleopatra Records,
2019-07-10,1500-1800,DJ Stace,DJ Stace,Jane's Addiction,Rock 'n' Roll,Jane's Addiction,Triple X Records,
2019-07-10,1500-1800,DJ Stace,DJ Stace,The Velvet Underground And Nico,Venus In Furs,"Velvet Underground And Nico, The",Polygram Records (Modern),
2019-07-10,1500-1800,DJ Stace,DJ Stace,The Pleasure Routine,Bloody Nose,Bloody Nose (Single) & Wnl Cuts,Self Release,
2019-07-10,1500-1800,DJ Stace,DJ Stace,Tindersticks,Tiny Tears,Tindersticks,Polygram Records (Modern),
2019-07-10,1500-1800,DJ Stace,DJ Stace,The National,Not In Kansas,I Am Easy To Find,4AD,
2019-07-10,1500-1800,DJ Stace,DJ Stace,The Felice Brothers,Nail It On The First Try,Undress,Yep Roc Records,
2019-07-10,1500-1800,DJ Stace,DJ Stace,Cass McCombs,Sleeping Volcanoes,Tip of the Spear,Chiefdom Records,
2019-07-10,1500-1800,DJ Stace,DJ Stace,Karen O & Danger Mouse,Woman,Lux Prima,30th Century Records/Columbia,
2019-07-10,1500-1800,DJ Stace,DJ Stace,Daniele Luppi & Parquet Courts,Soul And Cigarette,Milano,30th Century Records/Columbia,
2019-07-10,1500-1800,DJ Stace,DJ Stace,Stef Chura,Sweet Sweet Midnight,Midnight,Saddle Creek,
2019-07-10,1500-1800,DJ Stace,DJ Stace,Car Seat Headrest,1937 State Park,Teens Of Denial,Matador Records,
2019-07-10,1500-1800,DJ Stace,DJ Stace,Ty Segall,Radio,Radio (Single),Drag City,
2019-07-10,1500-1800,DJ Stace,DJ Stace,Fruit Bats,Gold Past Life,Gold Past Life,Merge Records,
2019-07-10,1500-1800,DJ Stace,DJ Stace,Future Punx,F Boys,"World Is A Mess, The",Modern Sky Entertainment,
2019-07-10,1500-1800,DJ Stace,DJ Stace,Devo,Jerkin' Back 'n' Forth,New Traditionalists,Warner Bros. Records,
2019-07-10,1500-1800,DJ Stace,DJ Stace,Black Pumas,Fire,Black Pumas,ATO Records,
2019-07-10,1500-1800,DJ Stace,DJ Stace,Lee Moses,Adorable One,Time and Place,Maple Records,
2019-07-10,1500-1800,DJ Stace,DJ Stace,The Raconteurs,Bored and Razed,Help Us Stranger,Third Man,
2019-07-10,1500-1800,DJ Stace,DJ Stace,The Coathangers,Step Back,"Devil You Know , The",Suicide Squeeze Records,
2019-07-10,1500-1800,DJ Stace,DJ Stace,The Coathangers,Down Down,Nosebleed Weekend,Suicide Squeeze Records,
2019-07-10,1500-1800,DJ Stace,DJ Stace,Pip Blom,Tinfoil,Boat,Heavenly,
2019-07-10,1500-1800,DJ Stace,DJ Stace,Shana Cleveland,Face Of The Sun,Night Of The Worm Moon,Hardly Art,
2019-07-10,1500-1800,DJ Stace,DJ Stace,Courtney Barnett,Out Of The Woodwork,"Double Ep: A Sea Of Split Peas, The",Marathon Artists,
2019-07-10,1500-1800,DJ Stace,DJ Stace,"Avett Brothers, the",Laundry Room,"I, and Love, and You",American Recordings,
2019-07-10,1500-1800,DJ Stace,DJ Stace,Spoon,No Bullets Spent,No Bullets Spent (Single),Matador,
2019-07-10,1500-1800,DJ Stace,DJ Stace,Eagles of Death Metal,Abracadabra,EODM present Boots Electric Performing the Best Songs He Never Wrote,EODM,
2019-07-10,1500-1800,DJ Stace,DJ Stace,Froth,Laurel,Duress,Wichita Recordings,
2019-07-10,1500-1800,DJ Stace,DJ Stace,The Jesus And Mary Chain,Just Like Honey,Psycho Candy,Warner Bros. Records,
2019-07-10,1500-1800,DJ Stace,DJ Stace,Graham Nash,Better Days,Songs for Beginners,Atlantic Records (Modern),
2019-07-10,1500-1800,DJ Stace,DJ Stace,Fontaines D.C.,Chequeless Reckless,Dogrel,Partisan Records,
2019-07-10,1500-1800,DJ Stace,DJ Stace,Cage the Elephant,Tiny Little Robots,Cage the Elephant,Relentless Records,
2019-07-10,1500-1800,DJ Stace,DJ Stace,Cage the Elephant,Ready to Let Go,Social Cues,RCA Records,
2019-07-10,1500-1800,DJ Stace,DJ Stace,Sebadoh,Raging River,Act Surprised,Dangerbird Records,
2019-07-10,1500-1800,DJ Stace,DJ Stace,Snapped Ankles,Rechargeable,Stunning Luxury,Leaf Label,
2019-07-10,1500-1800,DJ Stace,DJ Stace,Brandy,Clown Pain,"""clown Pain"" B/w ""rent Quest""",Total Punk Records,
2019-07-10,1500-1800,DJ Stace,DJ Stace,Shitkid,Romance,[Detention],Pnkslm Recordings,
2019-07-10,1500-1800,DJ Stace,DJ Stace,Les Bof!,La Fievre Du R'n'r,Voila!,Dirty Water Records,
2019-07-03,1430-1800,DJ Stace,DJ Stace,Thee Oh Sees,Henchlock,Henchlock (Single),Castle Face Records,
2019-07-03,1430-1800,DJ Stace,DJ Stace,Stephen Malkmus,Rushing The Acid Frat,Groove Denied,Matador Records,
2019-07-03,1430-1800,DJ Stace,DJ Stace,The Coathangers,F The Nra [Radio Edit],"Devil You Know , The",Suicide Squeeze Records,
2019-07-03,1430-1800,DJ Stace,DJ Stace,Brandy,Clown Pain,"""clown Pain"" B/w ""rent Quest""",Total Punk Records,
2019-07-03,1430-1800,DJ Stace,DJ Stace,Father John Misty,Trump's Private Pilot,Too Dumb for Suicide,Jagjaguwar,
2019-07-03,1430-1800,DJ Stace,DJ Stace,Guided By Voices,Blue Jay House,Warp & Woof,Gbv Records,
2019-07-03,1430-1800,DJ Stace,DJ Stace,Guided By Voices,Redmen & Their Wives,Under the Bushes Under the Sta,Matador Records,
2019-07-03,1430-1800,DJ Stace,DJ Stace,Guided By Voices,Tractor Rape Chain,Bee Thousand,Matador Records,
2019-07-03,1430-1800,DJ Stace,DJ Stace,Jealous of the BIrds,Plastic Skeletons,The Moths of What I Want Will Eat Me In My Sleep,Hand in Hive,
2019-07-03,1430-1800,DJ Stace,DJ Stace,Les Bof!,Jezebel,Voila!,Dirty Water Records,
2019-07-03,1430-1800,DJ Stace,DJ Stace,Shonen Knife,Dizzy,Sweet Candy Power,Good Charamel Records,
2019-07-03,1430-1800,DJ Stace,DJ Stace,The Scaners,Please Abduct Me,Ii,Dirty Water Records,
2019-07-03,1430-1800,DJ Stace,DJ Stace,Low Cut Connie,Revolution Rock&Roll,Dirty Pictures (part 1),Contender Records,
2019-07-03,1430-1800,DJ Stace,DJ Stace,The Hyss,Ranger Grave,Hound,Self Release,
2019-07-03,1430-1800,DJ Stace,DJ Stace,Fu Manchu,Laserbl'ast!,"Action Is Go, the",Mammoth Records,
2019-07-03,1430-1800,DJ Stace,DJ Stace,Dommengang,Sunny Days Flooding,No Keys,Thrill Jockey Records,
2019-07-03,1430-1800,DJ Stace,DJ Stace,Nebula,I Need Somebody,To the Center,Sub Pop Records,
2019-07-03,1430-1800,DJ Stace,DJ Stace,The Stooges,I Wanna Be Your Dog,"Stooges, The",Uncrowned City,
2019-07-03,1430-1800,DJ Stace,DJ Stace,Eagles of Death Metal,Abracadabra,EODM present Boots Electric Performing the Best Songs He Never Wrote,EODM,
2019-07-03,1430-1800,DJ Stace,DJ Stace,The Spores,Private Jet,doom pop,SideCho Records,
2019-07-03,1430-1800,DJ Stace,DJ Stace,Desert Sessions,The Idiots Giude,Vol. 7 & 8,Southern Lord Recordings,
2019-07-03,1430-1800,DJ Stace,DJ Stace,Dave Catching,Bought & Sold (withThe Dreaded Lovelies),Shared Hallucinations Pt. 1: Sonic Salutations From the Venerable Vaults of Ranc,Dine Alone Records,
2019-07-03,1430-1800,DJ Stace,DJ Stace,The Pleasure Routine,Bloody Nose,Bloody Nose (Single) & Wnl Cuts,Self Release,
2019-07-03,1430-1800,DJ Stace,DJ Stace,The Pleasure Routine,Two Artists,Sugar Mountain,Self-Release,
2019-07-03,1430-1800,DJ Stace,DJ Stace,Fruit Bats,Gold Past Life,Gold Past Life,Merge Records,
2019-07-03,1430-1800,DJ Stace,DJ Stace,Karen O & Danger Mouse,Woman,Lux Prima,30th Century Records/Columbia,
2019-07-03,1430-1800,DJ Stace,DJ Stace,The Raconteurs,Bored & Razed,Help Us Stranger,Third Man,
2019-07-03,1430-1800,DJ Stace,DJ Stace,The National,Rylan,I Am Easy To Find,4AD,
2019-07-03,1430-1800,DJ Stace,DJ Stace,Spoon,No Bullets Spent,No Bullets Spent (Single),Matador,
2019-07-03,1430-1800,DJ Stace,DJ Stace,Andrew Bird,Sisyphus,My Finest Work Yet,Loma Vista,
2019-07-03,1430-1800,DJ Stace,DJ Stace,The Felice Brothers,Nail It On The First Try,Undress,Yep Roc Records,
2019-07-03,1430-1800,DJ Stace,DJ Stace,Lawrence Arabia,Everybody Wants Something,Lawrence Arabia's Singles Club,Self-Release,
2019-07-03,1430-1800,DJ Stace,DJ Stace,Fontaines D.C.,Chequeless Reckless,Dogrel,Partisan Records,
2019-07-03,1430-1800,DJ Stace,DJ Stace,Fontaines D.C.,The Cuckoo Is A-Callin',Singles,Partisan Records,
2019-07-03,1430-1800,DJ Stace,DJ Stace,Fontaines D.C.,Boys In The Better Land,Dogrel,Partisan Records,
2019-07-03,1430-1800,DJ Stace,DJ Stace,Ty Segall,Radio,Radio (Single),Drag City,
2019-07-03,1430-1800,DJ Stace,DJ Stace,Lord Huron,Vide Noir,VIde Noir,Republic/Suraja,
2019-07-03,1430-1800,DJ Stace,DJ Stace,Shitkid,Romance,[Detention],Pnkslm Recordings,
2019-07-03,1430-1800,DJ Stace,DJ Stace,Stef Chura,Sweet Sweet Midnight,Midnight,Saddle Creek,
2019-07-03,1430-1800,DJ Stace,DJ Stace,Car Seat Headrest,Drunk Driver/Killer Whales (Radio Edit),Drunk Driver/Killer Whales (Single),Matador,
2019-07-03,1430-1800,DJ Stace,DJ Stace,Black Pumas,Fire,Black Pumas,ATO Records,
2019-07-03,1430-1800,DJ Stace,DJ Stace,Sonny & The Sunsets,A Bigger Picture,Hairdressers From Heaven,Rocks In Your Head Records,
2019-07-03,1430-1800,DJ Stace,DJ Stace,Pip Blom,Timfoil,Boat,Heavenly Recordings,
2019-07-03,1430-1800,DJ Stace,DJ Stace,Future Punx,F Boys,"World Is A Mess, The",Modern Sky Entertainment,
2019-07-03,1430-1800,DJ Stace,DJ Stace,Froth,Laurel,Duress,Wichita Recordings,
2019-07-03,1430-1800,DJ Stace,DJ Stace,The Murlocs,Spun Gun,Manic Candid Episode,Flightless Records,
2019-07-03,1430-1800,DJ Stace,DJ Stace,Buzzcocks,Ever Fallen In Love (With Someone You Shouldn't 've?),Love Bites,Domino Recording Company,
2019-06-26,1400-1700,DJ Stace,DJ Stace,Fontaines D.C.,Chequeless Reckless,Dogrel,Partisan Records,
2019-06-26,1400-1700,DJ Stace,DJ Stace,Stef Chura,Sweet Sweet Midnight,Midnight,Saddle Creek,
2019-06-26,1400-1700,DJ Stace,DJ Stace,Guided By Voices,Blue Jay House,Warp & Woof,Gbv Records,
2019-06-26,1400-1700,DJ Stace,DJ Stace,Guided By Voices,Bulldog Skin,Mag Earwhig!,Matador Records,
2019-06-26,1400-1700,DJ Stace,DJ Stace,Raconteurs,Bored and Razed,Help Us Stranger,Third Man,
2019-06-26,1400-1700,DJ Stace,DJ Stace,Karen O & Danger Mouse,Woman,Lux Prima,30th Century Records/Columbia,
2019-06-26,1400-1700,DJ Stace,DJ Stace,Eagles of Death Metal,Abracadabra,EODM present Boots Electric Performing the Best Songs He Never Wrote,EODM,
2019-06-26,1400-1700,DJ Stace,DJ Stace,Buzzcocks,Ever Fallen In Love (With Someone You Shouldn't 've?),Love Bites,Domino Recording Company,
2019-06-26,1400-1700,DJ Stace,DJ Stace,Cage the Elephant,Ready to Let Go,Social Cues,RCA Records,
2019-06-26,1400-1700,DJ Stace,DJ Stace,The Coathangers,F The Nra [Radio Edit],"Devil You Know , The",Suicide Squeeze Records,
2019-06-26,1400-1700,DJ Stace,DJ Stace,Shonen Knife,Dizzy,Sweet Candy Power,Good Charamel Records,
2019-06-26,1400-1700,DJ Stace,DJ Stace,Brandy,Clown Pain,"""clown Pain"" B/w ""rent Quest""",Total Punk Records,
2019-06-26,1400-1700,DJ Stace,DJ Stace,Swervedriver,Spiked Flower,Future Ruins,Dangerbird Records,
2019-06-26,1400-1700,DJ Stace,DJ Stace,Dommengang,Sunny Days Flooding,No Keys,Thrill Jockey Records,
2019-06-26,1400-1700,DJ Stace,DJ Stace,Ty Segall,Every 1's A Winner,Freedom's Goblin,Drag City,
2019-06-26,1400-1700,DJ Stace,DJ Stace,Ty Segall,My Lady's On Fire,Freedom's Goblin,Drag City,
2019-06-26,1400-1700,DJ Stace,DJ Stace,Andrew Bird,Sisyphus,My Finest Work Yet,Loma Vista,
2019-06-26,1400-1700,DJ Stace,DJ Stace,Fruit Bats,Gold Past Life,Gold Past Life,Merge Records,
2019-06-26,1400-1700,DJ Stace,DJ Stace,The National,Rylan,I Am Easy To Find,4AD,
2019-06-26,1400-1700,DJ Stace,DJ Stace,The Pleasure Routine,Bloody Nose,Bloody Nose (Single) & Wnl Cuts,Self Release,
2019-06-26,1400-1700,DJ Stace,DJ Stace,Darondo,Didn't I (Florent F Rework),Didn't I - EP,Ubiquity Records,
2019-06-26,1400-1700,DJ Stace,DJ Stace,Black Pumas,Colors,Black Pumas,ATO Records,
2019-06-26,1400-1700,DJ Stace,DJ Stace,Lee Moses,California Dreaming,Time and Place,Maples Records,
2019-06-26,1400-1700,DJ Stace,DJ Stace,The Detroit Cobras,He Did It,"Life, Love and Leaving",Bluegrass Ahead,
2019-06-26,1400-1700,DJ Stace,DJ Stace,Spoon,No Bullets Spent,No Bullets Spent (Single),Matador,
2019-06-26,1400-1700,DJ Stace,DJ Stace,Shitkid,Romance,[Detention],Pnkslm Recordings,
2019-06-26,1400-1700,DJ Stace,DJ Stace,Pip Blom,Tinfoil,Boat,Heavenly Recordings,
2019-06-26,1400-1700,DJ Stace,DJ Stace,Fawns Of Love,Horoscope,Permanent,Test Pattern Records,
2019-06-26,1400-1700,DJ Stace,DJ Stace,Steve Lacy,Playground,Apollo XXI,AWOL Recordings America,
2019-06-26,1400-1700,DJ Stace,DJ Stace,Lord Huron,Vide Noir,Vide Noir,Republic/Suraja,
2019-06-26,1400-1700,DJ Stace,DJ Stace,Snapped Ankles,Rechargeable,Stunning Luxury,The Leaf Label,
2019-06-26,1400-1700,DJ Stace,DJ Stace,Future Punx,Society Implies,"World Is A Mess, The",Modern Sky Entertainment,
2019-06-26,1400-1700,DJ Stace,DJ Stace,The Intelligence,Strobe Light Captain,Un-Psychedelic in Peavey City,Vapid Moonlighting Inc.,
2019-06-26,1400-1700,DJ Stace,DJ Stace,Adam and the Ants,Never Trust a Man(With Egg O,Dirk Wears White Sox,Epic Records (Modern),
2019-06-26,1400-1700,DJ Stace,DJ Stace,The Felice Brothers,Nail It On The First Try,Undress,Yep Roc Records,
2019-06-26,1400-1700,DJ Stace,DJ Stace,the Glands,Livin' Was Easy,"Glands, the",Capricorn Records,
2019-06-26,1400-1700,DJ Stace,DJ Stace,The Murlocs,Spun Gun,Manic Candid Episode,Flightless Records,
2019-06-26,1400-1700,DJ Stace,DJ Stace,Froth,Laurel,Duress,Wichita Recordings,
2019-06-26,1400-1700,DJ Stace,DJ Stace,Stephen Malkmus,Viktor Borgia,Groove Denied,Matador Records,
2019-06-19,1500-1700,DJ Stace,DJ Stace,Michael Kiwanuka,Cold Little Heart,Love & Hate,Interscope Records,
2019-06-19,1500-1700,DJ Stace,DJ Stace,Karen O & Danger Mouse,Woman,Lux Prima,30th Century Records/Columbia,
2019-06-19,1500-1700,DJ Stace,DJ Stace,The Dandy Warhols,Be Alright,Why You So Crazy,Dine Alone Records,
2019-06-19,1500-1700,DJ Stace,DJ Stace,Froth,Laurel,Duress,Wichita Recordings,
2019-06-19,1500-1700,DJ Stace,DJ Stace,Fontaines D.C.,Chequeless Reckless,Dogrel,Partisan Records,
2019-06-19,1500-1700,DJ Stace,DJ Stace,Snapped Ankles,Rechargeable,Stunning Luxury,The Leaf Label,
2019-06-19,1500-1700,DJ Stace,DJ Stace,Future Punx,F Boys,"World Is A Mess, The",Modern Sky Entertainment,
2019-06-19,1500-1700,DJ Stace,DJ Stace,The Murlocs,Catch 22,Manic Candid Episode,Flightless Records,
2019-06-19,1500-1700,DJ Stace,DJ Stace,Stef Chura,Sweet Sweet Midnight,Midnight,Saddle Creek,
2019-06-19,1500-1700,DJ Stace,DJ Stace,Car Seat Headrest,1937 State Park,Teens Of Denial,Matador Records,
2019-06-19,1500-1700,DJ Stace,DJ Stace,Shitkid,Romance,[Detention],Pnkslm Recordings,
2019-06-19,1500-1700,DJ Stace,DJ Stace,Black Pistol Fire,Pick Your Poison,Pick Your Poison (single),Modern Outsider,
2019-06-19,1500-1700,DJ Stace,DJ Stace,Eagles of Death Metal,Abracadabra,EODM present Boots Electric Performing the Best Songs He Never Wrote,EODM,
2019-06-19,1500-1700,DJ Stace,DJ Stace,The Imajinary Friends,Space Trash,"Imajinary Friends, The",300 Mics,
2019-06-19,1500-1700,DJ Stace,DJ Stace,The Intelligence,Strobe Light Captain,Un-Psychedelic in Peavey City,Vapid Moonlighting Inc.,
2019-06-19,1500-1700,DJ Stace,DJ Stace,The Pleasure Routine,Bloody Nose,Bloody Nose (Single) & Wnl Cuts,Self Release,
2019-06-19,1500-1700,DJ Stace,DJ Stace,Brandy,Clown Pain,"""clown Pain"" B/w ""rent Quest""",Total Punk Records,
2019-06-19,1500-1700,DJ Stace,DJ Stace,Shonen Knife,Dizzy,Sweet Candy Power,Good Charamel Records,
2019-06-19,1500-1700,DJ Stace,DJ Stace,The Coathangers,Step Back,"Devil You Know , The",Suicide Squeeze Records,
2019-06-19,1500-1700,DJ Stace,DJ Stace,"Avett Brothers, the",Laundry Room,"I, and Love, and You",American Recordings,
2019-06-19,1500-1700,DJ Stace,DJ Stace,The Felice Brothers,Nail It On The First Try,Undress,Yep Roc Records,
2019-06-19,1500-1700,DJ Stace,DJ Stace,the Glands,Livin' Was Easy,"Glands, the",Capricorn Records,
2019-06-19,1500-1700,DJ Stace,DJ Stace,Sebadoh,Medicate,Act Surprised,Dangerbird Records,
2019-06-12,1400-1700,DJ Stace,DJ Stace,13th Floor Elevators,You're Gonna Miss Me,Absolutely The Best Of The 13th Floor Elevators,Fuel 2000,
2019-06-12,1400-1700,DJ Stace,DJ Stace,The Black Angels,Young Men Dead,Passover,Light In The Attic Records,
2019-06-12,1400-1700,DJ Stace,DJ Stace,The Imajinary Friends,Space Trash,"Imajinary Friends, The",300 Mics,
2019-06-12,1400-1700,DJ Stace,DJ Stace,Can,Flow Motion,Cannibalism 2,Spoon Records,
2019-06-12,1400-1700,DJ Stace,DJ Stace,Dr. John,Revolution,Locked Down,Nonesuch Records,
2019-06-12,1400-1700,DJ Stace,DJ Stace,Andrew Bird,Sisyphus,My Finest Work Yet,Loma Vista,
2019-06-12,1400-1700,DJ Stace,DJ Stace,Father John Misty,Disappointing Diamonds Are The Rarest Of Them All,God's Favorite Customer,Sub Pop Records,
2019-06-12,1400-1700,DJ Stace,DJ Stace,Moon Express,Daughter Of The Night,Prophetic Spirit,Modern Harmonic,
2019-06-12,1400-1700,DJ Stace,DJ Stace,William Onyeabor,Atomic Bomb,World Psychedelic Classics 5: Who Is William Onyeabor?,Luaka Bop,
2019-06-12,1400-1700,DJ Stace,DJ Stace,Michael Kiwanuka,Waitin' Round To Die,You've Got Nothing To Lose,Third Man Records,
2019-06-12,1400-1700,DJ Stace,DJ Stace,Townes Van Zandt,Silver Ships Of Andilar,Sky Blue,Tvz Records,
2019-06-12,1400-1700,DJ Stace,DJ Stace,Joy Division,She's Lost Control,Unknown Pleasures (Collector's Edition),Rhino Records,
2019-06-12,1400-1700,DJ Stace,DJ Stace,The Pleasure Routine,Bloody Nose,Bloody Nose (Single) & Wnl Cuts,Self Release,
2019-06-12,1400-1700,DJ Stace,DJ Stace,the Wedding Present,Big Rat,Watusi,Island Records (World),
2019-06-12,1400-1700,DJ Stace,DJ Stace,Guided By Voices,Blue Jay House,Warp & Woof,Gbv Records,
2019-06-12,1400-1700,DJ Stace,DJ Stace,Guided By Voices,Redmen and Their WIves,Under the Bushes Under the Sta,Matador Records,
2019-06-12,1400-1700,DJ Stace,DJ Stace,Stephen Malkmus,Rushing The Acid Frat,Groove Denied,Matador Records,
2019-06-12,1400-1700,DJ Stace,DJ Stace,Cage the Elephant,Ready to Let Go,Social Cues,RCA Records,
2019-06-12,1400-1700,DJ Stace,DJ Stace,Karen O & Danger Mouse,Woman,Lux Prima,30th Century Records/Columbia,
2019-06-12,1400-1700,DJ Stace,DJ Stace,Daniele Luppi & Parquet Courts,Soul And Cigarette,Milano,30th Century Records/Columbia,
2019-06-12,1400-1700,DJ Stace,DJ Stace,The Felice Brothers,The Kid,Undress,Yep Roc Records,
2019-06-12,1400-1700,DJ Stace,DJ Stace,The Felice Brothers,Nail It On The First Try,Undress,Yep Roc Records,
2019-06-12,1400-1700,DJ Stace,DJ Stace,Old 97'S,Big Brown Eyes,Wreck Your Life,Bloodshot Records,
2019-06-12,1400-1700,DJ Stace,DJ Stace,"Avett Brothers, the ","I, and Love, and You","I, and Love, and You",American Recordings,
2019-06-12,1400-1700,DJ Stace,DJ Stace,The Dandy Warhols,Be Alright,Why You So Crazy,Dine Alone Records,
2019-06-12,1400-1700,DJ Stace,DJ Stace,The Intelligence,Strobe Light Captain,Un-Psychedelic in Peavey City,Vapid Moonlighting Inc.,
2019-06-12,1400-1700,DJ Stace,DJ Stace,Adam and the Ants,Whip in My Valise,Dirk Wears White Sox,Epic Records (Modern),
2019-06-12,1400-1700,DJ Stace,DJ Stace,Fontaines D.C.,Boys In The Better Land,Dogrel,Partisan Records,
2019-06-12,1400-1700,DJ Stace,DJ Stace,Snapped Ankles,Rechargeable,Stunning Luxury,The Leaf Label,
2019-06-12,1400-1700,DJ Stace,DJ Stace,Drahla,Gilded Cloud,Useless Coordinates,Captured Tracks,
2019-06-12,1400-1700,DJ Stace,DJ Stace,Barkmarket,The Patsy,Vegas Throat,Def American (Metal),
2019-06-12,1400-1700,DJ Stace,DJ Stace,Brandy,Clown Pain,"""clown Pain"" B/w ""rent Quest""",Total Punk Records,
2019-06-12,1400-1700,DJ Stace,DJ Stace,Yeasayer,Ambling Alp,Odd Blood,Secretly Canadian Records,
2019-06-12,1400-1700,DJ Stace,DJ Stace,Fruit Bats,Gold Past Life,Gold Past Life (Single),Merge Records,
2019-06-12,1400-1700,DJ Stace,DJ Stace,Sonny & The Sunsets,A Bigger Picture,Hairdressers From Heaven,Rocks In Your Head Records,
2019-06-12,1400-1700,DJ Stace,DJ Stace,The Holydrug Couple,Hyper Super Mega,Hyper Super Mega,Sacred Bones Records,
2019-06-12,1400-1700,DJ Stace,DJ Stace,Chasms,Every Heaven In Between,"Mirage, The",Felte,
2019-06-12,1400-1700,DJ Stace,DJ Stace,The Murlocs,Catch 22,Manic Candid Episode,Flightless Records,
2019-06-12,1400-1700,DJ Stace,DJ Stace,The Glands,So High,Double Coda,New West Records,
2019-06-12,1400-1700,DJ Stace,DJ Stace,Pink Mexico,Thumbsucker,Dump,Burger Records,
2019-06-12,1400-1700,DJ Stace,DJ Stace,Low Cut Connie,Revolution Rock&Roll,Dirty Pictures (part 1),Contender Records,
2019-06-12,1400-1700,DJ Stace,DJ Stace,The Scaners,X-Ray Glasses,Ii,Dirty Water Records,
2019-06-05,1400-1700,DJ Stace,DJ Stace,The Strokes,Last Night,"Strokes, The",Bmg Music,
2019-06-05,1400-1700,DJ Stace,DJ Stace,Black Angels,Medecine (Live in ATX 2019),Jam in the Van,Jam in the Van LLC,
2019-06-05,1400-1700,DJ Stace,DJ Stace,Andrew Bird,Sisyphus,My Finest Work Yet,Loma Vista,
2019-06-05,1400-1700,DJ Stace,DJ Stace,The Pleasure Routine,Bloody Nose,Bloody Nose (Single) & Wnl Cuts,Self Release,
2019-06-05,1400-1700,DJ Stace,DJ Stace,The Pleasure Routine,Two Artists,Sugar Mountain,Self-Release,
2019-06-05,1400-1700,DJ Stace,DJ Stace,Tindersticks,El Diablo En El Ojo,Tindersticks,Polygram Records (Modern),
2019-06-05,1400-1700,DJ Stace,DJ Stace,Pedro The Lion,Yellow Bike,Phoenix,Polyvinyl Record Co.,
2019-06-05,1400-1700,DJ Stace,DJ Stace,Pedro the Lion,When They Really Get to K...,It's Hard to Find a Friend,Made in Mexico,
2019-06-05,1400-1700,DJ Stace,DJ Stace,Pink Mexico,Dirty & Stupid,Dump,Burger Records,
2019-06-05,1400-1700,DJ Stace,DJ Stace,Cage the Elephant,Ready to Let Go,Social Cues,RCA Records,
2019-06-05,1400-1700,DJ Stace,DJ Stace,Father John Misty,Disappointing Diamonds Are The Rarest Of Them All,God's Favorite Customer,Sub Pop Records,
2019-06-05,1400-1700,DJ Stace,DJ Stace,Jenny Lewis,Party Clown,On The Line,Warner Bros. Records,
2019-06-05,1400-1700,DJ Stace,DJ Stace,Sharon Van Etten,Comeback Kid,Remind Me Tomorrow,Jagjaguwar,
2019-06-05,1400-1700,DJ Stace,DJ Stace,Sonny & The Sunsets,A Bigger Picture,Hairdressers From Heaven,Rocks In Your Head Records,
2019-06-05,1400-1700,DJ Stace,DJ Stace,Courtney Barnett,Out Of The Woodwork,"Double Ep: A Sea Of Split Peas, The",Marathon Artists,
2019-06-05,1400-1700,DJ Stace,DJ Stace,Courtney Barnett & Kurt Vile,Fear Is Like A Forest,Lotta Sea Lice,Matador Records,
2019-06-05,1400-1700,DJ Stace,DJ Stace,Kurt Vile,Bassackwards,Bottle It In,Matador Records,
2019-06-05,1400-1700,DJ Stace,DJ Stace,Fontaines D.C.,Chequeless Reckless,Dogrel,Partisan Records,
2019-06-05,1400-1700,DJ Stace,DJ Stace,Karen O & Danger Mouse,Woman,Lux Prima,30th Century Records/Columbia,
2019-06-05,1400-1700,DJ Stace,DJ Stace,The Glands,Pleaser,Double Coda,New West Records,
2019-06-05,1400-1700,DJ Stace,DJ Stace,Ex Hex,Tough Enough,It's Real,Merge Records,
2019-06-05,1400-1700,DJ Stace,DJ Stace,Ty Segall,My Lady's On Fire,Freedom's Goblin,Drag City,
2019-06-05,1400-1700,DJ Stace,DJ Stace,The Intelligence,Strobe Light Captain,Un-Psychedelic in Peavey City,Vapid Moonlighting Inc.,
2019-06-05,1400-1700,DJ Stace,DJ Stace,Adam and the Ants,Never Trust a Man(With Egg O,Dirk Wears White Sox,Epic Records (Modern),
2019-06-05,1400-1700,DJ Stace,DJ Stace,Vampire Weekend,Married In A Gold Rush,Father Of The Bride,Columbia Records,
2019-06-05,1400-1700,DJ Stace,DJ Stace,Car Seat Headrest,Drunk Driver/Killer Whales (Single),Drunk Driver/Killer Whales (Single),Matador,
2019-06-05,1400-1700,DJ Stace,DJ Stace,Cherry Glazerr,Wasted Nun,Stuffed & Ready,Secretly Canadian Records,
2019-06-05,1400-1700,DJ Stace,DJ Stace,Pip Blom,Tinfoil,Boat,Heavenly Recordings,
2019-06-05,1400-1700,DJ Stace,DJ Stace,Fruit Bats,Gold Past Life,Gold Past Life (Single),Merge Records,
2019-06-05,1400-1700,DJ Stace,DJ Stace,Munya,Hotel Delmano,Delmano,Luminelle Recordings,
2019-06-05,1400-1700,DJ Stace,DJ Stace,The Felice Brothers,Nail It On The First Try,Undress,Yep Roc Records,
2019-06-05,1400-1700,DJ Stace,DJ Stace,Panda Bear,Inner Monologue,Buoys,Domino,
2019-06-05,1400-1700,DJ Stace,DJ Stace,the Shins,Caring Is Creepy,"Oh, Inverted World",Sub Pop Records,
2019-06-05,1400-1700,DJ Stace,DJ Stace,Marbled Eye,Laughing Sound,Leisure,Digital Regress,
2019-06-05,1400-1700,DJ Stace,DJ Stace,Bodega,Boxes For The Move,Endless Scroll,What's Your Rupture?,
2019-06-05,1400-1700,DJ Stace,DJ Stace,Stephen Malkmus,Rushing The Acid Frat,Groove Denied,Matador Records,
2019-06-05,1400-1700,DJ Stace,DJ Stace,Eagles of Death Metal,God of Thunder,God of Thunder / Long Slow Goodbye/ Family Affair,EODM,
2019-06-05,1400-1700,DJ Stace,DJ Stace,The Scaners,Space X-Ploration,Ii,Dirty Water Records,
2019-06-05,1400-1700,DJ Stace,DJ Stace,Brandy,Clown Pain,"""clown Pain"" B/w ""rent Quest""",Total Punk Records,
2019-06-05,1400-1700,DJ Stace,DJ Stace,Fontaines D.C.,Boys In The Better Land,Dogrel,Partisan Records,
2019-06-05,1400-1700,DJ Stace,DJ Stace,Faux Ferocious,Price Of Progress,Pretty Groovy,Burger Records,
2019-06-05,1400-1700,DJ Stace,DJ Stace,Guided By Voices,Blue Jay House,Warp & Woof,Gbv Records,
2019-06-05,1400-1700,DJ Stace,DJ Stace,Built To Spill,Hindsight,There Is No Enemy,Warner Bros. Records,
2019-06-05,1400-1700,DJ Stace,DJ Stace,Jealous of the Birds,Plastic Skeletons,The Moths of What I Want Will Eat Me In My Sleep,Hand in Hive,
2019-05-29,1400-1700,DJ Stace,DJ Stace,Karen O & Danger Mouse,Lux Prima,Lux Prima,30th Century Records/Columbia,
2019-05-29,1400-1700,DJ Stace,DJ Stace,Caroline Rose,To Die Today,Loner,New West Records,
2019-05-29,1400-1700,DJ Stace,DJ Stace,Candace,These Blues (Spacemen 3),Covers 2016-2019,Self-Release,
2019-05-29,1400-1700,DJ Stace,DJ Stace,Ulrika Spacek,Lord Luck,Suggestive Listening EP,Tough Love Records,
2019-05-29,1400-1700,DJ Stace,DJ Stace,Fontaines D.C.,The Cuckoo Is A-Callin',Singles,Partisan Records,
2019-05-29,1400-1700,DJ Stace,DJ Stace,L’epée,Dreams,Dreams,A Recordings,
2019-05-29,1400-1700,DJ Stace,DJ Stace,Adam and the Ants,Whip in My Valise,Dirk Wears White Sox,Epic Records (Modern),
2019-05-29,1400-1700,DJ Stace,DJ Stace,Marbled Eye,Laughing Sound,Leisure,Digital Regress,
2019-05-29,1400-1700,DJ Stace,DJ Stace,Adam and the Ants,Whip in My Valise,Dirk Wears White Sox,Epic Records (Modern),
2019-05-29,1400-1700,DJ Stace,DJ Stace,Bodega,How Did This Happen?!,Endless Scroll,What's Your Rupture?,
2019-05-29,1400-1700,DJ Stace,DJ Stace,Jenny Lewis,Party Clown,On The Line,Warner Bros. Records,
2019-05-29,1400-1700,DJ Stace,DJ Stace,The Glands,Pie,Double Coda,New West Records,
2019-05-29,1400-1700,DJ Stace,DJ Stace,Swervedriver,The Lonely Crowd Fades In The Air,Future Ruins,Dangerbird Records,
2019-05-29,1400-1700,DJ Stace,DJ Stace,Dinosaur Jr,Left/Right,Give A Glimpse Of What Yer Not,Jagjaguwar,
2019-05-29,1400-1700,DJ Stace,DJ Stace,Guided by Voices,Questions of the Test,Zeppelin Over China,GBV Inc.,
2019-05-29,1400-1700,DJ Stace,DJ Stace,Guided By Voices,Tractor Rape Chain,Bee Thousand,Matador Records,
2019-05-29,1400-1700,DJ Stace,DJ Stace,Janitors,Firefly,15 Years Of Fuzz And Folkol,Cardinal Fuzz,
2019-05-29,1400-1700,DJ Stace,DJ Stace,Reignwolf,Keeper,Hear Me Out,Self-Release,
2019-05-29,1400-1700,DJ Stace,DJ Stace,Cherry Glazerr,Wasted Nun,Stuffed & Ready,Secretly Canadian Records,
2019-05-29,1400-1700,DJ Stace,DJ Stace,"Lee Harvey Oswald,The",Surrender Earthlings,Blastronaut,Touch and Go,
2019-05-29,1400-1700,DJ Stace,DJ Stace,Can,Laugh Till You Cry,Cannibalism 2,Spoon Records,
2019-05-29,1400-1700,DJ Stace,DJ Stace,Tricky,Ghetto Youth,Pre-Millennium Tension,Island Records (Modern),
2019-05-29,1400-1700,DJ Stace,DJ Stace,Queens of the Stone Age,Avon,Queens Of The Stone Age,Loosegroove Records,
2019-05-29,1400-1700,DJ Stace,DJ Stace,Interpol,Fine Mess,Fine Mess EP,Matador,
2019-05-29,1400-1700,DJ Stace,DJ Stace,Interpol,C'mere,Antics,Matador Records,
2019-05-29,1400-1700,DJ Stace,DJ Stace,Ex Hex,Tough Enough,It's Real,Merge Records,
2019-05-29,1400-1700,DJ Stace,DJ Stace,Fruit Bats,Gold Past Life,Gold Past Life (Single),Merge Records,
2019-05-29,1400-1700,DJ Stace,DJ Stace,Cage the Elephant,Ready to Let Go,Social Cues,RCA Records,
2019-05-29,1400-1700,DJ Stace,DJ Stace,Los Mundos,Sin Vertigo,Calor Central,Cardinal Fuzz,
2019-05-29,1400-1700,DJ Stace,DJ Stace,Black NASA,Hut Nut,Deuce,MeteorCity,
2019-05-29,1400-1700,DJ Stace,DJ Stace,The Greeting Committee,Pull It Together,This Is It,Harvest Records,
2019-05-29,1400-1700,DJ Stace,DJ Stace,Le Rex,One Must Imagine Sisyphus Happy,Escape Of The Fire Ants,Cuneiform Records,
2019-05-29,1400-1700,DJ Stace,DJ Stace,The Felice Brothers,Nail It On The First Try,Undress,Yep Roc Records,
2019-05-29,1400-1700,DJ Stace,DJ Stace,Snapped Ankles,Rechargeable,Stunning Luxury,The Leaf Label,
2019-05-29,1400-1700,DJ Stace,DJ Stace,The Scaners,Please Abduct Me,Ii,Dirty Water Records,
2019-05-29,1400-1700,DJ Stace,DJ Stace,The Intelligence,Strobe Light Captain,Un-Psychedelic in Peavey City,Vapid Moonlighting Inc.,
2019-05-29,1400-1700,DJ Stace,DJ Stace,Andrew Bird,Sisyphus,My Finest Work Yet,Loma Vista,
2019-05-29,1400-1700,DJ Stace,DJ Stace,Spoon,Lines In The Suit,Girls Can Tell,Merge Records,
2019-05-29,1400-1700,DJ Stace,DJ Stace,The Murlocs,Catch 22,Manic Candid Episode,Flightless Records,
2019-05-29,1400-1700,DJ Stace,DJ Stace,Grifters,Get Outta that Spaceship & F,Crappin' You Negative,Shangri-La Records,
2019-05-29,1400-1700,DJ Stace,DJ Stace,Brandy,Clown Pain,"""clown Pain"" B/w ""rent Quest""",Total Punk Records,
2019-05-29,1400-1700,DJ Stace,DJ Stace,the Black Keys,Till I Get My Way,Rubber Factory,Fat Possum Records,
2019-05-22,1400-1700,DJ Stace,DJ Stace,Bauhaus,Bela Lugosi's Dead,Bela Lugosi's Dead,Small Wonder Records,
2019-05-22,1400-1700,DJ Stace,DJ Stace,The Black Angels,Young Men Dead,Passover,Light In The Attic Records,
2019-05-22,1400-1700,DJ Stace,DJ Stace,Virgin Prunes,Sweethome (Under White Clouds),"Hidden Lie (Live In Paris 6/6/86), The",Baby Records,
2019-05-22,1400-1700,DJ Stace,DJ Stace,David Bowie,Rock 'n' Roll Suicide (Live),Sound + Vision I,Rykodisc,
2019-05-22,1400-1700,DJ Stace,DJ Stace,Chasms,Tears In The Morning Sun,"Mirage, The",Felte,
2019-05-22,1400-1700,DJ Stace,DJ Stace,Depeche Mode,Dressed in Black,Black Celebration,Sire Records (Modern),
2019-05-22,1400-1700,DJ Stace,DJ Stace,The Creatures,Gecko,Feast,Polydor,
2019-05-22,1400-1700,DJ Stace,DJ Stace,Devil Master,Christ's Last Hiss,Satan Spits On Children Of Light,Relapse Records,
2019-05-22,1400-1700,DJ Stace,DJ Stace,Pain Teens,It WIll,"It Will (7"")",Trance Syndicate Records,
2019-05-22,1400-1700,DJ Stace,DJ Stace,Swans,Love Will Save You,White Light From The Mouth Of Infinity,Young God Records,
2019-05-22,1400-1700,DJ Stace,DJ Stace,Author & Punisher,Apparition,Beastland,Relapse Records,
2019-05-22,1400-1700,DJ Stace,DJ Stace,THe Cult,She Sells Sanctuary,Love,Beggars Banquet,
2019-05-22,1400-1700,DJ Stace,DJ Stace,Karen O & Danger Mouse,Woman,Lux Prima,30th Century Records/Columbia,
2019-05-22,1400-1700,DJ Stace,DJ Stace,Stephen Malkmus,Rushing The Acid Frat,Groove Denied,Matador Records,
2019-05-22,1400-1700,DJ Stace,DJ Stace,Cage the Elephant,Ready to Let Go,Social Cues,RCA Records,
2019-05-22,1400-1700,DJ Stace,DJ Stace,Vampire Weekend,This Life,Father Of The Bride,Columbia Records,
2019-05-22,1400-1700,DJ Stace,DJ Stace,The Felice Brothers,Nail It On The First Try,Undress,Yep Roc Records,
2019-05-22,1400-1700,DJ Stace,DJ Stace,New Order,Ceremony,Total,Rhino,
2019-05-22,1400-1700,DJ Stace,DJ Stace,Cocteau Twins,Blood Bitch,Garlands,4AD,
2019-05-22,1400-1700,DJ Stace,DJ Stace,Peter Murphy,Marlene Dietrich's Favorite Poem,Deep,Beggar's Banquet,
2019-05-22,1400-1700,DJ Stace,DJ Stace,Marbled Eye,Vanity,Leisure,Digital Regress,
2019-05-22,1400-1700,DJ Stace,DJ Stace,Fontaines D.C.,Chequeless Reckless,Dogrel,Partisan Records,
2019-05-22,1400-1700,DJ Stace,DJ Stace,Fontaines D.C.,Boys in the Better Land,Dogrel,Partisan Records,
2019-05-22,1400-1700,DJ Stace,DJ Stace,Ministry,Every Day Is Halloween,With Sympathy,Sire,
2019-05-22,1400-1700,DJ Stace,DJ Stace,Skinny Puppy,Dig It,Mind: The Perpetual Intercourse,Nettwerk Records,
2019-05-22,1400-1700,DJ Stace,DJ Stace,Siouxsie & The Banshees,Cities In Dust,Tinderbox,Geffen Records,
2019-05-22,1400-1700,DJ Stace,DJ Stace,Swervedriver,Spiked Flower,Future Ruins,Dangerbird Records,
2019-05-22,1400-1700,DJ Stace,DJ Stace,Caroline Rose,Cry!,Loner,New West Records,
2019-05-22,1400-1700,DJ Stace,DJ Stace,L’epée,Dreams,Dreams,A Recordings,
2019-05-22,1400-1700,DJ Stace,DJ Stace,The Smiths,How Soon is Now?,The Sound of the Smiths,Rhino Records UK,
2019-05-22,1400-1700,DJ Stace,DJ Stace,Love And Rockets,Haunted When The Minutes Drag,Seventh Dream Of Teenage Heaven,Beggars Banquet,
2019-05-22,1400-1700,DJ Stace,DJ Stace,Nick Cave And The Bad Seeds,The Mercy Seat,Tender Prey,Mute Records,
2019-05-22,1400-1700,DJ Stace,DJ Stace,The Murlocs,Catch 22,Manic Candid Episode,Flightless Records,
2019-05-22,1400-1700,DJ Stace,DJ Stace,Ex Hex,Diamond Drive,It's Real,Merge Records,
2019-05-22,1400-1700,DJ Stace,DJ Stace,Martha,St. Paul's (Westerberg Comprehensive),Blisters in the Pit of My Heart,Dirtnap,
2019-05-15,1500-1700,DJ Stace,DJ Stace,My Bloody Valentine,Only Shallow,Loveless,Creation Records Limited,
2019-05-15,1500-1700,DJ Stace,DJ Stace,The Glands,Pleaser,Double Coda,New West Records,
2019-05-15,1500-1700,DJ Stace,DJ Stace,Courtney Barnett,"Nameless, Faceless",Tell Me How You Really Feel,Mom + Pop,
2019-05-15,1500-1700,DJ Stace,DJ Stace,Fontaines D.C.,The Cuckoo Is A-Callin',Singles,Partisan Records,
2019-05-15,1500-1700,DJ Stace,DJ Stace,Better Oblivion Community Center,Big Black Heart,Better Oblivion Community Center,Dead Oceans,
2019-05-15,1500-1700,DJ Stace,DJ Stace,Lord Huron,Vide Noir,Vide Noir,Republic/Suraja,
2019-05-15,1500-1700,DJ Stace,DJ Stace,Andrew Bird,Sisyphus,My Finest Work Yet,Loma Vista,
2019-05-15,1500-1700,DJ Stace,DJ Stace,Rudy De Anda,The Mirror,"""The Mirror"" B/W ""Los Canarios""",Karma Chief Records,
2019-05-15,1500-1700,DJ Stace,DJ Stace,Hanni el Khatib & Rudy de Anda,Jealous Guy,Rudy & Hanni,Innovative Leisure Records,
2019-05-15,1500-1700,DJ Stace,DJ Stace,Tropa Magica,La Flor,Tropa Magica,Tropi Recrods,
2019-05-15,1500-1700,DJ Stace,DJ Stace,Can,Flow Motion,Cannibalism 2,Spoon Records,
2019-05-15,1500-1700,DJ Stace,DJ Stace,Panda Bear,Token,Buoys,Domino,
2019-05-15,1500-1700,DJ Stace,DJ Stace,Snapped Ankles,Rechargeable,Stunning Luxury,The Leaf Label,
2019-05-15,1500-1700,DJ Stace,DJ Stace,Father John Misty,Real Love,Real Love,Matador,
2019-05-15,1500-1700,DJ Stace,DJ Stace,Spiritualized,Ladies and Gentlemen We Are,Ladies And Gentlemen We Are Floating In Space,Arista Records (Modern),
2019-05-15,1500-1700,DJ Stace,DJ Stace,Swervedriver,Spiked Flower,Future Ruins,Dangerbird Records,
2019-05-15,1500-1700,DJ Stace,DJ Stace,Swervedriver,Deep Seat,Raise,Creation Records,
2019-05-15,1500-1700,DJ Stace,DJ Stace,the Hair & Skin Trading Co.,The Final Nail,Jo in Nine G Hell,Beggars Banquet,
2019-05-15,1500-1700,DJ Stace,DJ Stace,Los Mundos,Sin Vertigo,Calor Central,Cardinal Fuzz,
2019-05-15,1500-1700,DJ Stace,DJ Stace,Ulrika Spacek,Lord Luck,Suggestive Listening EP,Tough Love Records,
2019-05-15,1500-1700,DJ Stace,DJ Stace,The Felice Brothers,Nail It On The First Try,Undress,Yep Roc Records,
2019-05-15,1500-1700,DJ Stace,DJ Stace,Devendra Banhart,Will Is My Friend,Rejoicing in the Hands,Young God Records,
2019-05-15,1500-1700,DJ Stace,DJ Stace,Cherry Glazerr,Wasted Nun,Stuffed & Ready,Secretly Canadian Records,
2019-05-15,1500-1700,DJ Stace,DJ Stace,the Black Keys,Till I Get My Way,Rubber Factory,Fat Possum Records,
2019-05-15,1500-1700,DJ Stace,DJ Stace,The Black Keys,Eagle Birds,Eagle Birds (CD Single),Nonesuch,
2019-05-15,1500-1700,DJ Stace,DJ Stace,The Scaners,X-Ray Glasses,Ii,Dirty Water Records,
2019-05-15,1500-1700,DJ Stace,DJ Stace,Cage the Elephant,Ready to Let Go,Social Cues,RCA Records,
2019-05-15,1500-1700,DJ Stace,DJ Stace,Kiss The Tiger,Sunday Morning,Let Me Bleed,Self-Release,
2019-05-15,1500-1700,DJ Stace,DJ Stace,Ex Hex,Tough Enough,It's Real,Merge Records,
2019-05-08,1500-1700,DJ Stace,DJ Stace,Pedro The Lion,Yellow Bike,Phoenix,Polyvinyl Record Co.,
2019-05-08,1500-1700,DJ Stace,DJ Stace,Pedro the Lion,When They Really Get to K...,It's Hard to Find a Friend,Made in Mexico,
2019-05-08,1500-1700,DJ Stace,DJ Stace,Lo Tom,Bubblegum,Lo Tom,Barsuk,
2019-05-08,1500-1700,DJ Stace,DJ Stace,Parquet Courts,Almost Had To Start A Fight / In And Out Of Patience (Clean Edit),Wide Awake!,Rough Trade Records,
2019-05-08,1500-1700,DJ Stace,DJ Stace,Cage the Elephant,Ready to Let Go,Social Cues ,RCA Records,
2019-05-08,1500-1700,DJ Stace,DJ Stace,Telekinesis,Feel It In Your Bones,Effluxion,Merge Records,
2019-05-08,1500-1700,DJ Stace,DJ Stace,Black Keys,Lo/Hi,Lo/Hi Single,Nonesuch,
2019-05-08,1500-1700,DJ Stace,DJ Stace,Reignwolf,Keeper,Hear Me Out,Self-Release,
2019-05-08,1500-1700,DJ Stace,DJ Stace,Ex Hex,Diamond Drive,It's Real,Merge Records,
2019-05-08,1500-1700,DJ Stace,DJ Stace,Fontaines D.C.,Chequeless Reckless,Dogrel,Partisan Records,
2019-05-08,1500-1700,DJ Stace,DJ Stace,Buzzcocks,Fast Cars,Another Music In A Different Kitchen,Domino/United Artists Records,
2019-05-08,1500-1700,DJ Stace,DJ Stace,Built To Spill,Wherever You Go,You In Reverse,Warner Brothers (Modern),
2019-05-08,1500-1700,DJ Stace,DJ Stace,Parquet Courts,Human Performance,Human Performance,Rough Trade Records,
2019-05-08,1500-1700,DJ Stace,DJ Stace,Judah & the Lion,Why Did You Run?,Pep Talks,unknown,
2019-05-08,1500-1700,DJ Stace,DJ Stace,The National,You Had Your Soul With You,You Had Your Soul With You,4AD,
2019-05-08,1500-1700,DJ Stace,DJ Stace,Better Oblivion Community Center,Big Black Heart,Better Oblivion Community Center,Dead Oceans,
2019-05-08,1500-1700,DJ Stace,DJ Stace,Spoon,I Turn My Camera on,Gimme Fiction,Merge Records,
2019-05-08,1500-1700,DJ Stace,DJ Stace,Stephen Malkmus,Rushing The Acid Frat,Groove Denied,Matador Records,
2019-05-08,1500-1700,DJ Stace,DJ Stace,Kurt Vile,One Trick Ponies,Bottle It In,Matador Records,
2019-05-08,1500-1700,DJ Stace,DJ Stace,Cherry Glazerr,Self Explained,Stuffed & Ready,Secretly Canadian Records,
2019-05-08,1500-1700,DJ Stace,DJ Stace,The Specials,A Message To You Rudy,"Specials, The",Chrysalis Music Group,
2019-05-08,1500-1700,DJ Stace,DJ Stace,Rudy De Anda,The Mirror,"""The Mirror"" B/W ""Los Canarios""",Karma Chief Records,
2019-05-08,1500-1700,DJ Stace,DJ Stace,Hanni el Khatib & Rudy de Anda,Jealous Guy,Rudy & Hanni,Innovative Leisure Records,
2019-05-08,1500-1700,DJ Stace,DJ Stace,Jenny Lewis,Red Bull & Hennessy,On The Line,Warner Bros. Records,
2019-05-08,1500-1700,DJ Stace,DJ Stace,Sneaker Pimps,6 Underground,Becoming,Virgin Records (Modern),
2019-05-08,1500-1700,DJ Stace,DJ Stace,Caroline Rose,To Die Today,Loner,New West Records,
2019-05-08,1500-1700,DJ Stace,DJ Stace,Mint Field,Ver Mas Alla,Mientras Esperas,Innovative Leisure Records,
2019-05-08,1500-1700,DJ Stace,DJ Stace,Father John Misty,Total Entertainment Forever,Pure Comedy,Sub Pop Records,
2019-05-08,1500-1700,DJ Stace,DJ Stace,Nebula,I Need Somebody,To the Center,Sub Pop Records,
2019-05-01,1500-1700,DJ Stace,DJ Stace,Swervedriver,The Lonely Crowd Fades In The Air,Future Ruins,Dangerbird Records,
2019-05-01,1500-1700,DJ Stace,DJ Stace,Swervedriver,Rave Down,Raise,Creation Records,
2019-05-01,1500-1700,DJ Stace,DJ Stace,Better Oblivion Community Center,Big Black Heart,Better Oblivion Community Center,Dead Oceans,
2019-05-01,1500-1700,DJ Stace,DJ Stace,Reignwolf,Keeper,Hear Me Out,Self-Release,
2019-05-01,1500-1700,DJ Stace,DJ Stace,Fontaines D.C.,Boys In The Better Land,Singles,Partisan Records,
2019-05-01,1500-1700,DJ Stace,DJ Stace,Buzzcocks,I Need,Another Music In A Different Kitchen,Domino/United Artists Records,
2019-05-01,1500-1700,DJ Stace,DJ Stace,Sheer Mag,Expect The Bayonet,Need To Feel Your Love,Wilsun Rc,
2019-05-01,1500-1700,DJ Stace,DJ Stace,Ex Hex,Diamond Drive,It's Real,Merge Records,
2019-05-01,1500-1700,DJ Stace,DJ Stace,Cherry Glazerr,Wasted Nun,Stuffed & Ready,Secretly Canadian Records,
2019-05-01,1500-1700,DJ Stace,DJ Stace,Courtney Barnett,"Nameless, Faceless",Tell Me How You Really Feel,Mom + Pop,
2019-05-01,1500-1700,DJ Stace,DJ Stace,Jenny Lewis,Party Clown,On The Line,Warner Bros. Records,
2019-05-01,1500-1700,DJ Stace,DJ Stace,Caroline Rose,Money,Loner,New West Records,
2019-05-01,1500-1700,DJ Stace,DJ Stace,Lealani,Lonely Stars,Fantastic Planet,Dome Of Doom,
2019-05-01,1500-1700,DJ Stace,DJ Stace,Jealous of the Birds,Plastic Skeletons,The Moths of What I Want Will Eat Me In My Sleep,Hand in Hive,
2019-05-01,1500-1700,DJ Stace,DJ Stace,Sonic Youth,Bull in the Heather,"Experimental Jet Set, Trash An",Geffen Records,
2019-05-01,1500-1700,DJ Stace,DJ Stace,The Black Keys,Eagle Birds,Eagle Birds (CD Single),Nonesuch,
2019-05-01,1500-1700,DJ Stace,DJ Stace,The Scaners,Please Abduct Me,Ii,Dirty Water Records,
2019-05-01,1500-1700,DJ Stace,DJ Stace,Hanni El Khatib,Pay No Mind,Head in the Dirt,Innovative Leisure Records,
2019-05-01,1500-1700,DJ Stace,DJ Stace,Faux Ferocious,Price Of Progress,Pretty Groovy,Burger Records,
2019-05-01,1500-1700,DJ Stace,DJ Stace,Bodega,How Did This Happen?!,Endless Scroll,What's Your Rupture?,
2019-05-01,1500-1700,DJ Stace,DJ Stace,The Glands,So High,Double Coda,New West Records,
2019-05-01,1500-1700,DJ Stace,DJ Stace,Meelt,Bruce Willis Estaba Muerto,Triunfos Pasados,Self-Release,
2019-05-01,1500-1700,DJ Stace,DJ Stace,earthlings?,Stungun,earthlings?,Crippled Dick Hotwax,
2019-05-01,1500-1700,DJ Stace,DJ Stace,Los Mundos,Sin Vertigo,Calor Central,Cardinal Fuzz,
2019-05-01,1500-1700,DJ Stace,DJ Stace,Queens of the Stone Age,How to Handle a Rope,Queens Of The Stone Age,Loosegroove Records,
2019-05-01,1500-1700,DJ Stace,DJ Stace,Frankie And The Witch Fingers,Cobwebs,Zam,Greenway Records,
2019-05-01,1500-1700,DJ Stace,DJ Stace,"Lee Harvey Oswald,The",Surrender Earthlings,Blastronaut,Touch and Go,
2019-05-01,1500-1700,DJ Stace,DJ Stace,Kaleidobolt,Hydra,Bitter,Svart,
2019-05-01,1500-1700,DJ Stace,DJ Stace,Melvins,A History of Bad Men,(A) Senile Animal,Ipecac,
2019-05-01,1500-1700,DJ Stace,DJ Stace,Devil Master,Christ's Last Hiss,Satan Spits On Children Of Light,Relapse Records,
2019-05-01,1500-1700,DJ Stace,DJ Stace,Fu Manchu,Laserbl'ast!,"Action Is Go, the",Mammoth Records,
2019-04-24,1500-1700,DJ Stace,DJ Stace,Rudy De Anda,The Mirror,"""The Mirror"" B/W ""Los Canarios""",Karma Chief Records,
2019-04-24,1500-1700,DJ Stace,DJ Stace,Chicano Batman,Passed You By,Freedom Is Free,Ato Records,
2019-04-24,1500-1700,DJ Stace,DJ Stace,Los Mundos,Sin Vertigo,Calor Central,Cardinal Fuzz,
2019-04-24,1500-1700,DJ Stace,DJ Stace,Brant Bjork,Mexico City Blues,Jacoozi,Low Desert Punk,
2019-04-24,1500-1700,DJ Stace,DJ Stace,Stephen Malkmus,Rushing The Acid Frat,Groove Denied,Matador Records,
2019-04-24,1500-1700,DJ Stace,DJ Stace,Spoon,The Underdog,Ga Ga Ga Ga Ga,Merge Records,
2019-04-24,1500-1700,DJ Stace,DJ Stace,Better Oblivion Community Center,Big Black Heart,Better Oblivion Community Center,Dead Oceans,
2019-04-24,1500-1700,DJ Stace,DJ Stace,Grifters,Tupelo Moan,One Sock Missing,Shangri-La Records,
2019-04-24,1500-1700,DJ Stace,DJ Stace,Fontaines D.C.,Boys in the Better Land,Dogrel,Partisan Records,
2019-04-24,1500-1700,DJ Stace,DJ Stace,Fontaines D.C.,Chequeless Reckless,Dogrel,Partisan Records,
2019-04-24,1500-1700,DJ Stace,DJ Stace,Cherry Glazerr,Wasted Nun,Stuffed & Ready,Secretly Canadian Records,
2019-04-24,1500-1700,DJ Stace,DJ Stace,Jenny Lewis,Party Clown,On The Line,Warner Bros. Records,
2019-04-24,1500-1700,DJ Stace,DJ Stace,Munya,Hotel Delmano,Delmano,Luminelle Recordings,
2019-04-24,1500-1700,DJ Stace,DJ Stace,Les Rita Mitsouko,C'est Comme Ça,The No Comprendo,Self-Release,
2019-04-24,1500-1700,DJ Stace,DJ Stace,The Scaners,Run Dd Run,Ii,Dirty Water Records,
2019-04-24,1500-1700,DJ Stace,DJ Stace,Guided by Voices,Jam Warsong,Zeppelin Over China,GBV Inc.,
2019-04-24,1500-1700,DJ Stace,DJ Stace,The Dates,Any Other Nite,Ask Again Later,Burger Records,
2019-04-24,1500-1700,DJ Stace,DJ Stace,King Tuff,Neverending Sunshine,"Other, The",Sub Pop Records,
2019-04-24,1500-1700,DJ Stace,DJ Stace,Ty Segall,My Lady's On Fire,Freedom's Goblin,Drag City,
2019-04-24,1500-1700,DJ Stace,DJ Stace,Big Star,Ballad of El Goodo,A Little Big Star,Rykodisc,
2019-04-24,1500-1700,DJ Stace,DJ Stace,Graham Nash,Better Days,Songs for Beginners,Atlantic Records (Modern),
2019-04-24,1500-1700,DJ Stace,DJ Stace,The Black Keys,Lo/Hi,Lo/Hi (Single),Nonesuch,
2019-04-24,1500-1700,DJ Stace,DJ Stace,Ex Hex,Tough Enough,It's Real,Merge Records,
2019-04-24,1500-1700,DJ Stace,DJ Stace,Jealous of the Birds,Plastic Skeletons,The Moths of What I Want Will Eat Me In My Sleep,Hand in Hive,
2019-04-24,1500-1700,DJ Stace,DJ Stace,Tropa Magica,Uforia,Tropa Magica,Tropi Recrods,
2019-04-24,1500-1700,DJ Stace,DJ Stace,Sunflower Bean,Come For Me,King Of The Dudes,Mom + Pop,
2019-04-24,1500-1700,DJ Stace,DJ Stace,Buzzcocks,Fiction Romance,Another Music In A Different Kitchen,Domino/United Artists Records,
2019-04-24,1500-1700,DJ Stace,DJ Stace,Reignwolf,Keeper,Hear Me Out,Self-Release,
2019-04-24,1500-1700,DJ Stace,DJ Stace,Kiss The Tiger,Bad Boy,Let Me Bleed,Self-Release,
2019-04-24,1500-1700,DJ Stace,DJ Stace,Low Cut Connie,Revolution Rock&Roll,Dirty Pictures (part 1),Contender Records,
2019-04-10,1500-1700,DJ Stace,DJ Stace,The Glands,A Boy Without A Head,Double Coda,New West Records,
2019-04-10,1500-1700,DJ Stace,DJ Stace,Smog,Hit The Ground Running,Knock Knock,Drag City,
2019-04-10,1500-1700,DJ Stace,DJ Stace,Dave Catching,Bought & Sold (featuring the Dreaded Lovelies),Shared Hallucinations Pt. 1: Sonic Salutations From the Venerable Vaults of Ranc,Dine Alone Records,
2019-04-10,1500-1700,DJ Stace,DJ Stace,Frankie And The Witch Fingers,Cobwebs,Zam,Greenway Records,
2019-04-10,1500-1700,DJ Stace,DJ Stace,Killing Joke,Eighties,Night Time,E. G. Records,
2019-04-10,1500-1700,DJ Stace,DJ Stace,Fontaines D.C.,Chequeless Reckless,Singles,Partisan Records,
2019-04-10,1500-1700,DJ Stace,DJ Stace,Better Oblivion Community Center,Dylan Thomas,Better Oblivion Community Center,Dead Oceans,
2019-04-10,1500-1700,DJ Stace,DJ Stace,Bright Eyes,First Day of My Life,"I'm Wide Awake, It's Morning",Saddle Creek,
2019-04-10,1500-1700,DJ Stace,DJ Stace,Eels,Beautiful Freak,Beautiful Freak,Dreamworks Records,
2019-04-10,1500-1700,DJ Stace,DJ Stace,Go Fever,Kotra,Daydream Hawker,Self Release,
2019-04-10,1500-1700,DJ Stace,DJ Stace,Maidavale,Trance,Madness Is Too Pure,The Sign Records,
2019-04-10,1500-1700,DJ Stace,DJ Stace,Flat Worms,Into The Iris,Into The Iris,God?,
2019-04-10,1500-1700,DJ Stace,DJ Stace,Lady Legs,French Beach Music,Holy Heatwave,Communicating Vessels,
2019-04-10,1500-1700,DJ Stace,DJ Stace,Candace,These Blues (Spacemen 3),Covers 2016-2019,Self-Release,
2019-04-10,1500-1700,DJ Stace,DJ Stace,Lealani,The Night,Fantastic Planet,Dome Of Doom,
2019-04-10,1500-1700,DJ Stace,DJ Stace,Sneaks,Cinnamon,Highway Hypnosis,Merge Records,
2019-04-10,1500-1700,DJ Stace,DJ Stace,alt-j,Every Other Freckle,This Is All Yours,Infectious Music,
2019-04-10,1500-1700,DJ Stace,DJ Stace,Chai,This Is Chai,Punk,Burger Records,
2019-04-10,1500-1700,DJ Stace,DJ Stace,Jealous Of The Birds,Plastic Skeletons,The Moths Of What I Want Will Eat Me In My Sleep,Hand In Hive,
2019-04-10,1500-1700,DJ Stace,DJ Stace,The Spores,Private Jet,Doom Pop,SideCho,
2019-04-10,1500-1700,DJ Stace,DJ Stace,Rudy De Anda,The Mirror,"""The Mirror"" B/W ""Los Canarios""",Karma Chief Records,
2019-04-10,1500-1700,DJ Stace,DJ Stace,Bodega,How Did This Happen?!,Endless Scroll,What's Your Rupture?,
2019-04-10,1500-1700,DJ Stace,DJ Stace,Knuckle Pups,Last Whim,San Panino,Wild Baby,
2019-04-10,1500-1700,DJ Stace,DJ Stace,Swervedriver,Rave Down,Rave Down,(Unknown),
2019-04-10,1500-1700,DJ Stace,DJ Stace,Ulrika Spacek,Mimi Pretend,Modern English Decoration,Tough Love Records,
2019-04-10,1500-1700,DJ Stace,DJ Stace,The Pleasure Routine,Two Artists,Sugar Mountain,Self-Release,
2019-04-10,1500-1700,DJ Stace,DJ Stace,Reignwolf,Keeper,Hear Me out,Self-Release,
2019-04-10,1500-1700,DJ Stace,DJ Stace,Fontaines D.C.,The Cuckoo Is A-Callin',Singles,Partisan Records,
2019-03-06,1500-1700,DJ Stace,DJ Stace,Fontaines D.C.,Chequeless Reckless,Singles,Partisan Records,
2019-03-06,1500-1700,DJ Stace,DJ Stace,Fontaines D.C.,The Cuckoo Is A-Callin',Singles,Partisan Records,
2019-03-06,1500-1700,DJ Stace,DJ Stace,The Glands,Pleaser,Double Coda,New West Records,
2019-03-06,1500-1700,DJ Stace,DJ Stace,The Glands,Pie,Double Coda,New West Records,
2019-03-06,1500-1700,DJ Stace,DJ Stace,Flat Worms,Into The Iris,Into The Iris,God?,
2019-03-06,1500-1700,DJ Stace,DJ Stace,Flat Worms,Goodbye Texas,Flat Worms,Volar,
2019-03-06,1500-1700,DJ Stace,DJ Stace,Andrew Bird,Sisyphus,Sisyphus,Loma Vista Recordings,
2019-03-06,1500-1700,DJ Stace,DJ Stace,Phosphorescent,New Birth In New England,C'est La Vie,Dead Oceans,
2019-03-06,1500-1700,DJ Stace,DJ Stace,Jealous Of The Birds,Plastic Skeletons,The Moths Of What I Want Will Eat Me In My Sleep,Hand In Hive,
2019-03-06,1500-1700,DJ Stace,DJ Stace,Bob Mould,Sacrifice/Let there Be Peace,Black Sheets O' Rain,(Unknown),
2019-03-06,1500-1700,DJ Stace,DJ Stace,Sharon Van Etten,Comeback Kid,Remind Me Tomorrow,Jagjaguwar,
2019-03-06,1500-1700,DJ Stace,DJ Stace,She Keeps Bees,Feather Lighter,Eight Houses,Self-Release,
2019-03-06,1500-1700,DJ Stace,DJ Stace,Altopalo,Mono,Frozenthere,Samedi Records,
2019-03-06,1500-1700,DJ Stace,DJ Stace,Monk Parker,Gaudy Fame,Crown Of Sparrows,Stargazer Records,
2019-03-06,1500-1700,DJ Stace,DJ Stace,Sin Ropas,You'll Take the Knife Out,Three Cherries,Perishable,
2019-03-06,1500-1700,DJ Stace,DJ Stace,Hanni El Khatib,Jealous Guy,Rudy & Hanni,Innovative Liesure,
2019-03-06,1500-1700,DJ Stace,DJ Stace,White Denim,Magazin,Performance,City Slang,
2019-03-06,1500-1700,DJ Stace,DJ Stace,Guided by Voices,Jam Warsong,Zeppelin Over China,GBV Inc.,
2019-03-06,1500-1700,DJ Stace,DJ Stace,Guided by Voices,Questions of the Test,Zeppelin Over China,GBV Inc.,
2019-03-06,1500-1700,DJ Stace,DJ Stace,The Nude Party,Records,"Nude Party, The",New West Records,
2019-03-06,1500-1700,DJ Stace,DJ Stace,Low Cut Connie,Revolution Rock&Roll,Dirty Pictures (part 1),Contender Records,
2019-03-06,1500-1700,DJ Stace,DJ Stace,Nirvana,Lake of Fire,Unplugged in New York,Geffen Records,
2019-03-06,1500-1700,DJ Stace,DJ Stace,Meat Puppets,Backwater,Too High to Die,London Records (Modern),
2019-03-06,1500-1700,DJ Stace,DJ Stace,Deerhunter,No One's Sleeping,Why Hasn't Everything Already Disappeared?,4AD,
2019-03-06,1500-1700,DJ Stace,DJ Stace,Spoon,The Underdog,Ga Ga Ga Ga Ga,Merge Records,
2019-03-06,1500-1700,DJ Stace,DJ Stace,Beirut,Gibraltar,No No No,4AD,
2019-03-06,1500-1700,DJ Stace,DJ Stace,Special Interest,"Young, Gifted, Black, In Leather",Spiraling,Raw Sugar,
2019-03-06,1500-1700,DJ Stace,DJ Stace,Sunflower Bean,Come For Me,King Of The Dudes,Mom + Pop,
2019-03-06,1500-1700,DJ Stace,DJ Stace,Sneaks,Cinnamon,Highway Hypnosis,Merge Records,
2019-02-27,1500-1700,DJ Stace,DJ Stace,The Greeting Committee,Pull It Together,This Is It,Harvest Records,
2019-02-27,1500-1700,DJ Stace,DJ Stace,Jealous Of The Birds,Plastic Skeletons,The Moths of What I Want Will Eat Me In My Sleep,Hand In Hive,
2019-02-27,1500-1700,DJ Stace,DJ Stace,Sharon Van Etten,Comeback Kid,Remind Me Tomorrow,Jagjaguwar,
2019-02-27,1500-1700,DJ Stace,DJ Stace,Lord Huron,Vide Noir,Vide Noir,Republic Records,
2019-02-27,1500-1700,DJ Stace,DJ Stace,Hanni El Khatib,Jealous Guy,Rudy & Hanni,Innovative Liesure,
2019-02-27,1500-1700,DJ Stace,DJ Stace,The Living,Vivaldi,Drinking From The Trough Of A Tyrant's Piss,Self Release,
2019-02-27,1500-1700,DJ Stace,DJ Stace,The Pleasure Routine,Two Artists,Sugar Mountain,Self-Release,
2019-02-27,1500-1700,DJ Stace,DJ Stace,New Order,Ceremony,Retro,Warner Brothers (Modern),
2019-02-27,1500-1700,DJ Stace,DJ Stace,The Arcs,Put a Flower In Your Pocket,"Yours, Dreamily",Nonesuch,
2019-02-27,1500-1700,DJ Stace,DJ Stace,The Nude Party,Water On Mars,"Nude Party, The",New West Records,
2019-02-27,1500-1700,DJ Stace,DJ Stace,the Walkmen,We've Been Had,Everyone Who Pretended to Like,Star Time,
2019-02-27,1500-1700,DJ Stace,DJ Stace,Andrew Bird,Sisyphus,Sisyphus,Wegawam,
2019-02-27,1500-1700,DJ Stace,DJ Stace,Fontaines D.C.,Chequeless Reckless,Singles,Partisan Records,
2019-02-27,1500-1700,DJ Stace,DJ Stace,J Mascis,See You At The Movies,Elastic Days,Sub Pop Records,
2019-02-27,1500-1700,DJ Stace,DJ Stace,The Glands,Pleaser,Double Coda,New West Records,
2019-02-27,1500-1700,DJ Stace,DJ Stace,Built To Spill,Wherever You Go,You In Reverse,Warner Brothers (Modern),
2019-02-27,1500-1700,DJ Stace,DJ Stace,Flat Worms,Into The Iris,Into The Iris,God?,
2019-02-27,1500-1700,DJ Stace,DJ Stace,Bodega,How Did This Happen?!,Endless Scroll,What's Your Rupture?,
2019-02-27,1500-1700,DJ Stace,DJ Stace,Cherry Glazerr,Wasted Nun,Wasted Nun,Secretly Canadian,
2019-02-27,1500-1700,DJ Stace,DJ Stace,Sunflower Bean,Come For Me,King Of The Dudes,Mom + Pop,
2019-02-27,1500-1700,DJ Stace,DJ Stace,Courtney Barnett,"Nameless, Faceless",Tell Me How You Really Feel,Mom + Pop,
2019-02-27,1500-1700,DJ Stace,DJ Stace,Boygenius,Salt In The Wound,Boygenius,Matador Records,
2019-02-27,1500-1700,DJ Stace,DJ Stace,R. Ring,Elder Orphans In Heavy Chop,Ignite The Rest,Sofaburn,
2019-02-27,1500-1700,DJ Stace,DJ Stace,Sneaks,Cinnamon,Highway Hypnosis,Merge Records,
2019-02-27,1500-1700,DJ Stace,DJ Stace,Caroline Rose,To Die Today,Loner,New West Records,
2019-02-27,1500-1700,DJ Stace,DJ Stace,Lealani,Seas Of Mars,Fantastic Planet,Dome Of Doom,
2019-02-27,1500-1700,DJ Stace,DJ Stace,White Denim,Magazin,Performance,City Slang,
2019-02-27,1500-1700,DJ Stace,DJ Stace,Altopalo,Mono,Frozenthere,Samedi Records,
2019-02-27,1500-1700,DJ Stace,DJ Stace,Fontaines D.C.,Liberty Belle,Singles,Partisan Records,
2019-02-20,1500-1700,DJ Stace,DJ Stace,Daniele Luppi & Parquet Courts,Soul And Cigarette,Milano,30th Century Records/Columbia,
2019-02-20,1500-1700,DJ Stace,DJ Stace,Jane's Addiction,Jane Says,Jane's Addiction,Triple X Records,
2019-02-20,1500-1700,DJ Stace,DJ Stace,The Glands,Pie,Double Coda,New West Records,
2019-02-20,1500-1700,DJ Stace,DJ Stace,Sunflower Bean,The Big One,King Of The Dudes,Mom + Pop,
2019-02-20,1500-1700,DJ Stace,DJ Stace,Altopalo,Mono,Frozenthere,Samedi Records,
2019-02-20,1500-1700,DJ Stace,DJ Stace,Father John Misty,Donald Trump's Private Pilot,Too Dumb for Suicide: Tim Heidecker's Trump Songs,Jagjaguwar,
2019-02-20,1500-1700,DJ Stace,DJ Stace,Father John Misty,Real Love Baby,Real Love Baby,Matador,
2019-02-20,1500-1700,DJ Stace,DJ Stace,Boygenius,Salt In The Wound,Boygenius,Matador Records,
2019-02-20,1500-1700,DJ Stace,DJ Stace,Big Thief,Shark Smile,Capacity,Saddle Creek,
2019-02-20,1500-1700,DJ Stace,DJ Stace,Ellis,The Drain,"Fuzz, The",Self Release,
2019-02-20,1500-1700,DJ Stace,DJ Stace,Fontaines D.C.,Chequeless Reckless,Singles,Partisan Records,
2019-02-20,1500-1700,DJ Stace,DJ Stace,Andrew Bird,Sisyphus,Sisyphus,Loma Vista Recordings,
2019-02-20,1500-1700,DJ Stace,DJ Stace,Bodega,How Did This Happen?!,Endless Scroll,What's Your Rupture?,
2019-02-20,1500-1700,DJ Stace,DJ Stace,Flat Worms,Into The Iris,Into The Iris,God?,
2019-02-20,1500-1700,DJ Stace,DJ Stace,The Fall,New Big Prinz,I Am Kurious Oranj,Beggars Banquet,
2019-02-20,1500-1700,DJ Stace,DJ Stace,Deerhunter,No One's Sleeping,Why Hasn't Everything Already Disappeared?,4AD,
2019-02-20,1500-1700,DJ Stace,DJ Stace,Neutral Milk Hotel,Two-Headed Boy,In the Aeroplane Over the Sea,Merge Records,
2019-02-20,1500-1700,DJ Stace,DJ Stace,Caroline Rose,Cry!,Loner,New West Records,
2019-02-20,1500-1700,DJ Stace,DJ Stace,The Greeting Committee,Pull It Together,This Is It,Harvest Records,
2019-02-20,1500-1700,DJ Stace,DJ Stace,Steve Mason,Stars Around My Heart,About The Light,Domino Recording Company,
2019-02-20,1500-1700,DJ Stace,DJ Stace,Jealous Of The Birds,Plastic Skeletons,The Moths of What I Want Will Eat Me In My Sleep,Hand In Hive,
2019-02-20,1500-1700,DJ Stace,DJ Stace,Lorelle Meets The Obsolete,Resistir,De Facto,Sonic Cathedral,
2019-02-20,1500-1700,DJ Stace,DJ Stace,Mr. Gnome,Mustangs,"Heart Of A Dark Star, The",El Marko Records,
2019-02-20,1500-1700,DJ Stace,DJ Stace,Nothing,I Hate The Flowers,Dance On The Blacktop,Relapse Records,
2019-02-20,1500-1700,DJ Stace,DJ Stace,Guided by Voices,Jam Warsong,Zeppelin Over China,GBV Inc.,
2019-02-20,1500-1700,DJ Stace,DJ Stace,Grand Vapids,Dissolve,Rake Ep,Self-Release,
2019-02-20,1500-1700,DJ Stace,DJ Stace,Ty Segall,Every 1's A Winner,Freedom's Goblin,Drag City,
2019-02-20,1500-1700,DJ Stace,DJ Stace,J Mascis,See You At The Movies,Elastic Days,Sub Pop Records,
2019-02-20,1500-1700,DJ Stace,DJ Stace,Sharon Van Etten,Comeback Kid,Remind Me Tomorrow,Jagjaguwar,
2019-02-20,1500-1700,DJ Stace,DJ Stace,Low Cut Connie,Every Time You Turn Around,Dirty Pictures (part 2),Contender Records,
2019-02-20,1500-1700,DJ Stace,DJ Stace,The Glands,So High,Double Coda,New West Records,
2019-02-20,1500-1700,DJ Stace,DJ Stace,Fontaines D.C.,The Cuckoo Is A-Callin',Singles,Partisan Records,
2019-02-13,1500-1700,DJ Stace,DJ Stace,Willie Nelson,I'd Have To Be Crazy,Greatest Hits (& Some That Will Be),Columbia Records,
2019-02-13,1500-1700,DJ Stace,DJ Stace,The Dirtbombs,Chains Of Love,Ultraglide In Black,In the Red Records,
2019-02-13,1500-1700,DJ Stace,DJ Stace,Nick Cave & The Bad Seeds,The Ship Song,"Good Son, The",Mute Records Ltd,
2019-02-13,1500-1700,DJ Stace,DJ Stace,Fontaines D.C.,The Cuckoo Is A-Callin',Singles,Partisan Records,
2019-02-13,1500-1700,DJ Stace,DJ Stace,Adult Mom,Full Screen,Soft Spots,Tiny Engines,
2019-02-13,1500-1700,DJ Stace,DJ Stace,The Glands,Pie,Double Coda,New West Records,
2019-02-13,1500-1700,DJ Stace,DJ Stace,Bodega,How Did This Happen?!,Endless Scroll,What's Your Rupture?,
2019-02-13,1500-1700,DJ Stace,DJ Stace,Pedro the Lion,Yellow Bike,Phoenix,Polyvinyl Record Co.,
2019-02-13,1500-1700,DJ Stace,DJ Stace,J Mascis,See You At The Movies,Elastic Days,Sub Pop Records,
2019-02-13,1500-1700,DJ Stace,DJ Stace,Ty Segall,My Lady's On Fire,Freedom's Goblin,Drag City,
2019-02-13,1500-1700,DJ Stace,DJ Stace,Flat Worms,Into The Iris,Into The Iris,God?,
2019-02-13,1500-1700,DJ Stace,DJ Stace,Oh Sees,Abysmal Urn,Smote Reverser,Castle Face Records,
2019-02-13,1500-1700,DJ Stace,DJ Stace,Guided by Voices,Questions of the Test,Zeppelin Over China,GBV Inc.,
2019-02-13,1500-1700,DJ Stace,DJ Stace,Queens Of The Stone Age,Who'll Be The Next In Line,Feel Good Hit Of The Summer,Interscope Records,
2019-02-13,1500-1700,DJ Stace,DJ Stace,Beck's Record Club w/ St. Vincent,Never Tear Us Apart,No. 4 INXS - Kick,Beck's Record Club,
2019-02-13,1500-1700,DJ Stace,DJ Stace,Beck,True Love Will Find You in T,Discovered Covered,Gammon Records,
2019-02-13,1500-1700,DJ Stace,DJ Stace,Death Cab For Cutie,I Will Follow You Into The Dark,Plans,Atlantic Records (Modern),
2019-02-13,1500-1700,DJ Stace,DJ Stace,Sunflower Bean,The Big One,King Of The Dudes,Mom + Pop,
2019-02-13,1500-1700,DJ Stace,DJ Stace,Fontaines D.C.,Liberty Belle,Singles,Partisan Records,
2019-02-13,1500-1700,DJ Stace,DJ Stace,The Nude Party,Records,"Nude Party, The",New West Records,
2019-02-13,1500-1700,DJ Stace,DJ Stace,Hornet Leg,Rollin' And Tumblin',Ribbon Of Fear,Krecs,
2019-02-13,1500-1700,DJ Stace,DJ Stace,The Greeting Committee,Pull It Together,This Is It,Harvest Records,
2019-02-13,1500-1700,DJ Stace,DJ Stace,the White Stripes,Fell in Love with a Girl,White Blood Cells,Sympathy For The Record Industry,
2019-02-13,1500-1700,DJ Stace,DJ Stace,Queens of the Stone Age,I Wanna Make It Wit Chu,Era Vulgaris,Matador,
2019-02-13,1500-1700,DJ Stace,DJ Stace,Caroline Rose,Cry!,Loner,New West Records,
2019-02-13,1500-1700,DJ Stace,DJ Stace,Boygenius,"Ketchum, Id",Boygenius,Matador Records,
2019-02-13,1500-1700,DJ Stace,DJ Stace,Andrew Bird,Sisyphus,Sisyphus,Loma Vista Recordings,
2019-02-13,1500-1700,DJ Stace,DJ Stace,David Bowie,The Man Who Sold The World,Sound + Vision I,Rykodisc,
2019-02-13,1500-1700,DJ Stace,DJ Stace,Sharon Van Etten,Comeback Kid,Remind Me Tomorrow,Jagjaguwar,
2019-02-13,1500-1700,DJ Stace,DJ Stace,Fugazi,Waiting Room,13 Songs,Dischord Records,
2019-02-13,1500-1700,DJ Stace,DJ Stace,Low Cut Connie,Every Time You Turn Around,Dirty Pictures (part 2),Contender Records,
2019-02-13,1500-1700,DJ Stace,DJ Stace,Parquet Courts,Almost Had To Start A Fight / In And Out Of Patience (Clean Edit),Wide Awake!,Rough Trade Records,
2019-02-13,1500-1700,DJ Stace,DJ Stace,Slaves,Are You Satisfied?,Are You Satisfied?,EMI,
2019-01-30,1500-1700,DJ Stace,DJ Stace,Bodega,How Did This Happen?!,Endless Scroll,What's Your Rupture?,
2019-01-30,1500-1700,DJ Stace,DJ Stace,Sharon Van Etten,Comeback Kid,Remind Me Tomorrow,Jagjaguwar,
2019-01-30,1500-1700,DJ Stace,DJ Stace,Courtney Barnett,Pedestrian At Best,"Sometimes I Sit And Think, And Sometimes I Just Sit",Mom + Pop,
2019-01-30,1500-1700,DJ Stace,DJ Stace,Kurt Vile,One Trick Ponies,Bottle It In,Matador Records,
2019-01-30,1500-1700,DJ Stace,DJ Stace,Fontaines DC,The Cuckoo Is A-Callin',Too Real (Single),Partisan Records,
2019-01-30,1500-1700,DJ Stace,DJ Stace,Spoon,Lines In The Suit,Girls Can Tell,Merge Records,
2019-01-30,1500-1700,DJ Stace,DJ Stace,Daniele Luppi & Parquet Courts,Soul And Cigarette,Milano,30th Century Records/Columbia,
2019-01-30,1500-1700,DJ Stace,DJ Stace,The Nude Party,Records,"Nude Party, The",New West Records,
2019-01-30,1500-1700,DJ Stace,DJ Stace,Brant Bjork,Toot,Jalamanta,man's ruin,
2019-01-30,1500-1700,DJ Stace,DJ Stace,Mudhoney,Paranoid Core,Digital Garbage,Sub Pop Records,
2019-01-30,1500-1700,DJ Stace,DJ Stace,Boss Hog,Sam,Boss Hog,Geffen Records,
2019-01-30,1500-1700,DJ Stace,DJ Stace,Sunflower Bean,The Big One,King Of The Dudes,Mom + Pop,
2019-01-30,1500-1700,DJ Stace,DJ Stace,Black Pistol Fire,Lost Cause,Deadbeat Graffiti,RIfle Bird Records,
2019-01-30,1500-1700,DJ Stace,DJ Stace,Soundgarden,Slaves and Bulldozers,Badmotorfinger,(Unknown),
2019-01-30,1500-1700,DJ Stace,DJ Stace,The Glands,So High,Double Coda,New West Records,
2019-01-30,1500-1700,DJ Stace,DJ Stace,J Mascis,Elastic Days,Elastic Days,Sub Pop Records,
2019-01-30,1500-1700,DJ Stace,DJ Stace,Dinosaur Jr,Thumb,Green Mind,Sire Records,
2019-01-30,1500-1700,DJ Stace,DJ Stace,Caroline Rose,Jeannie Becomes A Mom,Loner,New West Records,
2019-01-30,1500-1700,DJ Stace,DJ Stace,Nothing,Blue Line Baby,Dance On The Blacktop,Relapse Records,
2019-01-30,1500-1700,DJ Stace,DJ Stace,Low Cut Connie,Revolution Rock&Roll,Dirty Pictures (part 1),Contender Records,
2019-01-30,1500-1700,DJ Stace,DJ Stace,Strange Ranger,Remember,How It All Went By,Tiny Engines,
2019-01-30,1500-1700,DJ Stace,DJ Stace,Slint,"Good Morning, Captain",Spiderland,Touch & Go Records,
2019-01-30,1500-1700,DJ Stace,DJ Stace,Swans,Love Will Save You,White Light From The Mouth Of Infinity,Young God Records,
2019-01-30,1500-1700,DJ Stace,DJ Stace,Bob Mould,Sacrifice/Let there Be Peace,Black Sheets O' Rain,(Unknown),
2019-01-23,1500-1700,DJ Stace,DJ Stace,Kurt Vile,Bassackwards,Bottle It In,Matador Records,
2019-01-23,1500-1700,DJ Stace,DJ Stace,Courtney Barnett,"Nameless, Faceless",Tell Me How You Really Feel,Mom + Pop,
2019-01-23,1500-1700,DJ Stace,DJ Stace,The Greeting Committee,Pull It Together,This Is It,Harvest Records,
2019-01-23,1500-1700,DJ Stace,DJ Stace,Spoon,The Underdog,Ga Ga Ga Ga Ga,Merge Records,
2019-01-23,1500-1700,DJ Stace,DJ Stace,Nothing,I Hate The Flowers,Dance On The Blacktop,Relapse Records,
2019-01-23,1500-1700,DJ Stace,DJ Stace,Swervedriver,Rave Down,Rave Down,(Unknown),
2019-01-23,1500-1700,DJ Stace,DJ Stace,Lorelle Meets The Obsolete,Líneas En Hojas,De Facto,Sonic Cathedral,
2019-01-23,1500-1700,DJ Stace,DJ Stace,Tsunami,Old Grey Mare,A Brilliant Mistake,Simple Machines,
2019-01-23,1500-1700,DJ Stace,DJ Stace,Self Defense Family,The Right Kind Of Adult,Have You Considered Punk Music,Run For Cover,
2019-01-23,1500-1700,DJ Stace,DJ Stace,The Glands,So High,Double Coda,New West Records,
2019-01-23,1500-1700,DJ Stace,DJ Stace,Hater,All That Your Dreams Taught Me,Siesta,Fire Records,
2019-01-23,1500-1700,DJ Stace,DJ Stace,Father John Misty,Real Love Baby,Real Love Baby,Matador,
2019-01-23,1500-1700,DJ Stace,DJ Stace,Smog,Hit The Ground Running,Knock Knock,Drag City,
2019-01-23,1500-1700,DJ Stace,DJ Stace,Steve Mason,Stars Around My Heart,About The Light,Domino Recording Company,
2019-01-23,1500-1700,DJ Stace,DJ Stace,the Beta Band,Dry the Rain,"Three E.P.'s, the",Emi Records,
2019-01-23,1500-1700,DJ Stace,DJ Stace,Phosphorescent,"C'es La Vie, No. 2",C'est La Vie,Dead Oceans,
2019-01-23,1500-1700,DJ Stace,DJ Stace,Spiritualized,Ladies and Gentlemen We Are,Ladies And Gentlemen We Are Floating In Space,Arista Records (Modern),
2019-01-23,1500-1700,DJ Stace,DJ Stace,Caroline Rose,Money,Loner,New West Records,
2019-01-23,1500-1700,DJ Stace,DJ Stace,Fontaines D.C.,The Cuckoo Is A-Callin',Too Real-Single,Partisan Records,
2019-01-23,1500-1700,DJ Stace,DJ Stace,Public Practice,Into The Ring,Distance Is A Mirror,Wharf Cat Records,
2019-01-23,1500-1700,DJ Stace,DJ Stace,Josh Homme,All the Same,The Dangerous Lives of Altar Boys Sountrack,Milan Music,
2019-01-23,1500-1700,DJ Stace,DJ Stace,Upper Wilds,Wine Flies,Mars,Thrill Jockey Records,
2019-01-23,1500-1700,DJ Stace,DJ Stace,Dave Catching,Bought & Sold (featuring the Dreaded Lovelies),Shared Hallucinations Pt. 1: Sonic Salutations From the Venerable Vaults of Ranc,Dine Alone Records,
2019-01-23,1500-1700,DJ Stace,DJ Stace,White Denim,Performance,Performance,City Slang,
2019-01-23,1500-1700,DJ Stace,DJ Stace,Fontaines D.C.,Liberty Belle,Liberty Belle / Rocket to Russia,Partisan Records,
2019-01-09,1500-1700,DJ Stace,DJ Stace,Oh Sees,C,Smote Reverser,Castle Face Records,
2019-01-09,1500-1700,DJ Stace,DJ Stace,The Black Angels,Entrance Song,Phosphene Dream,Blue Horizon Records Inc.,
2019-01-09,1500-1700,DJ Stace,DJ Stace,Outrageous Cherry,Creeps Retreat,Meet Me In The Shadows,Burger Records,
2019-01-09,1500-1700,DJ Stace,DJ Stace,Rhett Miller,Total Disaster,The Messenger,ATO Records,
2019-01-09,1500-1700,DJ Stace,DJ Stace,Old 97'S,Big Brown Eyes,Wreck Your Life,Bloodshot Records,
2019-01-09,1500-1700,DJ Stace,DJ Stace,Young Jesus,Deterritory,"Whole Thing Is Just There, The",Saddle Creek,
2019-01-09,1500-1700,DJ Stace,DJ Stace,Slint,"Good Morning, Captain",Spiderland,Touch & Go Records,
2019-01-09,1500-1700,DJ Stace,DJ Stace,Bodega,How Did This Happen?!,Endless Scroll,What's Your Rupture?,
2019-01-09,1500-1700,DJ Stace,DJ Stace,Sonic Youth,Bull in the Heather,"Experimental Jet Set, Trash An",Geffen Records,
2019-01-09,1500-1700,DJ Stace,DJ Stace,Boy Pablo,Feeling Lonely,Soy Pablo,U Ok?/777,
2019-01-09,1500-1700,DJ Stace,DJ Stace,Father John Misty,Real Love Baby,Real Love Baby,Sub Pop,
2019-01-09,1500-1700,DJ Stace,DJ Stace,Flight of the Conchords,Business Time,Flight of the Conchords,Matador,
2019-01-09,1500-1700,DJ Stace,DJ Stace,Kurt Vile,One Trick Ponies,Bottle It In,Matador Records,
2019-01-09,1500-1700,DJ Stace,DJ Stace,The Nude Party,Records,The Nude Party,New West Records,
2019-01-09,1500-1700,DJ Stace,DJ Stace,The Glands,Pleaser,Double Coda,New West Records,
2019-01-09,1500-1700,DJ Stace,DJ Stace,Caroline Rose,Money,Loner,New West Records,
2019-01-09,1500-1700,DJ Stace,DJ Stace,Ron Gallo,"Young Lady, You're Scaring Me",Heavy Meta,New West Records,
2019-01-09,1500-1700,DJ Stace,DJ Stace,Redd Kross,Pop Show,Hot Issue,Merge Records,
2019-01-09,1500-1700,DJ Stace,DJ Stace,Snail Mail,Heat Wave,Lush,Matador Records,
2019-01-09,1500-1700,DJ Stace,DJ Stace,The Greeting Committee,Pull It Together,This Is It,Harvest Records,
2019-01-09,1500-1700,DJ Stace,DJ Stace,Hater,It's So Easy,Siesta,Fire Records,
2019-01-09,1500-1700,DJ Stace,DJ Stace,The Kooks,Forgive & Forget,Listen,Virgin Records Ltd,
2019-01-09,1500-1700,DJ Stace,DJ Stace,Kevin Krauter,Suddenly,Toss Up,Bayonet Records,
2019-01-09,1500-1700,DJ Stace,DJ Stace,Lera Lynn,Wolf Like Me,Plays Well With Others,Single Lock Records,
2019-01-09,1500-1700,DJ Stace,DJ Stace,Kristin Hersh,Foxpoint,Possible Dust Clouds,Fire Records,
2019-01-09,1500-1700,DJ Stace,DJ Stace,Queens of the Stone Age,Goodbye Yellow Brick Road,Revamp: The Songs of Elton John and Bernie Taupin,Island,
2019-01-09,1500-1700,DJ Stace,DJ Stace,Remember Karen,What A Great Time!,What You Say And What You Mean,Karenarockband,
2019-01-09,1500-1700,DJ Stace,DJ Stace,Dave Catching,Bought & Sold (featuring the Dreaded Lovelies),Shared Hallucinations Pt. 1: Sonic Salutations From the Venerable Vaults of Ranc,Dine Alone Records,
2019-01-09,1500-1700,DJ Stace,DJ Stace,Surfbort,Trashworld,Friendship Music,Cult Records,
2019-01-02,1500-1700,DJ Stace,DJ Stace,Kurt Vile,Bassackwards,Bottle It In,Matador Records,
2019-01-02,1500-1700,DJ Stace,DJ Stace,Courtney Barnett,Out Of The Woodwork,"Double Ep: A Sea Of Split Peas, The",Marathon Artists,
2019-01-02,1500-1700,DJ Stace,DJ Stace,Dinosaur Jr,Thumb,Green Mind,Sire Records,
2019-01-02,1500-1700,DJ Stace,DJ Stace,Caroline Rose,Cry!,Loner,New West Records,
2019-01-02,1500-1700,DJ Stace,DJ Stace,Snail Mail,Heat Wave,Lush,Matador Records,
2019-01-02,1500-1700,DJ Stace,DJ Stace,Low Cut Connie,Every Time You Turn Around,Dirty Pictures (part 2),Contender Records,
2019-01-02,1500-1700,DJ Stace,DJ Stace,Bodega,How Did This Happen?!,Endless Scroll,What's Your Rupture?,
2019-01-02,1500-1700,DJ Stace,DJ Stace,Daniele Luppi & Parquet Courts,Soul And Cigarette,Milano,30th Century Records/Columbia,
2019-01-02,1500-1700,DJ Stace,DJ Stace,Parquet Courts,Almost Had To Start A Fight / In And Out Of Patience (Clean Edit),Wide Awake!,Rough Trade Records,
2019-01-02,1500-1700,DJ Stace,DJ Stace,the Mountain Goats,This Year,"Sunset Tree, the",4AD,
2019-01-02,1500-1700,DJ Stace,DJ Stace,Big Thief,Shark Smile,Capacity,Saddle Creek,
2019-01-02,1500-1700,DJ Stace,DJ Stace,The Glands,So High,Double Coda,New West Records,
2019-01-02,1500-1700,DJ Stace,DJ Stace,Hater,It's So Easy,Siesta,Fire Records,
2019-01-02,1500-1700,DJ Stace,DJ Stace,The Strokes,Last Night,"Strokes, The",Bmg Music,
2019-01-02,1500-1700,DJ Stace,DJ Stace,Ian Sweet,Hiding,Crush Crusher,Hardly Art,
2019-01-02,1500-1700,DJ Stace,DJ Stace,The Raconteurs,Now That You're Gone,Sunday Driver / Now that You're Gone,Search Results Sunday Driver / Now That You're Gone/Label Third Man Records,
2019-01-02,1500-1700,DJ Stace,DJ Stace,The Nude Party,Water On Mars,The Nude Party,New West Records,
2019-01-02,1500-1700,DJ Stace,DJ Stace,Outrageous Cherry,Meet You In The Shadows,Meet Me In The Shadows,Burger Records,
2019-01-02,1500-1700,DJ Stace,DJ Stace,Foxygen,San Francisco,We Are The 21st Century Ambassadors Of Peace & Magic,Jagjaguwar,
2019-01-02,1500-1700,DJ Stace,DJ Stace,El Gato Dice,Keep A Fire,Tres,El Gato Dice,
2019-01-02,1500-1700,DJ Stace,DJ Stace,The Pleasure Routine,Two Artists,Sugar Mountain,Self-Release,
2019-01-02,1500-1700,DJ Stace,DJ Stace,Oh Sees,C,Smote Reverser,Castle Face Records,
2019-01-02,1500-1700,DJ Stace,DJ Stace,Ty Segall,My Lady's On Fire,Freedom's Goblin,Drag City,
2019-01-02,1500-1700,DJ Stace,DJ Stace,Spoon,Lines In The Suit,Girls Can Tell,Merge Records,
2019-01-02,1500-1700,DJ Stace,DJ Stace,The Greeting Committee,Pull It Together,This Is It,Harvest Records,
2019-01-02,1500-1700,DJ Stace,DJ Stace,Boy Pablo,Limitado,Soy Pablo,U Ok?/777,
2019-01-02,1500-1700,DJ Stace,DJ Stace,Carbonas,Satisfy Me,Your Moral Superior,Goner Records,
2018-12-19,1500-1700,DJ Stace,DJ Stace,Spiritualized,On The Sunshine,And Nothing Hurt,Fat Possum Records,
2018-12-19,1500-1700,DJ Stace,DJ Stace,The Glands,Pie,Double CODA,New West Records,
2018-12-19,1500-1700,DJ Stace,DJ Stace,The Desert Sessions,Teens Of Thailand,Volume 5/6,Man's Ruin Records,
2018-12-19,1500-1700,DJ Stace,DJ Stace,Dave Catching,Bought & Sold (featuring the Dreaded Lovelies),Shared Hallucinations Pt. 1: Sonic Salutations From the Venerable Vaults of Ranc,Dine Alone Records,
2018-12-19,1500-1700,DJ Stace,DJ Stace,The Dirtbombs,Do You See My Love (For You Growing),Ultraglide In Black,In the Red Records,
2018-12-19,1500-1700,DJ Stace,DJ Stace,The Dirtbombs,Cedar Point '76,If You Don't Already Have A Look,In the Red Records,
2018-12-19,1500-1700,DJ Stace,DJ Stace,Bodega,Boxes For The Move,Endless Scroll,What's Your Rupture?,
2018-12-19,1500-1700,DJ Stace,DJ Stace,Pedro the Lion,Yellow Bike,Yellow Bike,Polyvinyl Record Co.,
2018-12-19,1500-1700,DJ Stace,DJ Stace,Large,Fight The Power,"Fight The Power 7""",Self Release,
2018-12-19,1500-1700,DJ Stace,DJ Stace,Courtney Barnett,"Nameless, Faceless",Tell Me How You Really Feel,Mom + Pop,
2018-12-19,1500-1700,DJ Stace,DJ Stace,Lala Lala,I Get Cut,"Lamb, The",Hardly Art,
2018-12-19,1500-1700,DJ Stace,DJ Stace,Car Seat Headrest,Drunk Drivers / Killer Whales (CD Single),Drunk Drivers / Killer Whales (CD Single),Matador,
2018-12-19,1500-1700,DJ Stace,DJ Stace,Missing Pages,Highlighter Piss,Long Way Down,12XU,
2018-12-19,1500-1700,DJ Stace,DJ Stace,Melvins,A History of Bad Men,Senile Animal,Ipecac Recordings,
2018-12-19,1500-1700,DJ Stace,DJ Stace,Boy Pablo,Losing You,Soy Pablo,U Ok?/777,
2018-12-19,1500-1700,DJ Stace,DJ Stace,The Stone Roses,She Bangs The Drums,"Stone Roses, The",Silvertone Records Us,
2018-12-19,1500-1700,DJ Stace,DJ Stace,A Tribe Called Quest,I Left My Wallet In El Segundo,People's Instinctive Travels And The Paths Of Rhythm,Jive/Zomba,
2018-12-19,1500-1700,DJ Stace,DJ Stace,Caroline Rose,Jeannie Becomes A Mom,Loner,New West Records,
2018-12-19,1500-1700,DJ Stace,DJ Stace,Caroline Rose,Money,Loner,New West Records,
2018-12-19,1500-1700,DJ Stace,DJ Stace,Ana Calvi,Hunter,Hunter,Domino,
2018-12-19,1500-1700,DJ Stace,DJ Stace,The Greeting Committee,Pull It Together,This Is It,Harvest Records,
2018-12-19,1500-1700,DJ Stace,DJ Stace,The Suffers,Make Some Room,"Suffers, The",Rhyme & Reason,
2018-12-19,1500-1700,DJ Stace,DJ Stace,Thunderegg,Where Are The Cars,Cosmos,Bleeding Gold Records,
2018-12-19,1500-1700,DJ Stace,DJ Stace,The Coathangers,Down Down,Nosebleed Weekend,Suicide Squeeze Records,
2018-12-19,1500-1700,DJ Stace,DJ Stace,Ty Segall,My Lady's On Fire,Freedom's Goblin,Drag City,
2018-12-19,1500-1700,DJ Stace,DJ Stace,Low Cut Connie,Revolution Rock&Roll,Dirty Pictures (part 1),Contender Records,
2018-12-19,1500-1700,DJ Stace,DJ Stace,The Billy Shinbone Show,"If You Think You'll Get Away With It, You're Wrong","Billy Shinbone Show, The",Tiny Dog Records,
2018-12-19,1500-1700,DJ Stace,DJ Stace,The Glands,So High,Double Coda,New West Records,
2018-12-19,1500-1700,DJ Stace,DJ Stace,Kurt Vile,One Trick Ponies,Bottle It In,Matador Records,
2018-12-12,1500-1700,DJ Stace,DJ Stace,Kurt Vile,Bassackwards,Bottle It In,Matador Records,
2018-12-12,1500-1700,DJ Stace,DJ Stace,Low Cut Connie,Every Time You Turn Around,Dirty Pictures (part 2),Contender Records,
2018-12-12,1500-1700,DJ Stace,DJ Stace,Boy Pablo,Losing You,Soy Pablo,U Ok?/777,
2018-12-12,1500-1700,DJ Stace,DJ Stace,Spoon,I Turn My Camera on,Gimme Fiction,Merge Records,
2018-12-12,1500-1700,DJ Stace,DJ Stace,Low Cut Connie,Revolution Rock&Roll,Dirty Pictures (part 1),Contender Records,
2018-12-12,1500-1700,DJ Stace,DJ Stace,Kristin Hersh,Foxpoint,Possible Dust Clouds,Fire Records,
2018-12-12,1500-1700,DJ Stace,DJ Stace,R. Ring,Elder Orphans In Heavy Chop,Ignite The Rest,Sofaburn,
2018-12-12,1500-1700,DJ Stace,DJ Stace,The Debutantes ,Little Latin Lupe Lu,"Debutantes , The",Modern Harmonic,
2018-12-12,1500-1700,DJ Stace,DJ Stace,Black Pistol Fire,Beelzebub,Big Beat '59,Rifle Bird Records,
2018-12-12,1500-1700,DJ Stace,DJ Stace,Pc Worship,Tides Ii,Future Phase,Northern Spy Records,
2018-12-12,1500-1700,DJ Stace,DJ Stace,The Black Angels,Young Men Dead,Passover,Light In The Attic Records,
2018-12-12,1500-1700,DJ Stace,DJ Stace,Ian Sweet,Holographic Jesus,Crush Crusher,Hardly Art,
2018-12-12,1500-1700,DJ Stace,DJ Stace,Caroline Rose,Soul No. 5,Loner,New West Records,
2018-12-12,1500-1700,DJ Stace,DJ Stace,The Glands,So High,Double CODA,New West Records,
2018-12-12,1500-1700,DJ Stace,DJ Stace,Patti,Voodoo,Bad Back Ep,Erste Theke Tontraeger,
2018-12-12,1500-1700,DJ Stace,DJ Stace,Daisy Chainsaw,Dog with Sharper Teeth,Eleventeen,A&M Records (Alternative),
2018-12-12,1500-1700,DJ Stace,DJ Stace,Lala Lala,I Get Cut,"Lamb, The",Hardly Art,
2018-12-12,1500-1700,DJ Stace,DJ Stace,The Nude Party,Records,The Nude Party,New West Records,
2018-12-12,1500-1700,DJ Stace,DJ Stace,Scratch Acid,Greatest Gift,"Greatest Gift, The",Touch and Go,
2018-12-12,1500-1700,DJ Stace,DJ Stace,Thunderegg,Where Are The Cars,Cosmos,Bleeding Gold Records,
2018-12-12,1500-1700,DJ Stace,DJ Stace,The Greeting Committee,Pull It Together,This Is It,Harvest Records,
2018-12-12,1500-1700,DJ Stace,DJ Stace,Bodega,Boxes For The Move,Endless Scroll,What's Your Rupture?,
2018-12-12,1500-1700,DJ Stace,DJ Stace,Ty Segall,I'm a Man,Fudge Sandwich,In the Red Records,
2018-12-12,1500-1700,DJ Stace,DJ Stace,Love Canon,Tempted,Cover Story,Organic Records,
2018-12-12,1500-1700,DJ Stace,DJ Stace,White Denim,Performance,Performance,City Slang,
2018-12-12,1500-1700,DJ Stace,DJ Stace,Carbonas,Who Needs You (Real Kids),Your Moral Superior,Goner Records,
2018-12-12,1500-1700,DJ Stace,DJ Stace,The Glands,Pleaser,Double CODA,New West Records,
2018-12-12,1500-1700,DJ Stace,DJ Stace,Missing Pages,Long Way Down,Long Way Down,12XU,
2018-12-12,1500-1700,DJ Stace,DJ Stace,the Wedding Present,Corduroy,Seamonsters,First Warning,
2018-11-28,1500-1700,DJ Stace,DJ Stace,Thunderegg,"Planetarium, Pts. 1 & 2",Cosmos,Bleeding Gold Records,
2018-11-28,1500-1700,DJ Stace,DJ Stace,Caroline Rose,More Of The Same,Loner,New West Records,
2018-11-28,1500-1700,DJ Stace,DJ Stace,Interpol,The Rover,Marauder,Matador Records,
2018-11-28,1500-1700,DJ Stace,DJ Stace,Kristin Hersh,Foxpoint,Possible Dust Clouds,Fire Records,
2018-11-28,1500-1700,DJ Stace,DJ Stace,New Model Army,Vagabonds,Thunder & Consolation,Capital Records,
2018-11-28,1500-1700,DJ Stace,DJ Stace,Public Practice,Into The Ring,Distance Is A Mirror,Wharf Cat Records,
2018-11-28,1500-1700,DJ Stace,DJ Stace,The Glands,So High,Double CODA,New West Records,
2018-11-28,1500-1700,DJ Stace,DJ Stace,Evil Triplet,Pyramid Eye,Have A Nice Trip,Super Secret Records,
2018-11-28,1500-1700,DJ Stace,DJ Stace,The Black Angels,Entrance Song (Rain Dance Version),Phosgene Nightmare,Blue Horizon,
2018-11-28,1500-1700,DJ Stace,DJ Stace,Capital Punishment,Muzak Anonymous,Roadkill,Captured Tracks,
2018-11-28,1500-1700,DJ Stace,DJ Stace,Snakefinger,The Man in the Dark Sedan,Greener Postures,East Side Digital,
2018-11-28,1500-1700,DJ Stace,DJ Stace,Patti,Voodoo,Bad Back Ep,Erste Theke Tontraeger,
2018-11-28,1500-1700,DJ Stace,DJ Stace,Devo,Girl U Want,Greatest Hits,Warner Bros. Records,
2018-11-28,1500-1700,DJ Stace,DJ Stace,The Nude Party,Records,The Nude Party,New West Records,
2018-11-28,1500-1700,DJ Stace,DJ Stace,Beach Goons,Hrsb,Hoodratscumbags,Grndvw,
2018-11-28,1500-1700,DJ Stace,DJ Stace,Black Pistol Fire,Lost Cause,Deadbeat Graffiti,RIfle Bird Records,
2018-11-28,1500-1700,DJ Stace,DJ Stace,Cloud Nothings,Leave Him Now,Last Building Burning,Carpark Records,
2018-11-28,1500-1700,DJ Stace,DJ Stace,Guided By Voices,Tractor Rape Chain,Bee Thousand,Matador Records,
2018-11-28,1500-1700,DJ Stace,DJ Stace,Low Cut Connie,Every Time You Turn Around,Dirty Pictures (part 2),Contender Records,
2018-11-28,1500-1700,DJ Stace,DJ Stace,Kurt Vile,One Trick Ponies,Bottle It In,Matador Records,
2018-11-28,1500-1700,DJ Stace,DJ Stace,Courtney Barnett,Pedestrian At Best,"Sometimes I Sit And Think, And Sometimes I Just Sit",Mom + Pop,
2018-11-28,1500-1700,DJ Stace,DJ Stace,Ty Segall & White Fence,My Friend,Joy,Drag City,
2018-11-28,1500-1700,DJ Stace,DJ Stace,Ty Segall,I'm a Man,Fudge Sandwich,In the Red Records,
2018-11-28,1500-1700,DJ Stace,DJ Stace,The Greeting Committee,Pull It Together,This Is It,Harvest Records,
2018-11-28,1500-1700,DJ Stace,DJ Stace,White Denim,Performance,Performance,City Slang,
2018-11-28,1500-1700,DJ Stace,DJ Stace,Bodega,Boxes For The Move,Endless Scroll,What's Your Rupture?,
2018-11-28,1500-1700,DJ Stace,DJ Stace,Pedro the Lion,Yellow Bike,Yellow Bike,Polyvinyl Record Co,
2018-11-28,1500-1700,DJ Stace,DJ Stace,Missing Pages,Long Way Down,Long Way Down,12XU,
2018-11-07,1500-1700,DJ Stace,DJ Stace,Courtney Barnett & Kurt Vile,Outta The Woodwork,Lotta Sea Lice,Matador Records,
2018-11-07,1500-1700,DJ Stace,DJ Stace,Kurt Vile,Bassackwards,Bottle It In,Matador,
2018-11-07,1500-1700,DJ Stace,DJ Stace,Courtney Barnett,"Nameless, Faceless",Tell Me How You Really Feel,Mom + Pop,
2018-11-07,1500-1700,DJ Stace,DJ Stace,Roky Erickson,Haunt,Don't Slander Me,Enigma Records,
2018-11-07,1500-1700,DJ Stace,DJ Stace,Low,Fly,Double Negative,Sub Pop Records,
2018-11-07,1500-1700,DJ Stace,DJ Stace,The Pleasure Routine,Ruins,Sugar Mountain,Self-Release,
2018-11-07,1500-1700,DJ Stace,DJ Stace,The Greeting Committee,Pull It Together,This Is It,Capital Records,
2018-11-07,1500-1700,DJ Stace,DJ Stace,Capital Punishment,Muzak Anonymous,Roadkill,Captured Tracks,
2018-11-07,1500-1700,DJ Stace,DJ Stace,The Nude Party,Water On Mars,The Nude Party,New West Records,
2018-11-07,1500-1700,DJ Stace,DJ Stace,Beach Goons,Hrsb,Hoodratscumbags,Grndvw,
2018-11-07,1500-1700,DJ Stace,DJ Stace,Caroline Rose,Money,Loner,New West Records,
2018-11-07,1500-1700,DJ Stace,DJ Stace,Yolanda,Drivver/New Waltz,What Vision,Yolanda,
2018-11-07,1500-1700,DJ Stace,DJ Stace,Interpol,The Rover,Marauder,Matador Records,
2018-11-07,1500-1700,DJ Stace,DJ Stace,Ty Segall,I'm a Man,Fudge Sandwich,In The Red Recordings,
2018-11-07,1500-1700,DJ Stace,DJ Stace,Ty Segall & White Fence,My Friend,Joy,Drag City,
2018-11-07,1500-1700,DJ Stace,DJ Stace,The Sonics,Sugaree,This Is The Sonics,Revox Records,
2018-11-07,1500-1700,DJ Stace,DJ Stace,Dinosaur Jr,Thumb,Green Mind,Sire Records,
2018-11-07,1500-1700,DJ Stace,DJ Stace,Pedro the Lion,Yellow Bike,Yellow Bike,Polyvinyl Record Co,
2018-11-07,1500-1700,DJ Stace,DJ Stace,Thee Lakesiders,Parachute,"""Si Me Faltaras Tu"" B/W ""Parachute""",Big Crown,
2018-11-07,1500-1700,DJ Stace,DJ Stace,Bodega,Boxes For The Move,Endless Scroll,What's Your Rupture?,
2018-10-31,1500-1700,DJ Stace,DJ Stace,Bauhaus,Bela Lugosi's Dead,Bela Lugosi's Dead,Small Wonder Records,
2018-10-31,1500-1700,DJ Stace,DJ Stace,Lera Lynn,Wolf Like Me,Plays Well With Others,Single Lock Records,
2018-10-31,1500-1700,DJ Stace,DJ Stace,Echo & The Bunnymen,The Killing Moon,Songs To Learn & Sing,Korova Records,
2018-10-31,1500-1700,DJ Stace,DJ Stace,Echo & The Bunnymen,People are Strange,The Lost Boys: Original Motion Picture Soundtrack,Atlantic,
2018-10-31,1500-1700,DJ Stace,DJ Stace,Motorhead,Sympathy for the Devil,Bad Magic,UDR,
2018-10-31,1500-1700,DJ Stace,DJ Stace,Soundgarden,Searching with My Good Eye,Badmotorfinger,(Unknown),
2018-10-31,1500-1700,DJ Stace,DJ Stace,Butthole Surfers,Sweat Loaf,Locust Abortion Technician,Trance Syndicate,
2018-10-31,1500-1700,DJ Stace,DJ Stace,The Dirtbombs,The Thing,Ultraglide In Black,In the Red Records,
2018-10-31,1500-1700,DJ Stace,DJ Stace,Grifters,Get Outta that Spaceship & F,Crappin' You Negative,Shangri-La Records,
2018-10-31,1500-1700,DJ Stace,DJ Stace,The Hives,Missing Link,Tyrannosaurus Hives,Interscope Records,
2018-10-31,1500-1700,DJ Stace,DJ Stace,The Sonics,The Witch,Here Are The Sonics,Norton Records,
2018-10-31,1500-1700,DJ Stace,DJ Stace,The Sonics,Psycho,Here Are The Sonics,Norton Records,
2018-10-31,1500-1700,DJ Stace,DJ Stace,Ministry,Every Day is Halloween,Every Day is Halloween,Wax Trax!,
2018-10-31,1500-1700,DJ Stace,DJ Stace,The Black Angels,Haunting At 1300 Mckinley,Phosphene Dream,Blue Horizon Records Inc.,
2018-10-31,1500-1700,DJ Stace,DJ Stace,Black Pistol Fire,Beelzebub,Big Beat '59,Rifle Bird Records,
2018-10-31,1500-1700,DJ Stace,DJ Stace,The Cramps,Goo Goo Muck,Bad Music For Bad People,A & M Records,
2018-10-31,1500-1700,DJ Stace,DJ Stace,Social Distortion,Mommy's Little Monster,Mommy's Little Monster,Triple X Records,
2018-10-31,1500-1700,DJ Stace,DJ Stace,Misfits,London Dungeon,Misfits I,Caroline Records,
2018-10-31,1500-1700,DJ Stace,DJ Stace,the Lee Harvey Oswald Band,Getting Wasted with the Vamp,A Taste of Prison,Touch and Go,
2018-10-31,1500-1700,DJ Stace,DJ Stace,Fu Manchu,Evil Eye,"Action Is Go, the",Mammoth Records,
2018-10-31,1500-1700,DJ Stace,DJ Stace,Scratch Acid,Cannibal,"Greatest Gift, The",Touch and Go,
2018-10-31,1500-1700,DJ Stace,DJ Stace,Reverend Horton Heat,The Halloween Dnce,Halloween Hootenanny,Dgc,
2018-10-31,1500-1700,DJ Stace,DJ Stace,"Weiss, Chuck E.",Devil with Blue Suede Shoes,Extremely Cool,Rykodisc,
2018-10-31,1500-1700,DJ Stace,DJ Stace,The Velvet Underderground & Nico,Venus In Furs,The Velvet Underderground & Nico,Verve Records,
2018-10-31,1500-1700,DJ Stace,DJ Stace,Love And Rockets,Haunted When The Minutes Drag,Seventh Dream Of Teenage Heaven,Beggars Banquet,
2018-10-31,1500-1700,DJ Stace,DJ Stace,the Magnetic Fields,I Wish I Had An Evil Twin,I,Nonesuch Records,
2018-10-24,1500-1700,DJ Stace,DJ Stace,Lala Lala,See You At Home,"Lamb, The",Hardly Art,
2018-10-24,1500-1700,DJ Stace,DJ Stace,Iron & Wine,Love Vigilantes,Around The Well,Sub Pop Records,
2018-10-24,1500-1700,DJ Stace,DJ Stace,Thee Lakesiders,Parachute,"""Si Me Faltaras Tu"" B/W ""Parachute""",Big Crown,
2018-10-24,1500-1700,DJ Stace,DJ Stace,Chicano Batman,Passed You By,Freedom Is Free,Ato Records,
2018-10-24,1500-1700,DJ Stace,DJ Stace,Melody's Echo Chamber,"Breathe In, Breathe Out",Bon Voyage,Fat Possum Records,
2018-10-24,1500-1700,DJ Stace,DJ Stace,Jeff Tweedy,Muzzle of Bees,Together at Last,dBpm Records,
2018-10-24,1500-1700,DJ Stace,DJ Stace,Eternal Summers,Master Of It All,Every Day It Feels Like I’M Dying…,Nevado Music,
2018-10-24,1500-1700,DJ Stace,DJ Stace,New Spell,Of Time,Of Time - Part Ii,Self-Release,
2018-10-24,1500-1700,DJ Stace,DJ Stace,The Beths,Future Me Hates Me,Future Me Hates Me,Carpark Records,
2018-10-24,1500-1700,DJ Stace,DJ Stace,Caroline Rose,Jeannie Becomes A Mom,Loner,New West Records,
2018-10-24,1500-1700,DJ Stace,DJ Stace,Beach Goons,Hrsb,Hoodratscumbags,Grndvw,
2018-10-24,1500-1700,DJ Stace,DJ Stace,Car Seat Headrest,Drunk Drivers / Killer Whales (CD Single),Drunk Drivers / Killer Whales (CD Single),Matador,
2018-10-24,1500-1700,DJ Stace,DJ Stace,Interpol,The Rover,Marauder,Matador Records,
2018-10-24,1500-1700,DJ Stace,DJ Stace,Screaming Trees,Butterfly,Sweet Oblivion,Epic Records (Modern),
2018-10-24,1500-1700,DJ Stace,DJ Stace,Parquet Courts,Almost Had To Start A Fight / In And Out Of Patience (Clean Edit),Wide Awake!,Rough Trade Records,
2018-10-24,1500-1700,DJ Stace,DJ Stace,the Delta 72,Rich Girls Like to Steal,"R&B of Membership, the",Touch and Go,
2018-10-24,1500-1700,DJ Stace,DJ Stace,The Dirtbombs,Ode To A Black Man,Ultraglide In Black,In the Red Records,
2018-10-24,1500-1700,DJ Stace,DJ Stace,Ty Segall & White Fence,My Friend,Joy,Drag City,
2018-10-24,1500-1700,DJ Stace,DJ Stace,Ty Segall,My Lady's On Fire,Freedom's Goblin,Drag City,
2018-10-24,1500-1700,DJ Stace,DJ Stace,The Nude Party,Water on Mars,The Nude Party,New West Records,
2018-10-24,1500-1700,DJ Stace,DJ Stace,Frankie Cosmos,Jesse,Vessel,Sub Pop Records,
2018-10-24,1500-1700,DJ Stace,DJ Stace,Courtney Barnett,"Nameless, Faceless",Tell Me How You Really Feel,Mom + Pop,
2018-10-24,1500-1700,DJ Stace,DJ Stace,Low Cut Connie,Revolution Rock&Roll,Dirty Pictures (part 1),Contender Records,
2018-10-24,1500-1700,DJ Stace,DJ Stace,Sheer Mag,Expect The Bayonet,Need To Feel Your Love,Wilsun Rc,
2018-10-24,1500-1700,DJ Stace,DJ Stace,Kurt Vile,Bassackwards,Bottle It In,Matador,
2018-10-24,1500-1700,DJ Stace,DJ Stace,"Bobo, Harlan T",Town,A History Of Violence,Goner Records,
2018-10-24,1500-1700,DJ Stace,DJ Stace,Thee Shams,Never Did Nothing,Please Yourself,Fat Possum Records,
2018-10-24,1500-1700,DJ Stace,DJ Stace,Death Cab For Cutie,Gold Rush,Thank You For Today,Atlantic Records,
2018-10-24,1500-1700,DJ Stace,DJ Stace,Guided By Voices,Bulldog Skin,Mag Earwhig!,Matador Records,
2018-10-24,1500-1700,DJ Stace,DJ Stace,Father John Misty,Real Love Baby,Real Love Baby,Matador,
2018-10-17,1500-1700,DJ Stace,DJ Stace,Death Cab For Cutie,Gold Rush,Thank You For Today,Atlantic Records,
2018-10-17,1500-1700,DJ Stace,DJ Stace,Kurt Vile,Bassackwards,Bottle It In,Matador,
2018-10-17,1500-1700,DJ Stace,DJ Stace,Courtney Barnett & Kurt Vile,Outta The Woodwork,Lotta Sea Lice,Matador Records,
2018-10-17,1500-1700,DJ Stace,DJ Stace,Courtney Barnett,"Nameless, Faceless",Tell Me How You Really Feel,Mom + Pop,
2018-10-17,1500-1700,DJ Stace,DJ Stace,Matt Sweeney & Bonnie Prince,My Home Is the Sea,Superwolf,Drag City,
2018-10-17,1500-1700,DJ Stace,DJ Stace,Interpol,The Rover,Marauder,Matador Records,
2018-10-17,1500-1700,DJ Stace,DJ Stace,The Psychedelic Furs,All That Money Wants,All Of This And Nothing,Columbia,
2018-10-17,1500-1700,DJ Stace,DJ Stace,The Beths,Future Me Hates Me,Future Me Hates Me,Carpark Records,
2018-10-17,1500-1700,DJ Stace,DJ Stace,Caroline Rose,Money,Loner,New West Records,
2018-10-17,1500-1700,DJ Stace,DJ Stace,Speedy Ortiz,Lean In When I Suffer,Twerp Verse,Carpark Records,
2018-10-17,1500-1700,DJ Stace,DJ Stace,The Spores,Private Jet,Doom Pop,SideCho,
2018-10-17,1500-1700,DJ Stace,DJ Stace,The Monkey Power Trio,Olympus Mons,"Ballad Of Christian Wolfcock, The",Pochahontas Swamp Machine Recordings,
2018-10-17,1500-1700,DJ Stace,DJ Stace,Tanukichan,Bitter Medicine,Sundays,Company Records,
2018-10-17,1500-1700,DJ Stace,DJ Stace,Lo Tom,Bubblegum,Lo Tom,Barsuk,
2018-10-17,1500-1700,DJ Stace,DJ Stace,Nervous Exits,Last Time Around,Get Out,Sonic Surgery,
2018-10-17,1500-1700,DJ Stace,DJ Stace,Ty Segall,Ty Rex,20th Century Boy,Goner Records,
2018-10-17,1500-1700,DJ Stace,DJ Stace,Thee Lakesiders,Parachute,"""Si Me Faltaras Tu"" B/W ""Parachute""",Big Crown,
2018-10-17,1500-1700,DJ Stace,DJ Stace,Ty Segall & White Fence,My Friend,Joy,Drag City,
2018-10-17,1500-1700,DJ Stace,DJ Stace,Ty Segall,My Lady's On Fire,Freedom's Goblin,Drag City,
2018-10-17,1500-1700,DJ Stace,DJ Stace,The Nude Party,Water on Mars,The Nude Party,New West Records,
2018-10-17,1500-1700,DJ Stace,DJ Stace,Beach Goons,Hrsb,Hoodratscumbags,Grndvw,
2018-10-17,1500-1700,DJ Stace,DJ Stace,Melody's Echo Chamber,"Breathe In, Breathe Out",Bon Voyage,Fat Possum Records,
2018-10-17,1500-1700,DJ Stace,DJ Stace,Les Rita Mitsouko,C'est Comme Ca,Bestov Rits Mitsouko,Delabel,
2018-10-17,1500-1700,DJ Stace,DJ Stace,Low,Disarray,Double Negative,Sub Pop Records,
2018-10-17,1500-1700,DJ Stace,DJ Stace,Kurt Vile,Pretty Pimpin,B'lieve I'm Goin Down,Matador Records,
2018-10-17,1500-1700,DJ Stace,DJ Stace,Low Cut Connie,Revolution Rock&Roll,Dirty Pictures (part 1),Contender Records,
2018-10-17,1500-1700,DJ Stace,DJ Stace,Lala Lala,I Get Cut,"Lamb, The",Hardly Art,
2018-10-17,1500-1700,DJ Stace,DJ Stace,Time Zone,World Destruction,Bio-Dome,Priority Records,
2018-10-10,1500-1700,DJ Stace,DJ Stace,Courtney Barnett,"Nameless, Faceless",Tell Me How You Really Feel,Mom + Pop,
2018-10-10,1500-1700,DJ Stace,DJ Stace,Courtney Barnett,Out Of The Woodwork,"Double Ep: A Sea Of Split Peas, The",Marathon Artists,
2018-10-10,1500-1700,DJ Stace,DJ Stace,Courtney Barnett,Pedestrian At Best,"Sometimes I Sit And Think, And Sometimes I Just Sit",Mom + Pop,
2018-10-10,1500-1700,DJ Stace,DJ Stace,The Beths,Future Me Hates Me,Future Me Hates Me,Carpark Records,
2018-10-10,1500-1700,DJ Stace,DJ Stace,Sheer Mag,Expect The Bayonet,Need To Feel Your Love,Wilsun Rc,
2018-10-10,1500-1700,DJ Stace,DJ Stace,The Jam,That's Entertainment,Sound Affects,Polydor Ltd.,
2018-10-10,1500-1700,DJ Stace,DJ Stace,The Black Keys,Sinister Kid,Brothers,Nonesuch Records,
2018-10-10,1500-1700,DJ Stace,DJ Stace,Parquet Courts,Total Football (Clean Edit),Wide Awake!,Rough Trade Records,
2018-10-10,1500-1700,DJ Stace,DJ Stace,King Tuff,Neverending Sunshine,"Other, The",Sub Pop Records,
2018-10-10,1500-1700,DJ Stace,DJ Stace,Unknown Mortal Orchestra,Hunnybee,Sex & Food,Jagjaguwar,
2018-10-10,1500-1700,DJ Stace,DJ Stace,Petal,Better Than You,Magic Gone,Run For Cover,
2018-10-10,1500-1700,DJ Stace,DJ Stace,Caroline Rose,Jeannie Becomes A Mom,Loner,New West Records,
2018-10-10,1500-1700,DJ Stace,DJ Stace,Nervous Exits,Long Road Home,Get Out,Sonic Surgery,
2018-10-10,1500-1700,DJ Stace,DJ Stace,Eleventeen,STEAK,Demo,Self-Release,
2018-10-10,1500-1700,DJ Stace,DJ Stace,Ty Segall,Every 1's A Winner,Freedom's Goblin,Drag City,
2018-10-10,1500-1700,DJ Stace,DJ Stace,Ty Segall & White Fence,My Friend,Joy,Drag City,
2018-10-10,1500-1700,DJ Stace,DJ Stace,the Beta Band,Dry the Rain,"Three E.P.'s, the",Emi Records,
2018-10-10,1500-1700,DJ Stace,DJ Stace,Marlon Williams,What's Chasing You,Make Way For Love,Dead Oceans,
2018-10-10,1500-1700,DJ Stace,DJ Stace,White Denim,Good News,Performance,City Slang,
2018-10-10,1500-1700,DJ Stace,DJ Stace,Big Star,Ballad of El Goodo,#1 Record,Ardent,
2018-10-10,1500-1700,DJ Stace,DJ Stace,Thee Lakesiders,Parachute,"""Si Me Faltaras Tu"" B/W ""Parachute""",Big Crown,
2018-10-10,1500-1700,DJ Stace,DJ Stace,Earth,Rise To Glory,"Bees Made Honey In The Lion's Skull, The",Southern Lord Recordings,
2018-10-10,1500-1700,DJ Stace,DJ Stace,Blood Orange,Charcoal Baby,Negro Swan,Domino Recording Company,
2018-10-10,1500-1700,DJ Stace,DJ Stace,Interpol,The Rover,Marauder,Matador Records,
2018-10-10,1500-1700,DJ Stace,DJ Stace,Guided By Voices,Teenage Fbi,Do the Collapse,Tvt Records,
2018-10-10,1500-1700,DJ Stace,DJ Stace,Lala Lala,I Get Cut,"Lamb, The",Hardly Art,
2018-10-10,1500-1700,DJ Stace,DJ Stace,Death Cab For Cutie,Gold Rush,Thank You For Today,Atlantic Records,
2018-10-10,1500-1700,DJ Stace,DJ Stace,Low Cut Connie,Revolution Rock & Roll,Dirty Pictures (Part 1),Contender Records,
2018-10-03,1430-1700,DJ Stace,DJ Stace,Caroline Rose,Smile! (Bikini Intro),Loner,New West Records,
2018-10-03,1430-1700,DJ Stace,DJ Stace,Caroline Rose,Bikini,Loner,New West Records,
2018-10-03,1430-1700,DJ Stace,DJ Stace,Interpol,The Rover,Marauder,Matador Records,
2018-10-03,1430-1700,DJ Stace,DJ Stace,Interpol,Evil,Antics,Matador Records,
2018-10-03,1430-1700,DJ Stace,DJ Stace,The Psychedelic Furs,Pretty In Pink,Talk Talk Talk,Columbia,
2018-10-03,1430-1700,DJ Stace,DJ Stace,Courtney Barnett,"Nameless, Faceless",Tell Me How You Really Feel,Mom + Pop,
2018-10-03,1430-1700,DJ Stace,DJ Stace,Mitski,A Pearl,Be The Cowboy,Dead Oceans,
2018-10-03,1430-1700,DJ Stace,DJ Stace,Okkervil River,Pulled Up the Ribbon,In the Rainbow Rain,ATO Records,
2018-10-03,1430-1700,DJ Stace,DJ Stace,Iceage,Catch It,Beyondless,Matador Records,
2018-10-03,1430-1700,DJ Stace,DJ Stace,Gallon Drunk,Jake on the Make,From the Heart of Town,Sire Records (Modern),
2018-10-03,1430-1700,DJ Stace,DJ Stace,Speedy Ortiz,I'm Blessed,Twerp Verse,Carpark Records,
2018-10-03,1430-1700,DJ Stace,DJ Stace,Lera Lynn,Wolf Like Me (feat. Shovels & Rope),Plays Well with Others,Single Lock Records,
2018-10-03,1430-1700,DJ Stace,DJ Stace,Alexander Tucker,A To Z,Don't Look Away,Thrill Jockey Records,
2018-10-03,1430-1700,DJ Stace,DJ Stace,CocoRosie,Beautiful Boyz,Noah's Ark,Touch and Go Records,
2018-10-03,1430-1700,DJ Stace,DJ Stace,Utah,Grassy Green,Reaper's Gain,Self-Release,
2018-10-03,1430-1700,DJ Stace,DJ Stace,Father John Misty,Donald Trump's Private Pilot,Too Dumb for Suicide: Tim Heidecker's Trump Songs,Jagjaguwar,
2018-10-03,1430-1700,DJ Stace,DJ Stace,Smashing Pumpkins,Silvery Sometimes (Ghosts),Silvery Sometimes (Ghosts),Martha's Music,
2018-10-03,1430-1700,DJ Stace,DJ Stace,Ty Segall & White Fence,My Friend,Joy,Drag City,
2018-10-03,1430-1700,DJ Stace,DJ Stace,Ty Segall,My Lady's On Fire,Freedom's Goblin,Drag City,
2018-10-03,1430-1700,DJ Stace,DJ Stace,Parquet Courts,Almost Had To Start A Fight / In And Out Of Patience,Wide Awake!,Rough Trade Records,
2018-10-03,1430-1700,DJ Stace,DJ Stace,Daisy O'connor,Cult Of Two,Mixtape,Tremelo Records,
2018-10-03,1430-1700,DJ Stace,DJ Stace,Low Cut Connie,Revolution Rock & Roll,Dirty Pictures (Part 1),Contender Records,
2018-10-03,1430-1700,DJ Stace,DJ Stace,The Beths,Great No One,Future Me Hates Me,Carpark Records,
2018-10-03,1430-1700,DJ Stace,DJ Stace,Adult Mom,Full Screen,Soft Spots,Tiny Engines,
2018-10-03,1430-1700,DJ Stace,DJ Stace,Esmé Patterson,Feel Right,We Were Wild,Grand Jury Music,
2018-10-03,1430-1700,DJ Stace,DJ Stace,Screaming Females,Shake it Off (Taylor Swift Cover),A.V. Club Undercover,A.V. Club,
2018-10-03,1430-1700,DJ Stace,DJ Stace,Beach Goons,Hrsb,Hoodratscumbags,Grndvw,
2018-10-03,1430-1700,DJ Stace,DJ Stace,White Denim,Good News,Performance,Downtown Records,
2018-10-03,1430-1700,DJ Stace,DJ Stace,Death Cab For Cutie,Gold Rush,Thank You For Today,Atlantic Records,
2018-10-03,1430-1700,DJ Stace,DJ Stace,Queens of the Stone Age,Goodbye Yellow Brick Road,Revamp: The Songs of Elton John & Bernie Taupin,Virgin EMI Records,
2018-10-03,1430-1700,DJ Stace,DJ Stace,Iron & Wine,Milkweed,Weed Garden,Sub Pop Records,
2018-10-03,1430-1700,DJ Stace,DJ Stace,The Faint,Mirror Error,Capsule:1999-2016,Saddle Creek,
2018-10-03,1430-1700,DJ Stace,DJ Stace,She Keeps Bees,Saturn Return,Dig On,Self-Release,
2018-09-26,1500-1700,DJ Stace,DJ Stace,Iceage,Take It All,Beyondless,Matador Records,
2018-09-26,1500-1700,DJ Stace,DJ Stace,Father John Misty,Disappointing Diamonds Are The Rarest Of Them All,God's Favorite Customer,Sub Pop Records,
2018-09-26,1500-1700,DJ Stace,DJ Stace,The Spook School,I Hope She Loves You,Could It Be Different?,Alcopop!,
2018-09-26,1500-1700,DJ Stace,DJ Stace,La Luz,The Creature,Floating Features,Hardly Art,
2018-09-26,1500-1700,DJ Stace,DJ Stace,Kali Uchis,Just A Stranger,Isolation,Virgin Records,
2018-09-26,1500-1700,DJ Stace,DJ Stace,Caroline Rose,Soul No. 5,Loner,New West Records,
2018-09-26,1500-1700,DJ Stace,DJ Stace,The Use,Time Burton,What's The Use?,Allrealon Music,
2018-09-26,1500-1700,DJ Stace,DJ Stace,Skinny Puppy,Stairs And Flowers,Mind: The Perpetual Intercourse,Nettwerk Records,
2018-09-26,1500-1700,DJ Stace,DJ Stace,Lera Lynn,Wolf Like Me (feat. Shovels & Rope),Plays Well with Others,Single Lock Records,
2018-09-26,1500-1700,DJ Stace,DJ Stace,Alexander Tucker,Visiting Me,Don't Look Away,Thrill Jockey Records,
2018-09-26,1500-1700,DJ Stace,DJ Stace,Foxygen,San Francisco,We Are The 21st Century Ambassadors Of Peace & Magic,Jagjaguwar,
2018-09-26,1500-1700,DJ Stace,DJ Stace,Nervous Exits,Annabell,Get Out,Sonic Surgery,
2018-09-26,1500-1700,DJ Stace,DJ Stace,Captain Beefheart,Her Eyes Are a Blue Million,"Big Lebowski, the",Mercury Records,
2018-09-26,1500-1700,DJ Stace,DJ Stace,The Creation Factory,I Dont Know What To Do,"Creation Factory, The",Lolipop Records,
2018-09-26,1500-1700,DJ Stace,DJ Stace,The Sonics,Have Love Will Travel,Here Are The Sonics,Norton Records,
2018-09-26,1500-1700,DJ Stace,DJ Stace,Ty Segall & White Fence,My Friend,Joy,Drag City,
2018-09-26,1500-1700,DJ Stace,DJ Stace,Ty Segall,My Lady's On Fire,Freedom's Goblin,Drag City,
2018-09-26,1500-1700,DJ Stace,DJ Stace,Low,Always Up,Double Negative,Sub Pop Records,
2018-09-26,1500-1700,DJ Stace,DJ Stace,Love and Rockets,Mirror People (SLow Version),"Earth, Sun, Moon",Beggars Banquet Records,
2018-09-26,1500-1700,DJ Stace,DJ Stace,Parquet Courts,Almost Had To Start A Fight / In And Out Of Patience (Clean Edit),Wide Awake!,Rough Trade Records,
2018-09-26,1500-1700,DJ Stace,DJ Stace,Daniele Luppi & Parquet Courts,Soul And Cigarette,Milano,30th Century Records/Columbia,
2018-09-26,1500-1700,DJ Stace,DJ Stace,Utah,Chicken,Reaper's Gain,Self-Release,
2018-09-26,1500-1700,DJ Stace,DJ Stace,The Nude Party,Water on Mars,The Nude Party,New West Records,
2018-09-26,1500-1700,DJ Stace,DJ Stace,Mitski,Nobody,Be The Cowboy,Dead Oceans,
2018-09-26,1500-1700,DJ Stace,DJ Stace,Low Cut Connie,Revolution Rock & Roll,Dirty Pictures (Part 1),Contender Records,
2018-09-26,1500-1700,DJ Stace,DJ Stace,Courtney Barnett,"Nameless, Faceless",Tell Me How You Really Feel,Mom + Pop,
2018-09-26,1500-1700,DJ Stace,DJ Stace,White Denim,Good News,Performance,City Slang,
2018-09-26,1500-1700,DJ Stace,DJ Stace,Death Cab For Cutie,Gold Rush,Thank You For Today,Atlantic Records,
2018-09-19,1500-1700,DJ Stace,DJ Stace,Courtney Barnett,"Nameless, Faceless",Tell Me How You Really Feel,Mom + Pop,
2018-09-19,1500-1700,DJ Stace,DJ Stace,Caroline Rose,Money,Loner,New West Records,
2018-09-19,1500-1700,DJ Stace,DJ Stace,The Space Merchants,Kiss The Dirt,Kiss The Dirt,Aqualamb,
2018-09-19,1500-1700,DJ Stace,DJ Stace,Queens of the Stone Age,How to Handle a Rope,Queens Of The Stone Age,Loosegroove Records,
2018-09-19,1500-1700,DJ Stace,DJ Stace,Spider Bags,Alligator,Someday Everything Will Be Fine,Merge Records,
2018-09-19,1500-1700,DJ Stace,DJ Stace,Car Seat Headrest,Drunk Drivers/Killer Whales (Single Version),Drunk Drivers/Killer Whales (Single Version),Matador Records,
2018-09-19,1500-1700,DJ Stace,DJ Stace,Reptiel,The Man Who Played The Sound Waves,"Planet Of Progkp, The",Cubby Control,
2018-09-19,1500-1700,DJ Stace,DJ Stace,Devildriver,If Drinking Don't Kill Me (Her Memory Will),Outlaws 'til The End,Napalm Records America,
2018-09-19,1500-1700,DJ Stace,DJ Stace,Prong,Get a Grip (On Yourself),Whose Fist Is this Anyway,Epic Records (Metal),
2018-09-19,1500-1700,DJ Stace,DJ Stace,Speedy Ortiz,Lean In When I Suffer,Twerp Verse,Carpark Records,
2018-09-19,1500-1700,DJ Stace,DJ Stace,Iceage,Beyondless,Beyondless,Matador Records,
2018-09-19,1500-1700,DJ Stace,DJ Stace,Lo Tom,Bubblegum,Lo Tom,Barsuk Records,
2018-09-19,1500-1700,DJ Stace,DJ Stace,Pedro the Lion,When They Really Get to K...,It's Hard to Find a Friend,Made in Mexico,
2018-09-19,1500-1700,DJ Stace,DJ Stace,Courtney Barnett & Kurt Vile,Over Everything,Lotta Sea Lice,Matador Records,
2018-09-19,1500-1700,DJ Stace,DJ Stace,Wax Chattels,In My Mouth,Wax Chattels,Captured Tracks,
2018-09-19,1500-1700,DJ Stace,DJ Stace,Rocky Horror Pi   (soundtrack),The Time Warp,"Rocky Horror Picture Show, the",(Unknown),
2018-09-19,1500-1700,DJ Stace,DJ Stace,Low Cut Connie,Revolution Rock & Roll,Dirty Pictures (Part 1),Contender Records,
2018-09-19,1500-1700,DJ Stace,DJ Stace,Wimps,Mope Around,Garbage People,Kill Rock Stars,
2018-09-19,1500-1700,DJ Stace,DJ Stace,Rough Spells,Star Reader,Modern Kicks For The Solitary Witch,Self Release,
2018-09-19,1500-1700,DJ Stace,DJ Stace,Built to Spill,Cortez the Killer,Live,Warner Brothers (Modern),
2018-09-19,1500-1700,DJ Stace,DJ Stace,Tom Waits,Bella Ciao,Songs of Resistance: 1942-2018,Anti-,
2018-09-19,1500-1700,DJ Stace,DJ Stace,Leonard Cohen,"Seems So Long Ago, Nancy",Songs From A Room,Columbia,
2018-09-19,1500-1700,DJ Stace,DJ Stace,Daniele Luppi & Parquet Courts,Soul And Cigarette,Milano,30th Century Records/Columbia,
2018-09-19,1500-1700,DJ Stace,DJ Stace,Death Cab For Cutie,Gold Rush,Thank You For Today,Atlantic Records,
2018-09-19,1500-1700,DJ Stace,DJ Stace,The Nude Party,Water on Mars,The Nude Party,New West Records,
2018-09-19,1500-1700,DJ Stace,DJ Stace,Nervous Exits,Annabell,Get Out,Sonic Surgery,
2018-09-19,1500-1700,DJ Stace,DJ Stace,Father John Misty,Disappointing Diamonds Are The Rarest Of Them All,God's Favorite Customer,Sub Pop Records,
2018-09-05,1500-1800,DJ Stace,DJ Stace,Parquet Courts,Total Football,Wide Awake!,Rough Trade Records,
2018-09-05,1500-1800,DJ Stace,DJ Stace,Low Cut Connie,Revolution Rock & Roll,Dirty Pictures (Part 1),Contender Records,
2018-09-05,1500-1800,DJ Stace,DJ Stace,Caroline Rose,Money,Loner,New West Records,
2018-09-05,1500-1800,DJ Stace,DJ Stace,Iceage,Pain Killer,Beyondless,Matador Records,
2018-09-05,1500-1800,DJ Stace,DJ Stace,Nick Cave & the Bad Seeds,Jubilee Street,Push the Sky Away,Bad Seed Ltd.,
2018-09-05,1500-1800,DJ Stace,DJ Stace,Varona,Tango,A Part Of Your Soul,Self Release,
2018-09-05,1500-1800,DJ Stace,DJ Stace,Tom Waits,Jockey Full of Bourbon,Rain Dogs,Island Records (Modern),
2018-09-05,1500-1800,DJ Stace,DJ Stace,Lera Lynn,Wolf Like Me (feat. Shovels & Rope),Plays Well with Others,Single Lock Records,
2018-09-05,1500-1800,DJ Stace,DJ Stace,the Grifters,Boho/Alt,Ain't My Lookout,Sub Pop Records,
2018-09-05,1500-1800,DJ Stace,DJ Stace,Father John Misty,Real Love Baby,Real Love Baby (Single),Sub Pop,
2018-09-05,1500-1800,DJ Stace,DJ Stace,Father John Misty,Donald Trump's Private Pilot,Too Dumb for Suicide: Tim Heidecker's Trump Songs,Jagjaguwar,
2018-09-05,1500-1800,DJ Stace,DJ Stace,Arctic Monkeys,Golden Trunks,Tranquility Base Hotel + Casino,Domino Recording Company,
2018-09-05,1500-1800,DJ Stace,DJ Stace,Car Seat Headrest,1937 State Park,Teens Of Denial,Matador Records,
2018-09-05,1500-1800,DJ Stace,DJ Stace,Brown Bags,White Mountain,Twenty-Something Mutant Nobodies,Side With Us,
2018-09-05,1500-1800,DJ Stace,DJ Stace,The Pleasure Routine,Two Artists,Sugar Mountain,Self-Release,
2018-09-05,1500-1800,DJ Stace,DJ Stace,B 301,Gold Dust (Duster Cover),Mi Yo Deficiente,Anhedonia Records,
2018-09-05,1500-1800,DJ Stace,DJ Stace,Bad Times,Momma Told Me So,Streets Of Iron,Goner Records,
2018-09-05,1500-1800,DJ Stace,DJ Stace,The Beat Taboo,Lick My Wail,Dirty Stash,Off The Hip Records,
2018-09-05,1500-1800,DJ Stace,DJ Stace,Sheer Mag,Expect The Bayonet,Need To Feel Your Love,Wilsun Rc,
2018-09-05,1500-1800,DJ Stace,DJ Stace,Courtney Barnett & Kurt Vile,On Script,Lotta Sea Lice,Matador Records,
2018-09-05,1500-1800,DJ Stace,DJ Stace,Courtney Barnett,"Nameless, Faceless",Tell Me How You Really Feel,Milk! Records,
2018-09-05,1500-1800,DJ Stace,DJ Stace,Leon Bridges,Beyond,Beyond (Single),Columbia Records,
2018-09-05,1500-1800,DJ Stace,DJ Stace,"Pontiac, Marvin The Legendary",Sleep At Night,Greatest Hits,Northern Spy Records,
2018-09-05,1500-1800,DJ Stace,DJ Stace,White Demin,Good News,Performance,City Slang,
2018-09-05,1500-1800,DJ Stace,DJ Stace,The Space Merchants,Kiss The Dirt,Kiss The Dirt,Aqualamb,
2018-08-01,1500-1700,DJ Stace,DJ Stace,Caroline Rose,Jeannie Becomes A Mom,Loner,New West Records,
2018-08-01,1500-1700,DJ Stace,DJ Stace,Big Audio Dynamite,E=Mc²,This Is Big Audio Dynamite,Columbia,
2018-08-01,1500-1700,DJ Stace,DJ Stace,Stephen Malkmus & The Jicks,Shiggy,Sparkle Hard,Matador Records,
2018-08-01,1500-1700,DJ Stace,DJ Stace,Ty Segall,Every 1's A Winner,Freedom's Goblin,Drag City,
2018-08-01,1500-1700,DJ Stace,DJ Stace,El Pan Blanco,Corredor Callejero,Droga,Just Send Nudes,
2018-08-01,1500-1700,DJ Stace,DJ Stace,Camp Cope,The Opener,How To Socialise & Make Friends,Run For Cover,
2018-08-01,1500-1700,DJ Stace,DJ Stace,Interpol,The Rover,The Rover (Single),Matador Records,
2018-08-01,1500-1700,DJ Stace,DJ Stace,Iceage,Pain Killer,Beyondless,Matador Records,
2018-08-01,1500-1700,DJ Stace,DJ Stace,Gallon Drunk,Arlington Road,From the Heart of Town,Sire Records (Modern),
2018-08-01,1500-1700,DJ Stace,DJ Stace,The Pleasure Routine,Two Artists,Sugar Mountain,Self-Release,
2018-08-01,1500-1700,DJ Stace,DJ Stace,Father John Misty,Disappointing Diamonds Are The Rarest Of Them All,God's Favorite Customer,Sub Pop Records,
2018-08-01,1500-1700,DJ Stace,DJ Stace,Father John Misty,Trump's Private Pilot (Father John Misty Version),Too Dumb for Suicide: Tim Heidecker's Trump Songs,Jagjaguwar,
2018-08-01,1500-1700,DJ Stace,DJ Stace,Hillary Susz,Dead Stars,"Heart Will Jump (With Nowhere To Fall), The",Self Release,
2018-08-01,1500-1700,DJ Stace,DJ Stace,The Nude Party,Water on Mars,The Nude Party,New West Records,
2018-08-01,1500-1700,DJ Stace,DJ Stace,Parquet Courts,Almost Had To Start A Fight / In And Out Of Patience,Wide Awake!,Rough Trade Records,
2018-08-01,1500-1700,DJ Stace,DJ Stace,Queens of the Stone Age,Goodbye Yellow Brick Road,Revamp: The Songs of Elton John & Bernie Taupin,Virgin EMI Records,
2018-08-01,1500-1700,DJ Stace,DJ Stace,U.S. Girls,Velvet 4 Sale,In A Poem Unlimited,4AD,
2018-08-01,1500-1700,DJ Stace,DJ Stace,Eagles of Death Metal,Blinded By the Light,Super Troopers 2 Sountrack,UME Direct,
2018-08-01,1500-1700,DJ Stace,DJ Stace,Guided By Voices,Space Gun,Space Gun,Gbv Records,
2018-08-01,1500-1700,DJ Stace,DJ Stace,The Faint,The Conductor,Capsule:1999-2016,Saddle Creek,
2018-08-01,1500-1700,DJ Stace,DJ Stace,Kurt Vile,Pretty Pimpin,B'lieve I'm Goin Down,Matador Records,
2018-08-01,1500-1700,DJ Stace,DJ Stace,Courtney Barnett & Kurt Vile,Over Everything,Lotta Sea Lice,Matador Records,
2018-08-01,1500-1700,DJ Stace,DJ Stace,Courtney Barnett,"Nameless, Faceless",Tell Me How You Really Feel,Mom + Pop,
2018-08-01,1500-1700,DJ Stace,DJ Stace,Keeps,Translucent Girl,Brief Spirit,Old Flame Records,
2018-08-01,1500-1700,DJ Stace,DJ Stace,King Tuff,Neverending Sunshine,"Other, The",Sub Pop Records,
2018-08-01,1500-1700,DJ Stace,DJ Stace,Caroline Rose,Money,Loner,New West Records,
2018-07-25,1500-1800,DJ Stace,DJ Stace,King Tuff,Neverending Sunshine,"Other, The",Sub Pop Records,
2018-07-25,1500-1800,DJ Stace,DJ Stace,Okkervil River,Pulled Up the Ribbon,Pulled Up the Ribbon,ATO Records,
2018-07-25,1500-1800,DJ Stace,DJ Stace,Caroline Rose,To Die Today,Loner,New West Records,
2018-07-25,1500-1800,DJ Stace,DJ Stace,Turning Jewels Into Water,Lights Below The Water,Which Way Is Home?,Fpe Records,
2018-07-25,1500-1800,DJ Stace,DJ Stace,Animal Collective,Hair Cutter,Hair Cutter,Domino Recording Company,
2018-07-25,1500-1800,DJ Stace,DJ Stace,Lump,Shake Your Shelter,Lump,Dead Oceans,
2018-07-25,1500-1800,DJ Stace,DJ Stace,Phosphorescent,Can I Sleep In Your Arms,To Willie,Dead Oceans,
2018-07-25,1500-1800,DJ Stace,DJ Stace,Mazzy Star,"Quiet, The Winter Harbor",Still,Rhymes Of An Hour Records,
2018-07-25,1500-1800,DJ Stace,DJ Stace,Father John Misty,Real Love Baby,Real Love Baby (Single),Sub Pop Records,
2018-07-25,1500-1800,DJ Stace,DJ Stace,Father John Misty,Donald Trump's Private Pilot,Too Dumb for Suicide: Tim Heidecker's Trump Songs,Jagjaguwar,
2018-07-25,1500-1800,DJ Stace,DJ Stace,Father John Misty,Disappointing Diamonds Are The Rarest Of Them All,God's Favorite Customer,Sub Pop Records,
2018-07-25,1500-1800,DJ Stace,DJ Stace,Stephen Malkmus & The Jicks,Shiggy,Sparkle Hard,Matador Records,
2018-07-25,1500-1800,DJ Stace,DJ Stace,Sonic Youth,Kool Thing,Goo,Dgc,
2018-07-25,1500-1800,DJ Stace,DJ Stace,Guided By Voices,Space Gun,Space Gun,Gbv Records,
2018-07-25,1500-1800,DJ Stace,DJ Stace,Courtney Barnett,"Nameless, Faceless",Tell Me How You Really Feel,Mom + Pop,
2018-07-25,1500-1800,DJ Stace,DJ Stace,Camp Cope,The Opener,How To Socialise & Make Friends,Run For Cover,
2018-07-25,1500-1800,DJ Stace,DJ Stace,Lera Lynn,Wolf Like Me (feat. Shovels & Rope),Plays Well with Others,Single Lock Records,
2018-07-25,1500-1800,DJ Stace,DJ Stace,Frankie Cosmos,My Phone,Vessel,Sub Pop Records,
2018-07-25,1500-1800,DJ Stace,DJ Stace,Eagles of Death Metal,Blinded By the Light,Super Troopers 2 Sountrack,UME Direct,
2018-07-25,1500-1800,DJ Stace,DJ Stace,Queens of the Stone Age,Goodbye Yellow Brick Road,Revamp: The Songs of Elton John & Bernie Taupin,Virgin EMI Records,
2018-07-25,1500-1800,DJ Stace,DJ Stace,Caroline Rose,Jeannie Becomes A Mom,Loner,New West Records,
2018-07-25,1500-1800,DJ Stace,DJ Stace,The Nude Party,Records,The Nude Party,New West Records,
2018-07-25,1500-1800,DJ Stace,DJ Stace,Andrew Combs,Reptilia,Reptilia (Single),New West Records,
2018-07-25,1500-1800,DJ Stace,DJ Stace,White Fence,Body Behavior,Body Behavior (Single),Drag City,
2018-07-25,1500-1800,DJ Stace,DJ Stace,Ty Segall,My Lady's On Fire,Freedom's Goblin,Drag City,
2018-07-25,1500-1800,DJ Stace,DJ Stace,Parquet Courts,Almost Had To Start A Fight / In And Out Of Patience,Wide Awake!,Rough Trade Records,
2018-07-25,1500-1800,DJ Stace,DJ Stace,Daniele Luppi & Parquet Courts,Soul And Cigarette,Milano,30th Century Records/Columbia,
2018-07-25,1500-1800,DJ Stace,DJ Stace,Saline,Fast And Great,You Did It To Yourself,Perfect Attendance Records,
2018-07-25,1500-1800,DJ Stace,DJ Stace,Interpol,The Rover,Marauder,Matador Records,
2018-07-25,1500-1800,DJ Stace,DJ Stace,Bichkraft,Some People Have All The Luck,800,Wharf Cat Records,
2018-07-25,1500-1800,DJ Stace,DJ Stace,Deap Vally,Get Gone,Get Gone (Single),Hundredup,
2018-07-25,1500-1800,DJ Stace,DJ Stace,Courtney Barnett & Kurt Vile,Over Everything,Lotta Sea Lice,Matador Records,
2018-07-25,1500-1800,DJ Stace,DJ Stace,The Dream Syndicate,Recurring (Steve's Dream),How We Found Ourselves ... Everywhere!,Anti-,
2018-07-25,1500-1800,DJ Stace,DJ Stace,Wooden Shjips,Eclipse,V,Thrill Jockey Records,
2018-07-25,1500-1800,DJ Stace,DJ Stace,Haxxan,Circle Of Quantum,"Magnificent Planet Of Alien Vampiro Ii Lp, The",Slovenly Recordings,
2018-07-25,1500-1800,DJ Stace,DJ Stace,The Black Angels,Entrance Song,Phosphene Dream,Blue Horizon Records Inc.,
2018-07-25,1500-1800,DJ Stace,DJ Stace,Time Zone,World Destruction,Bio-Dome,Priority Records,
2018-07-25,1500-1800,DJ Stace,DJ Stace,Palm,Forced Hand,Rock Island,Carpark Records,
2018-07-25,1500-1800,DJ Stace,DJ Stace,Car Seat Headrest,1937 State Park,Teens Of Denial,Matador Records,
2018-07-25,1500-1800,DJ Stace,DJ Stace,Las Rosas,Dinner For One,Shadow By Your Side,Greenway Records,
2018-07-25,1500-1800,DJ Stace,DJ Stace,Chicano Batman,Passed You By,Freedom Is Free,Ato Records,
2018-07-25,1500-1800,DJ Stace,DJ Stace,Captain Beefheart And The Magic Band,Her Eyes Are A Blue Million Miles,Clear Spot,Reprise Records,
2018-07-25,1500-1800,DJ Stace,DJ Stace,Caroline Rose,Money,Loner,New West Records,
2018-07-18,1500-1700,DJ Stace,DJ Stace,Acetone,Vibrato,1992-2001,Light In The Attic Records,
2018-07-18,1500-1700,DJ Stace,DJ Stace,Parquet Courts,Total Football,Wide Awake!,Rough Trade Records,
2018-07-18,1500-1700,DJ Stace,DJ Stace,La Luz,California Finally,Floating Features,Hardly Art,
2018-07-18,1500-1700,DJ Stace,DJ Stace,Wooden Shjips,Eclipse,V,Thrill Jockey Records,
2018-07-18,1500-1700,DJ Stace,DJ Stace,Caroline Rose,Soul No. 5,Loner,New West Records,
2018-07-18,1500-1700,DJ Stace,DJ Stace,Queens of the Stone Age,Goodbye Yellow Brick Road,Revamp: The Songs of Elton John & Bernie Taupin,Virgin EMI Records,
2018-07-18,1500-1700,DJ Stace,DJ Stace,Father John Misty,Mr. Tillman,God's Favorite Customer,Sub Pop Records,
2018-07-18,1500-1700,DJ Stace,DJ Stace,Father John Misty,Trump's Private Pilot (Father John Misty Version),Too Dumb for Suicide: Tim Heidecker's Trump Songs,Jagjaguwar,
2018-07-18,1500-1700,DJ Stace,DJ Stace,The Essex Green,Catatonic,Hardly Electronic,Merge Records,
2018-07-18,1500-1700,DJ Stace,DJ Stace,The Cult,She Sells Sanctuary (Howling Mix),Love,Beggars Banquet Records,
2018-07-18,1500-1700,DJ Stace,DJ Stace,The Black Angels,Better Off Alone,Passover,Light In The Attic Records,
2018-07-18,1500-1700,DJ Stace,DJ Stace,The Decemberists,We All Die Young,I'll Be Your Girl,Capitol Records,
2018-07-18,1500-1700,DJ Stace,DJ Stace,The Jesus And Mary Chain,Blues From A Gun,Automatic,Warner Bros. Records,
2018-07-18,1500-1700,DJ Stace,DJ Stace,Interpol,Evil,Antics,Matador Records,
2018-07-18,1500-1700,DJ Stace,DJ Stace,Interpol,The Rover,The Rover (Single),Matador,
2018-07-18,1500-1700,DJ Stace,DJ Stace,Saline,Hair Of The Rat,You Did It To Yourself,Perfect Attendance Records,
2018-07-18,1500-1700,DJ Stace,DJ Stace,Barkmarket,The Patsy,Vegas Throat,Def American (Metal),
2018-07-18,1500-1700,DJ Stace,DJ Stace,Goat Girl,Viper Fish,Goat Girl,Rough Trade,
2018-07-18,1500-1700,DJ Stace,DJ Stace,Tricky,Ghetto Youth,Pre-Millennium Tension,Island Records (Modern),
2018-07-18,1500-1700,DJ Stace,DJ Stace,U.S. Girls,Rosebud,In A Poem Unlimited,4AD,
2018-07-18,1500-1700,DJ Stace,DJ Stace,The Spores,Private Jet,doom pop,SideCho,
2018-07-18,1500-1700,DJ Stace,DJ Stace,Caroline Rose,To Die Today,Loner,New West Records,
2018-07-18,1500-1700,DJ Stace,DJ Stace,Portishead,Roads,Dummy,Polygram Records (Local),
2018-07-18,1500-1700,DJ Stace,DJ Stace,Sonic Youth,Bull in the Heather,"Experimental Jet Set, Trash An",Geffen Records,
2018-07-18,1500-1700,DJ Stace,DJ Stace,Stephen Malkmus & The Jicks,Bike Lane,Sparkle Hard,Matador Records,
2018-07-18,1500-1700,DJ Stace,DJ Stace,Pavement,Cut Your Hair,"Crooked Rain, Crooked Rain",Matador Records,
2018-07-18,1500-1700,DJ Stace,DJ Stace,Courtney Barnett,"Nameless, Faceless",Tell Me How You Really Feel,Milk!,
2018-07-18,1500-1700,DJ Stace,DJ Stace,Courtney Barnett & Kurt Vile,Over Everything,Lotta Sea Lice,Matador Records,
2018-07-18,1500-1700,DJ Stace,DJ Stace,King Tuff,Neverending Sunshine,"Other, The",Sub Pop Records,
2018-07-18,1500-1700,DJ Stace,DJ Stace,Ty Segall,My Lady's On Fire,Freedom's Goblin,Drag City,
2018-07-18,1500-1700,DJ Stace,DJ Stace,Iron & Wine,Love Vigilantes,Around The Well,Sub Pop Records,
2018-07-18,1500-1700,DJ Stace,DJ Stace,The Sea And Cake,Day Moon,Any Day,Thrill Jockey Records,
2018-07-18,1500-1700,DJ Stace,DJ Stace,The Black Keys,Gold On The Ceiling,El Camino,Nonesuch Records,
2018-07-18,1500-1700,DJ Stace,DJ Stace,1968,S.J.D.,Ballads Of The Godless,Hevisike Records,
2018-07-18,1500-1700,DJ Stace,DJ Stace,1968,Chemtrail Blues,Ballads Of The Godless,Hevisike Records,
2018-07-18,1500-1700,DJ Stace,DJ Stace,Mammoth Volume,Helly's Creek,Early Years,Music Cartel,
2018-07-18,1500-1700,DJ Stace,DJ Stace,Throat,Shortage (Version),Bareback,Svart,
2018-07-18,1500-1700,DJ Stace,DJ Stace,The Jesus Lizard,Nub,Goat,Touch and Go,
2018-07-18,1500-1700,DJ Stace,DJ Stace,Devil's Teeth,The Junction Street Eight Tigers,Suki Yaki Hot,Triple Eye Industries,
2018-07-18,1500-1700,DJ Stace,DJ Stace,Francisco Y Madero,Amor De Lejos (Feat. Turning Torso),Amor De Lejos,Self-Release,
2018-07-18,1500-1700,DJ Stace,DJ Stace,Guided By Voices,Space Gun,Space Gun,Gbv Records,
2018-07-11,1500-1800,DJ Stace,DJ Stace,Caroline Rose,Cry!,Loner,New West Records,
2018-07-11,1500-1800,DJ Stace,DJ Stace,Jose Gonzales,Killing for Love (with the Brite Lites),Jose Gonzalez & the Brite Lites at Svenska Grammofonstudion,Mute,
2018-07-11,1500-1800,DJ Stace,DJ Stace,The Dream Syndicate,Recurring (Steve's Dream),How We Found Ourselves ... Everywhere!,Anti-,
2018-07-11,1500-1800,DJ Stace,DJ Stace,The Psychedelic Furs,President Gas,Forever Now,Columbia,
2018-07-11,1500-1800,DJ Stace,DJ Stace,Guided By Voices,Space Gun,Space Gun,Gbv Records,
2018-07-11,1500-1800,DJ Stace,DJ Stace,Father John Misty,Disappointing Diamonds Are The Rarest Of Them All,God's Favorite Customer,Sub Pop Records,
2018-07-11,1500-1800,DJ Stace,DJ Stace,U.S. Girls,Velvet 4 Sale,In A Poem Unlimited,4AD,
2018-07-11,1500-1800,DJ Stace,DJ Stace,Okkervil River,Pulled Up the Ribbon,In the Rainbow Rain,ATO Records,
2018-07-11,1500-1800,DJ Stace,DJ Stace,Sheer Mag,Expect The Bayonet,Need To Feel Your Love,Wilsun Rc,
2018-07-11,1500-1800,DJ Stace,DJ Stace,The Jam,That's Entertainment,Beat Surrender,Polydor Ltd.,
2018-07-11,1500-1800,DJ Stace,DJ Stace,Superchunk,What A Time To Be Alive,What A Time To Be Alive,Merge Records,
2018-07-11,1500-1800,DJ Stace,DJ Stace,Built To Spill,Good Ol' Boredom,There Is No Enemy,Warner Bros. Records,
2018-07-11,1500-1800,DJ Stace,DJ Stace,Courtney Barnett,"Nameless, Faceless",Tell Me How You Really Feel,Milk!,
2018-07-11,1500-1800,DJ Stace,DJ Stace,Courtney Barnett & Kurt Vile,Over Everything,Lotta Sea Lice,Matador Records,
2018-07-11,1500-1800,DJ Stace,DJ Stace,Parquet Courts,Total Football,Wide Awake!,Rough Trade Records,
2018-07-11,1500-1800,DJ Stace,DJ Stace,Daniele Luppi & Parquet Courts,Soul And Cigarette,Milano,30th Century Records/Columbia,
2018-07-11,1500-1800,DJ Stace,DJ Stace,Saline,Fast And Great,You Did It To Yourself,Perfect Attendance Records,
2018-07-11,1500-1800,DJ Stace,DJ Stace,the Desert Sessions,I Wanna Make It Wit Chu,Volumes 9 & 10,Ipecac Records,
2018-07-11,1500-1800,DJ Stace,DJ Stace,Lera Lynn,Wolf Like Me (feat. Shovels & Rope),Plays Well with Others,Single Lock Records,
2018-07-11,1500-1800,DJ Stace,DJ Stace,The Pleasure Routine,Ruins,Sugar Mountain,Self-Release,
2018-07-11,1500-1800,DJ Stace,DJ Stace,King Tuff,Neverending Sunshine,"Other, The",Sub Pop Records,
2018-07-11,1500-1800,DJ Stace,DJ Stace,Ty Segall,Every 1's A Winner,Freedom's Goblin,Drag City,
2018-07-11,1500-1800,DJ Stace,DJ Stace,T Rex,20Th Century Boy,Cd Sampler of Essential Coll.,(Unknown),
2018-07-11,1500-1800,DJ Stace,DJ Stace,Ty segall,The Slider,Ty Rex,Drag City,
2018-07-11,1500-1800,DJ Stace,DJ Stace,Eleanor Friedberger,Everything,Rebound,Frenchkiss Records,
2018-07-11,1500-1800,DJ Stace,DJ Stace,Joan as Police Woman,Damned Devotion,Damned Devotion,PIAS Recordings,
2018-07-11,1500-1800,DJ Stace,DJ Stace,Lump,Late To The Flight,Lump,Dead Oceans,
2018-07-11,1500-1800,DJ Stace,DJ Stace,Tricky,Christansands,Pre-Millennium Tension,Island Records (Modern),
2018-07-11,1500-1800,DJ Stace,DJ Stace,Mazzy Star,So Tonight That I Might See (Ascension Version),Still,Rhymes Of An Hour Records,
2018-07-11,1500-1800,DJ Stace,DJ Stace,Acetone,Louise,1992-2001,Light In The Attic Records,
2018-07-11,1500-1800,DJ Stace,DJ Stace,Cat Power,Cross Bones Style,Moon Pix,Matador Records,
2018-07-11,1500-1800,DJ Stace,DJ Stace,Goat Girl,Viper Fish,Goat Girl,Rough Trade,
2018-07-11,1500-1800,DJ Stace,DJ Stace,Pj Harvey,Near The Memorials To Vietnam And Lincoln,"Hope Six Demolition Project , The",Island Records,
2018-07-11,1500-1800,DJ Stace,DJ Stace,The Body,"Blessed, Alone","I Have Fought Against It, But I Can’T Any Longer.",Thrill Jockey Records,
2018-07-11,1500-1800,DJ Stace,DJ Stace,Father John Misty,Trump's Private Pilot (Father John Misty Version),Too Dumb for Suicide: Tim Heidecker's Trump Songs,Jagjaguwar,
2018-07-11,1500-1800,DJ Stace,DJ Stace,Stephen Malkmus & The Jicks,Shiggy,Sparkle Hard,Matador Records,
2018-07-11,1500-1800,DJ Stace,DJ Stace,La Luz,California Finally,Floating Features,Hardly Art,
2018-07-11,1500-1800,DJ Stace,DJ Stace,Caroline Rose,Soul No. 5,Loner,New West Records,
2018-07-04,1500-1800,DJ Stace,DJ Stace,Grifters,Bronze Cast,Crappin' You Negative,Shangri-La Records,
2018-07-04,1500-1800,DJ Stace,DJ Stace,Caroline Rose,Cry!,Loner,New West Records,
2018-07-04,1500-1800,DJ Stace,DJ Stace,Fu Manchu,Laserbl'ast!,"Action Is Go, the",Mammoth Records,
2018-07-04,1500-1800,DJ Stace,DJ Stace,Saline,"Buy High, Sell Low",You Did It To Yourself,Perfect Attendance Records,
2018-07-04,1500-1800,DJ Stace,DJ Stace,Ty Segall,My Lady's On Fire,Freedom's Goblin,Drag City,
2018-07-04,1500-1800,DJ Stace,DJ Stace,Stephen Malkmus & The Jicks,Future Suite,Sparkle Hard,Matador Records,
2018-07-04,1500-1800,DJ Stace,DJ Stace,Brant Bjork,Toot,Jalamanta,Man's Ruin Records,
2018-07-04,1500-1800,DJ Stace,DJ Stace,José González & The Brite Lites,Killing for Love,José González & The Brite Lites At Svenska Grammofonstudion,Mute,
2018-07-04,1500-1800,DJ Stace,DJ Stace,Lump,Late To The Flight,Lump,Dead Oceans,
2018-07-04,1500-1800,DJ Stace,DJ Stace,Lera Lynn,Wolf Like Me (feat. Shovels & Rope),Plays Well with Others,Single Lock Records,
2018-07-04,1500-1800,DJ Stace,DJ Stace,Father John Misty,Disappointing Diamonds Are The Rarest Of Them All,God's Favorite Customer,Sub Pop Records,
2018-07-04,1500-1800,DJ Stace,DJ Stace,the Beta Band,Dry the Rain,"Three E.P.'s, the",Emi Records,
2018-07-04,1500-1800,DJ Stace,DJ Stace,Francisco Y Madero,Jet Set (Feat. Turning Torso),Amor De Lejos,Self-Release,
2018-07-04,1500-1800,DJ Stace,DJ Stace,Parquet Courts,Freebird Ii,Wide Awake!,Rough Trade Records,
2018-07-04,1500-1800,DJ Stace,DJ Stace,The Decemberists,Once In My Life,I'll Be Your Girl,Capitol Records,
2018-07-04,1500-1800,DJ Stace,DJ Stace,Devendra Banhart,Korean Dogwood,Cripple Crow,Xl Recordings,
2018-07-04,1500-1800,DJ Stace,DJ Stace,Keeps,Translucent Girl,Brief Spirit,Old Flame Records,
2018-07-04,1500-1800,DJ Stace,DJ Stace,Echo & The Bunnymen,The Killing Moon,Songs To Learn & Sing,Korova Records,
2018-07-04,1500-1800,DJ Stace,DJ Stace,Caroline Rose,Soul No. 5,Loner,New West Records,
2018-07-04,1500-1800,DJ Stace,DJ Stace,The Mynabirds,Be Here Now,Be Here Now,Saddle Creek,
2018-07-04,1500-1800,DJ Stace,DJ Stace,King Tuff,Neverending Sunshine,"Other, The",Sub Pop Records,
2018-07-04,1500-1800,DJ Stace,DJ Stace,Morphine,Buena,Cure for Pain,Rykodisc,
2018-07-04,1500-1800,DJ Stace,DJ Stace,Fireproof Sam And The Network Stars,Tryna Be Bolth,Get Passive,Timber Trout Recordings,
2018-07-04,1500-1800,DJ Stace,DJ Stace,Sheer Mag,Expect The Bayonet,Need To Feel Your Love,Wilsun Rc,
2018-07-04,1500-1800,DJ Stace,DJ Stace,Father John Misty,Trump's Private Pilot (Father John Misty Version),Too Dumb for Suicide: Tim Heidecker's Trump Songs,Jagjaguwar,
2018-07-04,1500-1800,DJ Stace,DJ Stace,Eleanor Friedberger,Make Me A Song,Rebound,Frenchkiss Records,
2018-07-04,1500-1800,DJ Stace,DJ Stace,Daniele Luppi & Parquet Courts,Soul And Cigarette,Milano,30th Century Records/Columbia,
2018-07-04,1500-1800,DJ Stace,DJ Stace,Spoon,Lines In The Suit,Girls Can Tell,Merge Records,
2018-07-04,1500-1800,DJ Stace,DJ Stace,Courtney Barnett,"Nameless, Faceless",Tell Me How You Really Feel,Milk!,
2018-07-04,1500-1800,DJ Stace,DJ Stace,Moron's Morons,Ss Girls,Indecent Exposure Ep,Slovenly Recordings,
2018-07-04,1500-1800,DJ Stace,DJ Stace,Nebula,I Need Somebody,To the Center,Sub Pop Records,
2018-07-04,1500-1800,DJ Stace,DJ Stace,Queens of the Stone Age,How to Handle a Rope,Queens Of The Stone Age,Loosegroove Records,
2018-07-04,1500-1800,DJ Stace,DJ Stace,Guided By Voices,Space Gun,Space Gun,Gbv Records,
2018-07-04,1500-1800,DJ Stace,DJ Stace,"Lee Harvey Oswald,The",Surrender Earthlings,Blastronaut,Touch and Go,
2018-07-04,1500-1800,DJ Stace,DJ Stace,Goat Girl,Viper Fish,Goat Girl,Rough Trade,
2018-07-04,1500-1800,DJ Stace,DJ Stace,Big Thief,Shark Smile,Capacity,Saddle Creek,
2018-07-04,1500-1800,DJ Stace,DJ Stace,Priests,Suck/Obsessed With The Police (Kag Remix),Suck: Extended Mix & Remixes,Sister Polygon Records,
2018-07-04,1500-1800,DJ Stace,DJ Stace,Balkan Beat Box,Chin Chin,Shout It Out,Digital Monkey,
2018-07-04,1500-1800,DJ Stace,DJ Stace,Wooden Shjips,Eclipse,V,Thrill Jockey Records,
2018-07-04,1500-1800,DJ Stace,DJ Stace,Okkervil River,Pulled Up the Ribbon,Pulled Up the Ribbon,ATO Records,
2018-07-04,1500-1800,DJ Stace,DJ Stace,Caroline Rose,Money,Loner,New West Records,
2018-07-04,1500-1800,DJ Stace,DJ Stace,The Essex Green,Waikiki,Hardly Electronic,Merge Records,
2018-07-04,1500-1800,DJ Stace,DJ Stace,Woodie Guthrie,This Land is Your Land,The Asch Recordings Vol. 1.,Smithsonian Folkways records,
2018-06-27,1500-1800,DJ Stace,DJ Stace,Grifters,Bronze Cast,Crappin' You Negative,Shangri-La Records,
2018-06-27,1500-1800,DJ Stace,DJ Stace,Goat Girl,Slowly Reclines,Goat Girl,Rough Trade,
2018-06-27,1500-1800,DJ Stace,DJ Stace,Father John Misty,Disappointing Diamonds Are The Rarest Of Them All,God's Favorite Customer,Sub Pop Records,
2018-06-27,1500-1800,DJ Stace,DJ Stace,Father John Misty,God's Favorite Customer,God's Favorite Customer,Sub Pop Records,
2018-06-27,1500-1800,DJ Stace,DJ Stace,Father John Misty,Donald Trump's Private Pilot,Too Dumb for Suicide: Tim Heidecker's Trump Songs,Jagjaguwar,
2018-06-27,1500-1800,DJ Stace,DJ Stace,Parquet Courts,Violence,Wide Awake!,Rough Trade Records,
2018-06-27,1500-1800,DJ Stace,DJ Stace,Francisco Y Madero,Jet Set (Feat. Turning Torso),Amor De Lejos,Self-Release,
2018-06-27,1500-1800,DJ Stace,DJ Stace,Brian Jonestown Massacre,Wisdom,Methodrone,Asphodel,
2018-06-27,1500-1800,DJ Stace,DJ Stace,Frankie Cosmos,Jesse,Vessel,Sub Pop Records,
2018-06-27,1500-1800,DJ Stace,DJ Stace,Tindersticks,My Sister,Tindersticks,Polygram Records (Modern),
2018-06-27,1500-1800,DJ Stace,DJ Stace,Caroline Rose,Money,Loner,New West Records,
2018-06-27,1500-1800,DJ Stace,DJ Stace,The Spores,Private Jet,doom pop,SideCho Records,
2018-06-27,1500-1800,DJ Stace,DJ Stace,U.S. Girls,Velvet 4 Sale,In A Poem Unlimited,4AD,
2018-06-27,1500-1800,DJ Stace,DJ Stace,Lera Lynn,Wolf Like Me (feat. Shovels & Rope),Plays Well with Others,Single Lock Records,
2018-06-27,1500-1800,DJ Stace,DJ Stace,Mazzy Star,"Quiet, The Winter Harbor",Still,Rhymes Of An Hour Records,
2018-06-27,1500-1800,DJ Stace,DJ Stace,Acetone,Louise,1992-2001,Light In The Attic Records,
2018-06-27,1500-1800,DJ Stace,DJ Stace,Iron & Wine,Love Vigilantes,Around The Well,Sub Pop Records,
2018-06-27,1500-1800,DJ Stace,DJ Stace,Galaxie 500,Ceremony,On Fire,Rykodisc,
2018-06-27,1500-1800,DJ Stace,DJ Stace,Queens of the Stone Age,Goodbye Yellow Brick Road,Revamp: The Songs of Elton John & Bernie Taupin,Virgin EMI Records,
2018-06-27,1500-1800,DJ Stace,DJ Stace,King Tuff,Neverending Sunshine,"Other, The",Sub Pop Records,
2018-06-27,1500-1800,DJ Stace,DJ Stace,Haxxan,Hunter,"Magnificent Planet Of Alien Vampiro Ii Lp, The",Slovenly Recordings,
2018-06-27,1500-1800,DJ Stace,DJ Stace,Black Pistol Fire,Lost Cause,Deadbeat Graffiti,Rifle Bird Records,
2018-06-27,1500-1800,DJ Stace,DJ Stace,Courtney Barnett,"Nameless, Faceless",Tell Me How You Really Feel,Milk!,
2018-06-27,1500-1800,DJ Stace,DJ Stace,Superchunk,What A Time To Be Alive,What A Time To Be Alive,Merge Records,
2018-06-27,1500-1800,DJ Stace,DJ Stace,Sheer Mag,Expect The Bayonet,Need To Feel Your Love,Wilsun Rc,
2018-06-27,1500-1800,DJ Stace,DJ Stace,Ty Segall,My Lady's On Fire,Freedom's Goblin,Drag City,
2018-06-27,1500-1800,DJ Stace,DJ Stace,Smashing Pumpkins,Cherub Rock,Siamese Dream,Virgin Records/Ace,
2018-06-27,1500-1800,DJ Stace,DJ Stace,Animal Collective,My Girls,Merriweather Post Pavilion,Domino Recording Company,
2018-06-27,1500-1800,DJ Stace,DJ Stace,La Luz,Walking Into The Sun,Floating Features,Hardly Art,
2018-06-27,1500-1800,DJ Stace,DJ Stace,Tom Waits,Temptation,Franks Wild Years,Island Records,
2018-06-27,1500-1800,DJ Stace,DJ Stace,Wooden Shjips,Eclipse,V,Thrill Jockey Records,
2018-06-27,1500-1800,DJ Stace,DJ Stace,Okkervil River,Pulled Up the Ribbon,Pulled Up the Ribbon,ATO Records,
2018-06-27,1500-1800,DJ Stace,DJ Stace,Saline,Fast And Great,You Did It To Yourself,Perfect Attendance Records,
2018-06-27,1500-1800,DJ Stace,DJ Stace,Guided By Voices,Space Gun,Space Gun,Gbv Records,
2018-06-27,1500-1800,DJ Stace,DJ Stace,Palm,Forced Hand,Rock Island,Carpark Records,
2018-06-27,1500-1800,DJ Stace,DJ Stace,Car Seat Headrest,Drunk Drivers/Killer Whales (Single Version),Drunk Drivers/Killer Whales (Single Version),Matador Records,
2018-06-27,1500-1800,DJ Stace,DJ Stace,Saint Karloff,Space Junkie,All Heed The Black God,Twin Earth,
2018-06-27,1500-1800,DJ Stace,DJ Stace,Parquet Courts,Freebird II,Wide Awake!,Rough Trade Records,
2018-06-27,1500-1800,DJ Stace,DJ Stace,Dj Female Convict Scorpion,The Beastie Boys,Clash-Ups V,Self-Release,
2018-06-20,1500-1700,DJ Stace,DJ Stace,Grifters,Bronze Cast,Crappin' You Negative,Shangri-La Records,
2018-06-20,1500-1700,DJ Stace,DJ Stace,Father John Misty,When The God Of Love Returns There'll Be Hell To Pay,Pure Comedy,Sub Pop Records,
2018-06-20,1500-1700,DJ Stace,DJ Stace,Father John Misty,Donald Trump's Private Pilot,Too Dumb for Suicide: Tim Heidecker's Trump Songs,Jagjaguwar,
2018-06-20,1500-1700,DJ Stace,DJ Stace,Wooden Shjips,Golden Flower,V,Thrill Jockey Records,
2018-06-20,1500-1700,DJ Stace,DJ Stace,The Black Angels,Black Grease,Passover,Light In The Attic Records,
2018-06-20,1500-1700,DJ Stace,DJ Stace,The Coathangers,Down Down,Nosebleed Weekend,Suicide Squeeze Records,
2018-06-20,1500-1700,DJ Stace,DJ Stace,La Luz,California Finally,Floating Features,Hardly Art,
2018-06-20,1500-1700,DJ Stace,DJ Stace,Courtney Barnett,"Nameless, Faceless",Tell Me How You Really Feel,Milk!,
2018-06-20,1500-1700,DJ Stace,DJ Stace,U.S. Girls,Pearly Gates,In A Poem Unlimited,4AD,
2018-06-20,1500-1700,DJ Stace,DJ Stace,"Spencer, Jon Blues Explosion",2KINDSA Love,Now I Got Worry,Matador Records,
2018-06-20,1500-1700,DJ Stace,DJ Stace,Nathaniel Rateliff & The Night Sweats,A Little Honey,Tearing At The Seams,Stax Records,
2018-06-20,1500-1700,DJ Stace,DJ Stace,The Arcs,Fool's Gold,30th Century Records Compilation Volume 1,30th Century Records,
2018-06-20,1500-1700,DJ Stace,DJ Stace,The Pleasure Routine,Ruins,Sugar Mountain,Self-Release,
2018-06-20,1500-1700,DJ Stace,DJ Stace,El Pan Blanco,Corredor Callejero,Droga,Just Send Nudes,
2018-06-20,1500-1700,DJ Stace,DJ Stace,Ty Segall,Every 1's A Winner,Freedom's Goblin,Drag City,
2018-06-20,1500-1700,DJ Stace,DJ Stace,Queens of the Stone Age,Goodbye Yellow Brick Road,Revamp: The Songs of Elton John & Bernie Taupin,Island Records,
2018-06-20,1500-1700,DJ Stace,DJ Stace,Ride,Catch You Dreaming,Tomorrow's Shore,Wichita Recordings,
2018-06-20,1500-1700,DJ Stace,DJ Stace,Devo,(I Can't Get No) Satisfaction,Q: Are We Not Men? A: We Are Devo!,Warner Bros. Records,
2018-06-20,1500-1700,DJ Stace,DJ Stace,Guided by Voices,Space Gun,Space Gun,Guided by Voices Inc.,
2018-06-20,1500-1700,DJ Stace,DJ Stace,Superchunk,What A Time To Be Alive,What A Time To Be Alive,Merge Records,
2018-06-20,1500-1700,DJ Stace,DJ Stace,The Dirtbombs,Underdog,Ultraglide In Black,In the Red Records,
2018-06-20,1500-1700,DJ Stace,DJ Stace,Father John Misty,Mr. Tillman,God's Favorite Customer,Sub Pop Records,
2018-06-20,1500-1700,DJ Stace,DJ Stace,Ramones,Blitzkrieg Bop,Anthology - Hey Ho Let's Go!,Rhino Records,
2018-06-20,1500-1700,DJ Stace,DJ Stace,The Stooges,I Wanna Be Your Dog,"Stooges, The", Uncrowned City,
2018-06-20,1500-1700,DJ Stace,DJ Stace,Sheer Mag,Expect The Bayonet,Need To Feel Your Love,Wilsun Rc,
2018-06-20,1500-1700,DJ Stace,DJ Stace,King Tuff,Raindrop Blue,"Other, The",Sub Pop Records,
2018-06-20,1500-1700,DJ Stace,DJ Stace,Okkervil River,Pulled Up the Ribbon,Pulled Up the Ribbon,unknown,
2018-06-13,1500-1700,DJ Stace,DJ Stace,Grifters,Bronze Cast,Crappin' You Negative,Shangri-La Records,
2018-06-13,1500-1700,DJ Stace,DJ Stace,King Tuff,Raindrop Blue,The Other,Sub Pop,
2018-06-13,1500-1700,DJ Stace,DJ Stace,Fishboy,Fast Foodie,Art Guards,Lauren Records,
2018-06-13,1500-1700,DJ Stace,DJ Stace,Fasther John Misty,Date Night,God's Favorite Customer,Sub Pop,
2018-06-13,1500-1700,DJ Stace,DJ Stace,Ryan Adams,Juli,Prisoner B-Sides,Paxam Records,
2018-06-13,1500-1700,DJ Stace,DJ Stace,The Pleasure Routine,Two Artists,Sugar Mountain,Self-Release,
2018-06-13,1500-1700,DJ Stace,DJ Stace,Frankie Cosmos,Jesse,Vessel,Sub Pop Records,
2018-06-13,1500-1700,DJ Stace,DJ Stace,Queens of the Stone Age,Goodbye Yellow Brick Road,Revamp: The Songs of Elton John & Bernie Taupin,Virgin EMI Records,
2018-06-13,1500-1700,DJ Stace,DJ Stace,The Spores,Private Jet,doom pop,SideCho Records,
2018-06-13,1500-1700,DJ Stace,DJ Stace,Archie And The Bunkers,The Roaring 20's,Songs From The Lodge,Dirty Water Records,
2018-06-13,1500-1700,DJ Stace,DJ Stace,Stiff Little Fingers,Alternative Ulster,All The Best,One Way Records,
2018-06-13,1500-1700,DJ Stace,DJ Stace,The Naked Sun,Holdin' Back The Heart,War With Shadows,Self Release,
2018-06-13,1500-1700,DJ Stace,DJ Stace,The Dead Heavens,Adderall Highway,Whatever Witch You Are,Caroline Records,
2018-06-13,1500-1700,DJ Stace,DJ Stace,Superchunk,What A Time To Be Alive,What A Time To Be Alive,Merge Records,
2018-06-13,1500-1700,DJ Stace,DJ Stace,Sheer Mag,Need To Feel Your Love,Need To Feel Your Love,Wilsun Rc,
2018-06-13,1500-1700,DJ Stace,DJ Stace,The Jam,Town Called Malice,"Gift, The",Polydor Ltd.,
2018-06-13,1500-1700,DJ Stace,DJ Stace,Westpark,The Ghost Inside,Simple Thoughts,Self-Release,
2018-06-13,1500-1700,DJ Stace,DJ Stace,Violent Femmes,Big Car,We Can Do Anything,Pias America,
2018-06-13,1500-1700,DJ Stace,DJ Stace,The Psychedelic Furs,All That Money Wants,All Of This And Nothing,Columbia,
2018-06-13,1500-1700,DJ Stace,DJ Stace,Ty Segall,Every 1's A Winner,Freedom's Goblin,Drag City,
2018-06-13,1500-1700,DJ Stace,DJ Stace,Seu Jorge,Life on Mars,The Life Aquatic Studio Sessions,Hollywood Records,
2018-06-13,1500-1700,DJ Stace,DJ Stace,David Bowie,The Man Who Sold The World,"Man Who Sold The World, The",Rykodisc,
2018-06-13,1500-1700,DJ Stace,DJ Stace,Mazzy Star,That Way Again,Still,Rhymes Of An Hour Records,
2018-06-13,1500-1700,DJ Stace,DJ Stace,Big Thief,Shark Smile,Capacity,Saddle Creek,
2018-06-13,1500-1700,DJ Stace,DJ Stace,Yo La Tengo,For You Too,There's A Riot Going On,Matador Records,
2018-06-13,1500-1700,DJ Stace,DJ Stace,Okkervil River,Pulled Up the Ribbon,Pulled Up the Ribbon,ATO Records,
2018-06-13,1500-1700,DJ Stace,DJ Stace,Hatchie,Sugar & Spice,Sugar & Spice,Double Double Whammy,
2018-06-13,1500-1700,DJ Stace,DJ Stace,Courtney Barnett,"Nameless, Faceless",Tell Me How You Really Feel,Matador Records,
2018-06-13,1500-1700,DJ Stace,DJ Stace,Wooden Shjips,Eclipse,V,Thrill Jockey Records,
2018-06-13,1500-1700,DJ Stace,DJ Stace,Father John Misty,Donald Trump's Private Pilot,Too Dumb for Suicide: Tim Heidecker's Trump Songs,Jagjaguwar,
2018-06-13,1500-1700,DJ Stace,DJ Stace,Guided by Voices,Space Gun,Space Gun,Guided by Voices Inc.,
2018-06-06,1500-1700,DJ Stace,DJ Stace,Grifters,Bronze Cast,Crappin' You Negative,Shangri-La Records,
2018-06-06,1500-1700,DJ Stace,DJ Stace,Queens of the Stone Age,Goodbye Yellow Brick Road,Revamp: The Songs of Elton John & Bernie Taupin,Virgin EMI Records,
2018-06-06,1500-1700,DJ Stace,DJ Stace,Sloan,Spin Our Wheels,Sloan 12,Yep Roc Records,
2018-06-06,1500-1700,DJ Stace,DJ Stace,Father John Misty,Date Night,God's Best Customer,Matador Records,
2018-06-06,1500-1700,DJ Stace,DJ Stace,La Luz,California Finally,Floating Features,Hardly Art,
2018-06-06,1500-1700,DJ Stace,DJ Stace,Weathered Statues,Sabbat,Borderlands,Svart,
2018-06-06,1500-1700,DJ Stace,DJ Stace,Yo La Tengo,Let's Do It Wrong,There's A Riot Going On,Matador Records,
2018-06-06,1500-1700,DJ Stace,DJ Stace,Superchunk,I Got Cut,What A Time To Be Alive,Merge Records,
2018-06-06,1500-1700,DJ Stace,DJ Stace,Courtney Barnett,"Nameless, Faceless",Tell Me How You Really Feel,Matador Records,
2018-06-06,1500-1700,DJ Stace,DJ Stace,Sheer Mag,Expect The Bayonet,Need To Feel Your Love,Wilsun Rc,
2018-06-06,1500-1700,DJ Stace,DJ Stace,Guided by Voices,Space Gun,Space Gun,Guided by Voices Inc.,
2018-06-06,1500-1700,DJ Stace,DJ Stace,Hovvdy,In The Sun,Cranberry,Double Double Whammy,
2018-06-06,1500-1700,DJ Stace,DJ Stace,Pedro the Lion,When They Really Get to K...,It's Hard to Find a Friend,Made in Mexico,
2018-06-06,1500-1700,DJ Stace,DJ Stace,Soccer Mommy,Still Clean,Clean,Fat Possum Records,
2018-06-06,1500-1700,DJ Stace,DJ Stace,King Tuff,Raindrop Blue,The Other,Sub Pop,
2018-06-06,1500-1700,DJ Stace,DJ Stace,Leon Bridges,Beyond,Good Thing,Columbia,
2018-06-06,1500-1700,DJ Stace,DJ Stace,Wooden Shjips,Eclipse,V,Thrill Jockey Records,
2018-06-06,1500-1700,DJ Stace,DJ Stace,Las Rosas,Christa,Shadow By Your Side,Greenway Records,
2018-06-06,1500-1700,DJ Stace,DJ Stace,Built To Spill,Wherever You Go,You In Reverse,Warner Brothers (Modern),
2018-06-06,1500-1700,DJ Stace,DJ Stace,Father John Misty,Trump's Private Pilot (Father John Misty Version),Too Dumb for Suicide: Tim Heidecker's Trump Songs,Jagjaguwar,
2018-06-06,1500-1700,DJ Stace,DJ Stace,Frankie Cosmos,Jesse,Vessel,Sub Pop Records,
2018-06-06,1500-1700,DJ Stace,DJ Stace,Violent Femmes,Blister in the Sun,Add It Up,Slash Records,
2018-06-06,1500-1700,DJ Stace,DJ Stace,Once & Future Band,Destroy Me,Brain,Mouth Magazine,
2018-06-06,1500-1700,DJ Stace,DJ Stace,The Coathangers,Down Down,Nosebleed Weekend,Suicide Squeeze Records,
2018-06-06,1500-1700,DJ Stace,DJ Stace,Ty Segall,My Lady's On Fire,Freedom's Goblin,Drag City,
2018-06-06,1500-1700,DJ Stace,DJ Stace,Spoon,Lines In The Suit,Girls Can Tell,Merge Records,
2018-06-06,1500-1700,DJ Stace,DJ Stace,Westpark,The Ghost Inside,Simple Thoughts,Self-Release,
2018-06-06,1500-1700,DJ Stace,DJ Stace,Alt-J,Left Hand Free,This Is All Yours,Infectious,
2018-05-23,1500-1700,DJ Stace,DJ Stace,Grifters,Bronze Cast,Crappin' You Negative,Shangri-La Records,
2018-05-23,1500-1700,DJ Stace,DJ Stace,Father John Misty,Mr. Tillman,Mr. Tillman,Matador Records,
2018-05-23,1500-1700,DJ Stace,DJ Stace,The Naked Sun,Lizard Brain,War With Shadows,Self Release,
2018-05-23,1500-1700,DJ Stace,DJ Stace,My Morning Jacket,Mahgeetah,It Still Moves (Deluxe Reissue),Ato Records,
2018-05-23,1500-1700,DJ Stace,DJ Stace,Yo La Tengo,Let's Do It Wrong,There's A Riot Going On,Matador Records,
2018-05-23,1500-1700,DJ Stace,DJ Stace,Yo La Tengo,Autumn Sweater,I Can Hear the Heart Beating,Matador Records,
2018-05-23,1500-1700,DJ Stace,DJ Stace,Car Seat Headrest,Sober To Death,Twin Fantasy,Matador Records,
2018-05-23,1500-1700,DJ Stace,DJ Stace,Car Seat Headrest,Drunk Drivers/Killer Whales (Single Version),Drunk Drivers/Killer Whales (Single Version),Matador Records,
2018-05-23,1500-1700,DJ Stace,DJ Stace,Ty Segall,Every 1's A Winner,Freedom's Goblin,Drag City,
2018-05-23,1500-1700,DJ Stace,DJ Stace,Guided by Voices,Spacegun,Spacegun,Guided by Voices Inc.,
2018-05-23,1500-1700,DJ Stace,DJ Stace,The Dahmers,Without A Face,Creepiest Creep,Lovely Records,
2018-05-23,1500-1700,DJ Stace,DJ Stace,Courtney Barnett,"Nameless, Faceless",Tell Me How You Really Feel,Mom + Pop Music,
2018-05-23,1500-1700,DJ Stace,DJ Stace,Goat Girl,Burn The Stake,Goat Girl,Rough Trade,
2018-05-23,1500-1700,DJ Stace,DJ Stace,Maidavale,She Is Gone,Madness Is Too Pure,The Sign Records,
2018-05-23,1500-1700,DJ Stace,DJ Stace,Jane's Addiction,Mountain Song,Nothing's Shocking,Warner Bros. Records,
2018-05-23,1500-1700,DJ Stace,DJ Stace,Titus Andronicus,Above The Bodega (Local Business),A Productive Cough,Merge Records,
2018-05-23,1500-1700,DJ Stace,DJ Stace,Devo,Time Out For Fun,"Oh, No! It's Devo",Warner Bros. Records,
2018-05-23,1500-1700,DJ Stace,DJ Stace,La Luz,California Finally,Floating Features,Hardly Art,
2018-05-23,1500-1700,DJ Stace,DJ Stace,Queens of the Stone Age,Goodbye Yellow Brick Road,Revamp: The Songs of Elton John & Bernie Taupin,Virgin EMI Records,
2018-05-23,1500-1700,DJ Stace,DJ Stace,Frankie Cosmos,Jesse,Vessel,Sub Pop Records,
2018-05-23,1500-1700,DJ Stace,DJ Stace,Leon Bridges,Beyond,Beyond,Columbia Records,
2018-05-23,1500-1700,DJ Stace,DJ Stace,Soccer Mommy,Last Girl,Clean,Fat Possum Records,
2018-05-23,1500-1700,DJ Stace,DJ Stace,King Tuff,Raindrop Blue,The Other,Sub Pop Records,
2018-05-23,1500-1700,DJ Stace,DJ Stace,Teenage Wrist,Dweeb,Chrome Neon Jesus,Epitaph Records,
2018-05-23,1500-1700,DJ Stace,DJ Stace,Forty Nineteens,Purple Microdot,Good Fortune,Kool Kat Musik,
2018-05-23,1500-1700,DJ Stace,DJ Stace,the Faith Healers,This Time,Lido,Elektra Records (Local),
2018-05-23,1500-1700,DJ Stace,DJ Stace,Westpark,The Ghost Inside,Simple Thoughts,Self-Release,
2018-05-23,1500-1700,DJ Stace,DJ Stace,Frankie Cosmos,My Phone,Vessel,Sub Pop Records,
2018-05-23,1500-1700,DJ Stace,DJ Stace,Chicano Batman,Passed You By,Freedom Is Free,Ato Records,
2018-05-09,1500-1700,DJ Stace,DJ Stace,Grifters,Bronze Cast,Crappin' You Negative,Shangri-La Records,
2018-05-09,1500-1700,DJ Stace,DJ Stace,Courtney Barnett,City Looks Pretty,City Looks Pretty (single),Matador Records,
2018-05-09,1500-1700,DJ Stace,DJ Stace,Hookworms,Ullswater,Microshift,Domino,
2018-05-09,1500-1700,DJ Stace,DJ Stace,Queens of the Stone Age,Goodbye Yellow Brick Road,Revamp: The Songs of Elton John & Bernie Taupin,Virgin Records America,
2018-05-09,1500-1700,DJ Stace,DJ Stace,Ty Segall,My Lady's On Fire,Freedom's Goblin,Drag City,
2018-05-09,1500-1700,DJ Stace,DJ Stace,13th Floor Elevators,You're Gonna Miss Me,Absolutely The Best Of The 13th Floor Elevators,Fuel 2000,
2018-05-09,1500-1700,DJ Stace,DJ Stace,Chicano Batman,Passed You By,Freedom Is Free,Ato Records,
2018-05-09,1500-1700,DJ Stace,DJ Stace,Moaning,Close,Moaning,Sub Pop Records,
2018-05-09,1500-1700,DJ Stace,DJ Stace,Cigarettes After Sex,Sweet,Cigarettes After Sex,Partisan Records,
2018-05-09,1500-1700,DJ Stace,DJ Stace,Soccer Mommy,Last Girl,Clean,Fat Possum Records,
2018-05-09,1500-1700,DJ Stace,DJ Stace,Car Seat Headrest,Drunk Drivers/Killer Whales (Single Version),Drunk Drivers/Killer Whales (Single Version),Matador Records,
2018-05-09,1500-1700,DJ Stace,DJ Stace,Love And Rockets,Motorcycle,Love And Rockets,Beggars Banquet,
2018-05-09,1500-1700,DJ Stace,DJ Stace,Link Wray,Whole Lotta Talking,Whole Lotta Talking,Easy Eye Sound,
2018-05-09,1500-1700,DJ Stace,DJ Stace,Flight of the Conchords,Business Time,Flight of the Conchords,SubPop,
2018-05-09,1500-1700,DJ Stace,DJ Stace,Savoy Motel,Sorry People,Savoy Motel,What's Your Rupture?,
2018-05-09,1500-1700,DJ Stace,DJ Stace,The Moonlandingz,Lufthansa Man,Interplanetary Class Classics,Chimera Music,
2018-05-09,1500-1700,DJ Stace,DJ Stace,King Tuff,Raindrop Blue,The Other,Sub Pop,
2018-05-09,1500-1700,DJ Stace,DJ Stace,Yo La Tengo,Autumn Sweater,I Can Hear the Heart Beating,Matador Records,
2018-05-09,1500-1700,DJ Stace,DJ Stace,Yo La Tengo,Let's Do It Wrong,There's A Riot Going On,Matador Records,
2018-05-09,1500-1700,DJ Stace,DJ Stace,Hovvdy,In The Sun,Cranberry,Double Double Whammy,
2018-05-09,1500-1700,DJ Stace,DJ Stace,Father John Misty,Mr. Tillman,Mr. Tillman,Sub Pop,
2018-05-09,1500-1700,DJ Stace,DJ Stace,Spoon,I Turn My Camera on,Gimme Fiction,Merge Records,
2018-05-09,1500-1700,DJ Stace,DJ Stace,The Breeders,Spacewoman,All Nerve,4AD,
2018-05-09,1500-1700,DJ Stace,DJ Stace,Belle And Sebastian,A Plague On Other Boys,How To Solve Our Human Problems,Matador Records,
2018-05-09,1500-1700,DJ Stace,DJ Stace,Neutral Milk Hotel,The King of Carrot Flowers P,In the Aeroplane Over the Sea,Merge Records,
2018-05-09,1500-1700,DJ Stace,DJ Stace,Westpark,In Cold Blood,Simple Thoughts,Self-Release,
2018-05-09,1500-1700,DJ Stace,DJ Stace,Screaming Females,Shake it Off (Taylor Swift Cover),A.V. Club Undercover,A.V. Club,
2018-05-09,1500-1700,DJ Stace,DJ Stace,Frankie Cosmos,Jesse,Vessel,Sub Pop Records,
2018-05-09,1500-1700,DJ Stace,DJ Stace,The Police,Canary In A Coalmine,Zenyatta Mondatta,A&M Records,
2018-04-25,1500-1700,DJ Stace,DJ Stace,Chicano Batman,Passed You By,Freedom Is Free,Ato Records,
2018-04-25,1500-1700,DJ Stace,DJ Stace,Ty Segall,My Lady's On Fire,Freedom's Goblin,Drag City,
2018-04-25,1500-1700,DJ Stace,DJ Stace,King Tuff,Neverending Sunshine,The Other,Matador Records,
2018-04-25,1500-1700,DJ Stace,DJ Stace,Bedhead,Bedside Table,Whatfunlifewas,Trance Syndicate Records,
2018-04-25,1500-1700,DJ Stace,DJ Stace,The New Year,Mayday,Snow,Undertow Records,
2018-04-25,1500-1700,DJ Stace,DJ Stace,Jose Gonzalez,Killing for Love (with the Brite Lites),Jose Gonzalez & the Brite Lites at Svenska Grammofonstudion,Mute,
2018-04-25,1500-1700,DJ Stace,DJ Stace,The Flaming Lips,Do You Realize??,Yoshimi Battles The Pink Robots,Warner Brothers (Modern),
2018-04-25,1500-1700,DJ Stace,DJ Stace,Elliott Smith,A Fond Farewell,From a Basement on the Hill,Anti-,
2018-04-25,1500-1700,DJ Stace,DJ Stace,Yo La Tengo,Black Flowers,I Am Not Afraid Of You And I Will Beat Your Ass,Matador Records,
2018-04-25,1500-1700,DJ Stace,DJ Stace,Father John Misty,In Twenty Years Or So,Pure Comedy,Sub Pop Records,
2018-04-25,1500-1700,DJ Stace,DJ Stace,Yo La Tengo,Let's Do It Wrong,There's A Riot Going On,Matador Records,
2018-04-25,1500-1700,DJ Stace,DJ Stace,Hater,Blushing,Red Blinders,Fire Records,
2018-04-25,1500-1700,DJ Stace,DJ Stace,Westpark,The Ghost Inside,Simple Thoughts,Self-Release,
2018-04-25,1500-1700,DJ Stace,DJ Stace,Titus Andronicus,Above The Bodega (Local Business),A Productive Cough,Merge Records,
2018-04-25,1500-1700,DJ Stace,DJ Stace,Queens of the Stone Age,Goodbye Yellow Brick Road,Revamp: The Songs of Elton John & Bernie Taupin,Island Records,
2018-04-25,1500-1700,DJ Stace,DJ Stace,Eagles of Death Metal,San Berdoo Sunburn,Peace Love Death Metal,AntAcidAudio,
2018-04-25,1500-1700,DJ Stace,DJ Stace,Belle And Sebastian,I'll Be Your Pilot,How To Solve Our Human Problems,Matador Records,
2018-04-25,1500-1700,DJ Stace,DJ Stace,Courtney Barnett,City Looks Pretty,City Looks Pretty (single),Milk!,
2018-04-25,1500-1700,DJ Stace,DJ Stace,Joey Agresta,I Dream Of Love,Let's Not Talk About Music,Wharf Cat Records,
2018-04-25,1500-1700,DJ Stace,DJ Stace,Joan as Police Woman,Warning Bell,Damned Devotion,PIAS Recordings,
2018-04-25,1500-1700,DJ Stace,DJ Stace,Maidavale,Trance,Madness Is Too Pure,The Sign Records,
2018-04-25,1500-1700,DJ Stace,DJ Stace,The Black Angels,Young Men Dead,Passover,Light In The Attic Records,
2018-04-25,1500-1700,DJ Stace,DJ Stace,Ty Segall,Fanny Dog,Freedom's Goblin,Drag City,
2018-04-25,1500-1700,DJ Stace,DJ Stace,King Tuff,Raindrop Blue,The Other,Matador Records,
2018-04-25,1500-1700,DJ Stace,DJ Stace,Spoon,The Way We Get By,Kill The Moonlight,Merge Records,
2018-04-25,1500-1700,DJ Stace,DJ Stace,Django Django,In Your Beat,Marble Skies,Ribbon Music,
2018-04-25,1500-1700,DJ Stace,DJ Stace,Neutral Milk Hotel,The King of Carrot Flowers P,In the Aeroplane Over the Sea,Merge Records,
2018-04-18,1500-1700,DJ Stace,DJ Stace,Ty Segall,Every 1's A Winner,Freedom's Goblin,Drag City,
2018-04-18,1500-1700,DJ Stace,DJ Stace,Gladys Knight & the Pips,Heard it Throught the Grapevine,Motown Remixed,Motown,
2018-04-18,1500-1700,DJ Stace,DJ Stace,Chicano Batman,Passed You By,Freedom Is Free,Ato Records,
2018-04-18,1500-1700,DJ Stace,DJ Stace,Robert Finley,Medicine Woman,Goin' Platinum!,Easy Eye Sound,
2018-04-18,1500-1700,DJ Stace,DJ Stace,Sheer Mag,Expect The Bayonet,Need To Feel Your Love,Wilsun Rc,
2018-04-18,1500-1700,DJ Stace,DJ Stace,Daddy Issues,Dog Years,Deep Dream,Infinity Cat Recordings,
2018-04-18,1500-1700,DJ Stace,DJ Stace,Nirvana,Heart-Shaped Box,Heart-Shaped Box,Geffen Records,
2018-04-18,1500-1700,DJ Stace,DJ Stace,The Breeders,Metagoth,All Nerve,4AD,
2018-04-18,1500-1700,DJ Stace,DJ Stace,R. Ring,Elder Orphans In Heavy Chop,Ignite The Rest,Sofaburn,
2018-04-18,1500-1700,DJ Stace,DJ Stace,Joan as Police Woman,Warning Bell,Damned Devotion,Reveal Records,
2018-04-18,1500-1700,DJ Stace,DJ Stace,Those Bastard Souls,The Train From Terminal Bore,Twentieth Century Chemical,Darla Records,
2018-04-18,1500-1700,DJ Stace,DJ Stace,Ought,Disgraced In America,Room Inside The World,Merge Records,
2018-04-18,1500-1700,DJ Stace,DJ Stace,Father John Misty,Mr. Tillman,Mr. Tillman,Sub Pop,
2018-04-18,1500-1700,DJ Stace,DJ Stace,Hookworms,Ullswater,Microshift,Domino,
2018-04-18,1500-1700,DJ Stace,DJ Stace,The Moonlandingz,Lufthansa Man,Interplanetary Class Classics,Chimera Music,
2018-04-18,1500-1700,DJ Stace,DJ Stace,King Tuff,Neverending Sunshine,King Tuff,Sub Pop,
2018-04-18,1500-1700,DJ Stace,DJ Stace,Ty Segall,My Lady's On Fire,Freedom's Goblin,Drag City,
2018-04-18,1500-1700,DJ Stace,DJ Stace,Belle And Sebastian,We Were Beautiful,How To Solve Our Human Problems,Matador Records,
2018-04-18,1500-1700,DJ Stace,DJ Stace,Fu Manchu,Intelligent Worship,Clone Of The Universe,At The Dojo,
2018-04-18,1500-1700,DJ Stace,DJ Stace,Fu Manchu,Laserbl'ast!,"Action Is Go, the",Mammoth Records,
2018-04-18,1500-1700,DJ Stace,DJ Stace,Coilguns,Anchorite,Millenials,Self Release,
2018-04-18,1500-1700,DJ Stace,DJ Stace,Scratch Acid,Greatest Gift,"Greatest Gift, The",Touch and Go,
2018-04-18,1500-1700,DJ Stace,DJ Stace,Coke,Da Da,Ep,Text Me,
2018-04-18,1500-1700,DJ Stace,DJ Stace,Unsane,Factory,Sterilize,Southern Lord,
2018-04-18,1500-1700,DJ Stace,DJ Stace,Honey,Hungry,New Moody Judy,Wharf Cat Records,
2018-04-18,1500-1700,DJ Stace,DJ Stace,Black Pistol Fire,Lost Cause,Deadbeat Graffiti,Rifle Bird Records,
2018-04-18,1500-1700,DJ Stace,DJ Stace,Maidavale,She Is Gone,Madness Is Too Pure,The Sign Records,
2018-04-11,1500-1700,DJ Stace,DJ Stace,Zeal And Ardor,Devil Is Fine,Devil Is Fine,Mvka,
2018-04-11,1500-1700,DJ Stace,DJ Stace,The Myrmidons,Christine,Our Voltage,Girlsville,
2018-04-11,1500-1700,DJ Stace,DJ Stace,Sixteen Horsepower,Blakc Soul Choir,Sackcloth 'n' Ashes,A&M Records (Alternative),
2018-04-11,1500-1700,DJ Stace,DJ Stace,Lucy Dacus,Addictions,Historian,Matador Records,
2018-04-11,1500-1700,DJ Stace,DJ Stace,Ty Segall,My Lady's On Fire,Freedom's Goblin,Drag City,
2018-04-11,1500-1700,DJ Stace,DJ Stace,The Scaners,No Place In Space,"Scaners, The",Dirty Water Records,
2018-04-11,1500-1700,DJ Stace,DJ Stace,Car Seat Headrest,My Boy (Twin Fantasy),Twin Fantasy,Matador Records,
2018-04-11,1500-1700,DJ Stace,DJ Stace,Car Seat Headrest,Drunk Drivers/Killer Whales (Single Version),Drunk Drivers/Killer Whales (Single Version),Matador,
2018-04-11,1500-1700,DJ Stace,DJ Stace,Fu Manchu,Nowhere Left To Hide,Clone Of The Universe,At The Dojo,
2018-04-11,1500-1700,DJ Stace,DJ Stace,Queens Of The Stone Age,The Way You Used To Do,Villains,Matador Records,
2018-04-11,1500-1700,DJ Stace,DJ Stace,Mean Motor Scooter,Shape Shifter,Hindu Flying Machine,Dirty Water Records,
2018-04-11,1500-1700,DJ Stace,DJ Stace,The Spores,Private Jet,Doom Pop,SideCho Records,
2018-04-11,1500-1700,DJ Stace,DJ Stace,The Moonlandingz,I.D.S,Interplanetary Class Classics,Chimera Music,
2018-04-11,1500-1700,DJ Stace,DJ Stace,Black Angels,Entrance Song (Rain Dance Version),Phosgene Nightmare,Blue Horizon,
2018-04-11,1500-1700,DJ Stace,DJ Stace,The Donnas,Dancing with Myself,Pop Punk Anthems,?,
2018-04-11,1500-1700,DJ Stace,DJ Stace,Guided by Voices,Space GUn,Space Gun,Guided by Voices Inc.,
2018-04-11,1500-1700,DJ Stace,DJ Stace,Alex G,Proud,Rocket,Domino Recording Company,
2018-04-11,1500-1700,DJ Stace,DJ Stace,Uncle Acid & The Deadbeats,I'm Here To Kill You,Blood Lust,Metal Blade,
2018-04-11,1500-1700,DJ Stace,DJ Stace,Ty Segall,Every 1's A Winner,Freedom's Goblin,Drag City,
2018-04-11,1500-1700,DJ Stace,DJ Stace,Chicano Batman,Passed You By,Freedom Is Free,Ato Records,
2018-04-04,1400-1700,DJ Stace,DJ Stace,Nick Cave & the Bad Seeds,Jubilee Street,Push the Sky Away,Bad Seed Ltd.,
2018-04-04,1400-1700,DJ Stace,DJ Stace,The Breeders,Metagoth,All Nerve,4AD,
2018-04-04,1400-1700,DJ Stace,DJ Stace,Bauhaus,She's In Parties,Burning From The Inside,Beggars Banquet,
2018-04-04,1400-1700,DJ Stace,DJ Stace,Monk Parker,Crown Of Sparrows,Crown Of Sparrows,Stargazer Records,
2018-04-04,1400-1700,DJ Stace,DJ Stace,She Keeps Bees,Saturn Return,Dig On,Self-Release,
2018-04-04,1400-1700,DJ Stace,DJ Stace,Car Seat Headrest,Sober To Death,Twin Fantasy,Matador Records,
2018-04-04,1400-1700,DJ Stace,DJ Stace,Car Seat Headrest,Drunk Drivers/Killer Whales (Single Version),Drunk Drivers/Killer Whales (Single Version),Matador Records,
2018-04-04,1400-1700,DJ Stace,DJ Stace,The Moonlandingz,Lufthansa Man,Interplanetary Class Classics,Chimera Music,
2018-04-04,1400-1700,DJ Stace,DJ Stace,Devo,Beautiful World,New Traditionalists,Warner Bros. Records,
2018-04-04,1400-1700,DJ Stace,DJ Stace,Hater,Blushing,Red Blinders,Fire Records,
2018-04-04,1400-1700,DJ Stace,DJ Stace,Nouvelle Vague,Making Plans for Nigel,Nouvelle Vague,Luka Bop,
2018-04-04,1400-1700,DJ Stace,DJ Stace,Joey Agresta,Baby Girl,Let's Not Talk About Music,Wharf Cat Records,
2018-04-04,1400-1700,DJ Stace,DJ Stace,Daniele Luppi & Parquet Courts,Soul And Cigarette,Milano,30th Century Records/Columbia,
2018-04-04,1400-1700,DJ Stace,DJ Stace,Dirty Sidewalks,Never Be Alone,Bring Down The House Lights,No-Count Records,
2018-04-04,1400-1700,DJ Stace,DJ Stace,The Myrmidons,Christine,Our Voltage,Girlsville,
2018-04-04,1400-1700,DJ Stace,DJ Stace,Sky Faction,No One Else,Sky Faction,Self-Release,
2018-04-04,1400-1700,DJ Stace,DJ Stace,Frankie Cosmos,Jesse,Vessel,SubPop,
2018-04-04,1400-1700,DJ Stace,DJ Stace,Fu Manchu,Nowhere Left To Hide,Clone Of The Universe,At The Dojo,
2018-04-04,1400-1700,DJ Stace,DJ Stace,Melvins,A History of Bad Men,(A) Senile Animal,Ipecac Records,
2018-04-04,1400-1700,DJ Stace,DJ Stace,Plax,Mistake,Clean Feeling,Super Secret Records,
2018-04-04,1400-1700,DJ Stace,DJ Stace,the Jesus Lizard,The Art of Self-Defense,Liar,Touch and Go,
2018-04-04,1400-1700,DJ Stace,DJ Stace,Honey,Dream Come Now,New Moody Judy,Wharf Cat Records,
2018-04-04,1400-1700,DJ Stace,DJ Stace,Unsane,Factory,Sterilize,Southern Lord,
2018-04-04,1400-1700,DJ Stace,DJ Stace,Coke,Da Da,Ep,Text Me,
2018-04-04,1400-1700,DJ Stace,DJ Stace,Daisy Chainsaw,Dog with Sharper Teeth,Eleventeen,A&M Records (Alternative),
2018-04-04,1400-1700,DJ Stace,DJ Stace,Maidavale,She Is Gone,Madness Is Too Pure,The Sign Records,
2018-04-04,1400-1700,DJ Stace,DJ Stace,The Spores,Private Jet,Doom Pop,SideCho Records,
2018-04-04,1400-1700,DJ Stace,DJ Stace,Belle And Sebastian,We Were Beautiful,How To Solve Our Human Problems,Matador Records,
2018-04-04,1400-1700,DJ Stace,DJ Stace,Chicano Batman,Passed You By,Freedom Is Free,Ato Records,
2018-04-04,1400-1700,DJ Stace,DJ Stace,Robert Finley,If You Forget My Love,Goin' Platinum!,Easy Eye Sound,
2018-04-04,1400-1700,DJ Stace,DJ Stace,Quilt,Searching For,Plaza,Mexican Summer,
2018-04-04,1400-1700,DJ Stace,DJ Stace,Guided by Voices,Space Gun,Space Gun,Guided by Voices Inc.,
2018-04-04,1400-1700,DJ Stace,DJ Stace,Guided By Voices,Tractor Rape Chain,Bee Thousand,Matador Records,
2018-04-04,1400-1700,DJ Stace,DJ Stace,Yo La Tengo,Autumn Sweater,I Can Hear the Heart Beating,Matador Records,
2018-04-04,1400-1700,DJ Stace,DJ Stace,Vowws,Structure Of Love,Under The World,Anti Language Records,
2018-04-04,1400-1700,DJ Stace,DJ Stace,Those Bastard Souls,The Train From Terminal Bore,Twentieth Century Chemical,Darla Records,
2018-04-04,1400-1700,DJ Stace,DJ Stace,Hookworms,Opener,Microshift,Domino,
2018-04-04,1400-1700,DJ Stace,DJ Stace,Interpol,Evil,Antics,Matador Records,
2018-04-04,1400-1700,DJ Stace,DJ Stace,The Scaners,No Place In Space,"Scaners, The",Dirty Water Records,
2018-04-04,1400-1700,DJ Stace,DJ Stace,Black Pistol Fire,Beelzebub,Big Beat '59,Rifle Bird Records,
2018-04-04,1400-1700,DJ Stace,DJ Stace,Mean Motor Scooter,Shape Shifter,Hindu Flying Machine,Dirty Water Records,
2018-04-04,1400-1700,DJ Stace,DJ Stace,"Spencer, Jon Blues Explosion",2KINDSA Love,Now I Got Worry,Matador Records,
2018-04-04,1400-1700,DJ Stace,DJ Stace,Hollywood Sinners,Abuelo Del Skate,Khome Kakka,Dirty Water Records,
2018-04-04,1400-1700,DJ Stace,DJ Stace,Los Nastys,Malditos Al Nacer,Música Para El Amor Y La Guerra,Nacional Records,
2018-04-04,1400-1700,DJ Stace,DJ Stace,Cobra Man,Research Project,New Driveway,Goner Records,
2018-03-28,1400-1700,DJ Stace,DJ Stace,Zeal And Ardor,Devil Is Fine,Devil Is Fine,Mvka,
2018-03-28,1400-1700,DJ Stace,DJ Stace,Daniele Luppi & Parquet Courts,Soul And Cigarette,Milano,30th Century Records/Columbia,
2018-03-28,1400-1700,DJ Stace,DJ Stace,Built To Spill,Hindsight,There Is No Enemy,Warner Bros. Records,
2018-03-28,1400-1700,DJ Stace,DJ Stace,Hawkmoth,Mala Fide,Godless Summit,Black Bow,
2018-03-28,1400-1700,DJ Stace,DJ Stace,Slint,"Good Morning, Captain",Spiderland,Touch and Go Records,
2018-03-28,1400-1700,DJ Stace,DJ Stace,Courtney Barnett & Kurt Vile,Over Everything,Lotta Sea Lice,Matador Records,
2018-03-28,1400-1700,DJ Stace,DJ Stace,Death Of Lovers,Orphans Of The Smog,"Acrobat , The",Dais Records,
2018-03-28,1400-1700,DJ Stace,DJ Stace,The Cure,A Forest,Greatest Hits,Elektra Records (East Coast),
2018-03-28,1400-1700,DJ Stace,DJ Stace,Lee Gallagher And The Hallelujah,God Of War,"""God Of War"" B/W ""David Crosby""",Self-Release,
2018-03-28,1400-1700,DJ Stace,DJ Stace,The Arcs,Put A Flower In Your Pocket,"Yours, Dreamily",Nonesuch Records Inc.,
2018-03-28,1400-1700,DJ Stace,DJ Stace,Chicano Batman,Passed You By,Freedom Is Free,Ato Records,
2018-03-28,1400-1700,DJ Stace,DJ Stace,Gente Joven,Memorias De Mis Patos Tristes,Glub Glub Glub,Acuarela Discos,
2018-03-28,1400-1700,DJ Stace,DJ Stace,Ariel Pink,Put Your Number In My Phone,Pom Pom,4AD,
2018-03-28,1400-1700,DJ Stace,DJ Stace,The Moonlandingz,Lufthansa Man,Interplanetary Class Classics,Chimera Music,
2018-03-28,1400-1700,DJ Stace,DJ Stace,the Magnetic Fields,I Wish I Had An Evil Twin,I,Nonesuch Records,
2018-03-28,1400-1700,DJ Stace,DJ Stace,Belle And Sebastian,Everything Is Now,How To Solve Our Human Problems,Matador Records,
2018-03-28,1400-1700,DJ Stace,DJ Stace,Typhoon,Rorschach,Offerings,Roll Call Records,
2018-03-28,1400-1700,DJ Stace,DJ Stace,Daddy Issues,Boring Girls,Deep Dream,Infinity Cat Recordings,
2018-03-28,1400-1700,DJ Stace,DJ Stace,R. Ring,Elder Orphans In Heavy Chop,Ignite The Rest,Sofaburn,
2018-03-28,1400-1700,DJ Stace,DJ Stace,The Breeders,Metagoth,All Nerve,4AD,
2018-03-28,1400-1700,DJ Stace,DJ Stace,Hanni El Khatib,Mexico,Moonlight,Innovative Leisure Records,
2018-03-28,1400-1700,DJ Stace,DJ Stace,Joey Agresta,Baby Girl,Let's Not Talk About Music,Wharf Cat Records,
2018-03-28,1400-1700,DJ Stace,DJ Stace,Guided by Voices,Spacegun,Spacegun,Guided by Voices Inc.,
2018-03-28,1400-1700,DJ Stace,DJ Stace,Hookworms,Opener,Microshift,Domino,
2018-03-28,1400-1700,DJ Stace,DJ Stace,Car Seat Headrest,Drunk Drivers/Killer Whales (Single Version),Drunk Drivers/Killer Whales (Single Version),Matador Records,
2018-03-28,1400-1700,DJ Stace,DJ Stace,Fu Manchu,Intelligent Worship,Clone Of The Universe,At The Dojo,
2018-03-28,1400-1700,DJ Stace,DJ Stace,Prong,Get a Grip (On Yourself),Whose Fist Is this Anyway,Epic Records (Metal),
2018-03-28,1400-1700,DJ Stace,DJ Stace,Maidavale,Trance,Madness Is Too Pure,The Sign Records,
2018-03-28,1400-1700,DJ Stace,DJ Stace,Unsane,Grind,Sterilize,Southern Lord,
2018-03-28,1400-1700,DJ Stace,DJ Stace,Queens of the Stone Age,How to Handle a Rope,Queens Of The Stone Age,Loosegroove Records,
2018-03-28,1400-1700,DJ Stace,DJ Stace,The Spores,Private Jet,Doom Pop,SideCho Records,
2018-03-28,1400-1700,DJ Stace,DJ Stace,Balkan Beat Box,Chin Chin,Shout It Out,Digital Monkey,
2018-03-28,1400-1700,DJ Stace,DJ Stace,Moaning,Close,Moaning,Sub Pop Records,
2018-03-28,1400-1700,DJ Stace,DJ Stace,The Cult Of Lip,Skin,Your Feedback,Rare Plant Records,
2018-03-28,1400-1700,DJ Stace,DJ Stace,My Bloody Valentine,Only Shallow,Loveless,Creation Records Limited,
2018-03-28,1400-1700,DJ Stace,DJ Stace,The Coathangers,Down Down,Nosebleed Weekend,Suicide Squeeze Records,
2018-03-28,1400-1700,DJ Stace,DJ Stace,Django Django,In Your Beat,Marble Skies,Ribbon Music,
2018-03-28,1400-1700,DJ Stace,DJ Stace,360'S,Dead 1970,Supernatural,Link Records,
2018-03-28,1400-1700,DJ Stace,DJ Stace,A Tribe Called Quest,I Left My Wallet In El Segundo,People's Instinctive Travels And The Paths Of Rhythm,Jive/Zomba,
2018-02-28,1400-1700,DJ Stace,DJ Stace,Thee Oh Sees,Lift A Finger By The Garden Path,Memory Of A Cut Off Head,Castle Face Records,
2018-02-28,1400-1700,DJ Stace,DJ Stace,Big Thief,Shark Smile,Capacity,Saddle Creek,
2018-02-28,1400-1700,DJ Stace,DJ Stace,Nirvana,Where Did You Sleep Last Nig,Unplugged in New York,Geffen Records,
2018-02-28,1400-1700,DJ Stace,DJ Stace,Monk Parker,Gaudy Fame,Crown Of Sparrows,Stargazer Records,
2018-02-28,1400-1700,DJ Stace,DJ Stace,Matt Sweeney & Bonnie Prince,My Home Is the Sea,Superwolf,Drag City,
2018-02-28,1400-1700,DJ Stace,DJ Stace,Frankie Rose,Game To Play,Cage Tropical,Slumberland Records,
2018-02-28,1400-1700,DJ Stace,DJ Stace,Cigarettes After Sex,Sweet,Cigarettes After Sex,Partisan Records,
2018-02-28,1400-1700,DJ Stace,DJ Stace,Bardo Pond,Power Children,Volume 8,Fire Records,
2018-02-28,1400-1700,DJ Stace,DJ Stace,Seafang,Motorcycle Song,Solid Gold,Emotional Response Records,
2018-02-28,1400-1700,DJ Stace,DJ Stace,Cassius Clay,I Am the Greatest!,I Am the Greatest!,Columbia Records,
2018-02-28,1400-1700,DJ Stace,DJ Stace,Courtney Barnett,Pedestrian At Best,"Sometimes I Sit And Think, And Sometimes I Just Sit",Mom + Pop,
2018-02-28,1400-1700,DJ Stace,DJ Stace,The Black Angels,Young Men Dead,Passover,Light In The Attic Records,
2018-02-28,1400-1700,DJ Stace,DJ Stace,Dead Heavens,Adderall Highway,Whatever Witch You Are,Dine Alone Records,
2018-02-28,1400-1700,DJ Stace,DJ Stace,St. Vincent,Masseduction,Masseduction,Loma Vista,
2018-02-28,1400-1700,DJ Stace,DJ Stace,Mr. Gnome,Mustangs,"Heart Of A Dark Star, The",El Marko Records,
2018-02-28,1400-1700,DJ Stace,DJ Stace,Hater,Red Blinders,Red Blinders,Fire Records,
2018-02-28,1400-1700,DJ Stace,DJ Stace,Avett Brothers,Laundry Room,"I, and Love, and You",American Recordings,
2018-02-28,1400-1700,DJ Stace,DJ Stace,Ought,Disaffectation,Room Inside The World,Merge Records,
2018-02-28,1400-1700,DJ Stace,DJ Stace,The Boomtown Rats,Up All Night,Greatest Hits,Cbs Records,
2018-02-28,1400-1700,DJ Stace,DJ Stace,Typhoon,Empiricist,Offerings,Roll Call Records,
2018-02-28,1400-1700,DJ Stace,DJ Stace,Squirrel Nut Zippers,Anything but Love,"Inevitable, the",Mammoth Records,
2018-02-28,1400-1700,DJ Stace,DJ Stace,Daniele Luppi & Parquet Courts,Soul And Cigarette,Milano,30th Century Records/Columbia,
2018-02-28,1400-1700,DJ Stace,DJ Stace,Fu Manchu,Il Mostro Atomico,Clone Of The Universe,At The Dojo,
2018-02-28,1400-1700,DJ Stace,DJ Stace,Unsane,Factory,Sterilize,Southern Lord,
2018-02-28,1400-1700,DJ Stace,DJ Stace,Coilguns,Anchorite,Millenials,Self Release,
2018-02-28,1400-1700,DJ Stace,DJ Stace,The Jesus Lizard,Nub,Goat,Touch and Go,
2018-02-28,1400-1700,DJ Stace,DJ Stace,Barkmarket,The Patsy,Vegas Throat,Def American (Metal),
2018-02-28,1400-1700,DJ Stace,DJ Stace,Maidavale,Trance,Madness Is Too Pure,The Sign Records,
2018-02-28,1400-1700,DJ Stace,DJ Stace,Siouxsie & The Banshees,Cities In Dust (Extended Eruption Mix),Cities In Dust,Geffen Records,
2018-02-28,1400-1700,DJ Stace,DJ Stace,The Myrmidons,Christine,Our Voltage,Girlsville,
2018-02-28,1400-1700,DJ Stace,DJ Stace,Alt-J,Left Hand Free,All Of This Is Yours,Infectious Music,
2018-02-28,1400-1700,DJ Stace,DJ Stace,Zeal And Ardor,Devil Is Fine,Devil Is Fine,Mvka,
2018-02-28,1400-1700,DJ Stace,DJ Stace,Prefab Messiahs,Everything U No,Psychsploitation Today,Burger Records,
2018-02-28,1400-1700,DJ Stace,DJ Stace,Martha,St. Paul's (Westerberg Comprehensive),Blisters in the Pit of My Heart,Dirtnap Records,
2018-02-28,1400-1700,DJ Stace,DJ Stace,Alex G,Proud,Rocket,Domino Recording Company,
2018-02-28,1400-1700,DJ Stace,DJ Stace,The Tallest Man On Earth,King Of Spain,"Wild Hunt, The",Dead Oceans,
2018-02-28,1400-1700,DJ Stace,DJ Stace,The She's,Death Dreams,All Female Rock And Roll Quartet,Empty Cellar Records,
2018-02-28,1400-1700,DJ Stace,DJ Stace,Adult Mom,Full Screen,Soft Spots,Tiny Engines,
2018-02-28,1400-1700,DJ Stace,DJ Stace,Slaves,Are You Satisfied?,Are You Satisfied?,EMI,
2018-02-21,1400-1700,DJ Stace,DJ Stace,Daniele Luppi & Parquet Courts,Soul And Cigarette,Milano,30th Century Records/Columbia,
2018-02-21,1400-1700,DJ Stace,DJ Stace,St. Vincent,Masseduction,Masseduction,Loma Vista,
2018-02-21,1400-1700,DJ Stace,DJ Stace,Pil,Ease,Public Image Ltd,Virgin Records Ltd,
2018-02-21,1400-1700,DJ Stace,DJ Stace,The Pleasure Routine,Two Artists,Sugar Mountain,Self-Release,
2018-02-21,1400-1700,DJ Stace,DJ Stace,New Order,Ceremony,Total,Rhino,
2018-02-21,1400-1700,DJ Stace,DJ Stace,The Dream Syndicate,Filter Me Through You,How Did I Find Myself Here?,Anti-,
2018-02-21,1400-1700,DJ Stace,DJ Stace,Dream Syndicate,Tell Me When It's Over,Tell Me When It's Over(Best of,Rhino Records,
2018-02-21,1400-1700,DJ Stace,DJ Stace,Alex G,Proud,Rocket,Domino Recording Company,
2018-02-21,1400-1700,DJ Stace,DJ Stace,Car Seat Headrest,Drunk Drivers/Killer Whales (Single Version),Drunk Drivers/Killer Whales (Single Version),Matador Records,
2018-02-21,1400-1700,DJ Stace,DJ Stace,Courtney Barnett & Kurt Vile,Over Everything,Lotta Sea Lice,Matador Records,
2018-02-21,1400-1700,DJ Stace,DJ Stace,Dirty Sidewalks,Never Be Alone,Bring Down The House Lights,No-Count Records,
2018-02-21,1400-1700,DJ Stace,DJ Stace,Zeal And Ardor,Devil Is Fine,Devil Is Fine,Mvka,
2018-02-21,1400-1700,DJ Stace,DJ Stace,The Heavy,How You Like Me Now? (Featuring the Dap Kings),How You Like Me Now? EP,Counter Records,
2018-02-21,1400-1700,DJ Stace,DJ Stace,Sheer Mag,Expect The Bayonet,Need To Feel Your Love,Wilsun Rc,
2018-02-21,1400-1700,DJ Stace,DJ Stace,The Jam,That's Entertainment,Beat Surrender,Polydor Ltd.,
2018-02-21,1400-1700,DJ Stace,DJ Stace,Sky Faction,Miss Solitary,Sky Faction,Self-Release,
2018-02-21,1400-1700,DJ Stace,DJ Stace,The Arcs,Fool's Gold,30th Century Records Compilation Volume 1,30th Century Records,
2018-02-21,1400-1700,DJ Stace,DJ Stace,Holy Motors,Sleeprydr,Slow Sundown,Wharf Cat Records,
2018-02-21,1400-1700,DJ Stace,DJ Stace,Thee Oh Sees,The Remote Viewer,Memory Of A Cut Off Head,Castle Face Records,
2018-02-21,1400-1700,DJ Stace,DJ Stace,Shannen Moser,Yr Undertaker,"Oh, My Heart",Lame-O Records,
2018-02-21,1400-1700,DJ Stace,DJ Stace,Monk Parker,Gaudy Frame,Crown of Sparrows,Grand Jury (RED),
2018-02-21,1400-1700,DJ Stace,DJ Stace,Gogol Bordello,Clearvoyance,Seekers And Finders,Cooking Vinyl,
2018-02-21,1400-1700,DJ Stace,DJ Stace,Typhoon,Rorschach,Offerings,Roll Call Records,
2018-02-21,1400-1700,DJ Stace,DJ Stace,The Myrmidons,Christine,Our Voltage,Girlsville,
2018-02-21,1400-1700,DJ Stace,DJ Stace,Siouxsie & The Banshees,Spellbound,Once Upon A Time/The Singles,Polydor Ltd.,
2018-02-21,1400-1700,DJ Stace,DJ Stace,Bardo Pond,Power Children,Volume 8,Fire Records,
2018-02-21,1400-1700,DJ Stace,DJ Stace,Daniele Luppi & Parquet Courts,Talisa,Milano,30th Century Records/Columbia,
2018-02-21,1400-1700,DJ Stace,DJ Stace,Thee Oh Sees,The Chopping Block,Memory Of A Cut Off Head,Castle Face Records,
2018-02-21,1400-1700,DJ Stace,DJ Stace,Hollywood Sinners,Ultimo Cartucho,Khome Kakka,Dirty Water Records,
2018-02-21,1400-1700,DJ Stace,DJ Stace,Fu Manchu,Intelligent Worship,Clone Of The Universe,At The Dojo,
2018-02-14,1400-1700,DJ Stace,DJ Stace,Willie Nelson,I'd Have To Be Crazy,Greatest Hits (& Some That Will Be),Columbia Records,
2018-02-14,1400-1700,DJ Stace,DJ Stace,The Dirtbombs,Do You See My Love (For You Growing),Ultraglide In Black,In the Red Records,
2018-02-14,1400-1700,DJ Stace,DJ Stace,St. Vincent,Masseduction,Masseduction,Loma Vista,
2018-02-14,1400-1700,DJ Stace,DJ Stace,The Cure,The Caterpillar,Staring At The Sea: The Singles,Elektra/Asylum,
2018-02-14,1400-1700,DJ Stace,DJ Stace,Death Cab For Cutie,I Will Follow You Into The Dark,Plans,Atlantic Records (Modern),
2018-02-14,1400-1700,DJ Stace,DJ Stace,Fu Manchu,Intelligent Worship,Clone Of The Universe,At The Dojo,
2018-02-14,1400-1700,DJ Stace,DJ Stace,Melvins,A History of Bad Men,(A) Senile Animal,Ipecac Records,
2018-02-14,1400-1700,DJ Stace,DJ Stace,Dead Kennedys,Holiday in Cambodia,Fresh Fruit For Rotting Vegetables,Alternative Tentacles Records,
2018-02-14,1400-1700,DJ Stace,DJ Stace,The Monsieurs,Get Right Get Ready,Deux,Slovenly Recordings,
2018-02-14,1400-1700,DJ Stace,DJ Stace,The She's,Be Alright,All Female Rock And Roll Quartet,Empty Cellar Records,
2018-02-14,1400-1700,DJ Stace,DJ Stace,Black Pistol Fire,Lost Cause,Deadbeat Graffiti,Rifle Bird Records,
2018-02-14,1400-1700,DJ Stace,DJ Stace,Beck,True Love Will Find You,The Late Great Daniel Johnston: Discovered Covered,Gammon Records,
2018-02-14,1400-1700,DJ Stace,DJ Stace,Tom Waits,Innocent When You Dream (78),Beautiful Maladies,Island Records,
2018-02-14,1400-1700,DJ Stace,DJ Stace,Bryan Ferry,Slave To Love,Boys And Girls,Warner Bros. Records,
2018-02-14,1400-1700,DJ Stace,DJ Stace,Girlpool,Sleepless,Powerplant,Anti-,
2018-02-14,1400-1700,DJ Stace,DJ Stace,Mazzy Star,Fade Into You,Fade Into You,Capitol Records (Jazz),
2018-02-14,1400-1700,DJ Stace,DJ Stace,Avett Brothers,I and Love and You,I and Love and You,American Recordings,
2018-02-14,1400-1700,DJ Stace,DJ Stace,Daniele Luppi & Parquet Courts,Soul And Cigarette,Milano,30th Century Records/Columbia,
2018-02-14,1400-1700,DJ Stace,DJ Stace,Car Seat Headrest,Drunk Drivers/Killer Whales (Single Version),Drunk Drivers/Killer Whales (Single Version),Matador Records,
2018-02-14,1400-1700,DJ Stace,DJ Stace,Atomic Suplex,Who Do You Love?,Our Voltage,Girlsville,
2018-02-14,1400-1700,DJ Stace,DJ Stace,The Routes,Ego A Go Go,Dirty Needles And Pins,Dirty Water Records,
2018-02-14,1400-1700,DJ Stace,DJ Stace,Sheer Mag,Expect The Bayonet,Need To Feel Your Love,Wilsun Rc,
2018-02-14,1400-1700,DJ Stace,DJ Stace,Dirty Fences,One More Step (Featuring Christina Halladay),Goodbye Love,Greenway Records,
2018-02-14,1400-1700,DJ Stace,DJ Stace,Real Estate,Darling,In Mind,Domino Recording Company,
2018-02-14,1400-1700,DJ Stace,DJ Stace,The Green Door,Tall Grass Is Tangled,Wolf In The Fold,Self Release,
2018-02-14,1400-1700,DJ Stace,DJ Stace,Screaming Females,Shake it Off (Taylor Swift Cover),A.V. Club Undercover,A.V. Club,
2018-02-14,1400-1700,DJ Stace,DJ Stace,Prefab Messiahs,The Man Who Killed Reality,Psychsploitation Today,Burger Records,
2018-02-14,1400-1700,DJ Stace,DJ Stace,Alex G,Proud,Rocket,Domino Recording Company,
2018-02-14,1400-1700,DJ Stace,DJ Stace,Flight of the Conchords,Business Time,Flight of the Conchords,Matador Records,
2018-02-14,1400-1700,DJ Stace,DJ Stace,Adult Mom,Full Screen,Soft Spots,Tiny Engines,
2018-02-14,1400-1700,DJ Stace,DJ Stace,the White Stripes,Fell in Love with a Girl,White Blood Cells,Sympathy For The Record Industry,
2018-02-14,1400-1700,DJ Stace,DJ Stace,Husker Du,Love is All Around (Mary Tyler Moore Theme),Eight Miles High EP,SST Records,
2018-02-14,1400-1700,DJ Stace,DJ Stace,Ron Gallo,Young Lady You're Scaring Me,Heavy Meta,New West Records,
2018-02-14,1400-1700,DJ Stace,DJ Stace,Queens of the Stone Age,I Wanna Make It Wit Chu,Era Vulgaris,Interscope Records,
2018-02-14,1400-1700,DJ Stace,DJ Stace,Fu Manchu,Don't Panic,Clone Of The Universe,At The Dojo,
2018-02-14,1400-1700,DJ Stace,DJ Stace,Fu Manchu,Laserbl'ast!,"Action Is Go, the",Mammoth Records,
2018-02-14,1400-1700,DJ Stace,DJ Stace,Zeal And Ardor,Devil Is Fine,Devil Is Fine,Mvka,
2018-02-14,1400-1700,DJ Stace,DJ Stace,Bardo Pond,Power Children,Volume 8,Fire Records,
2018-02-14,1400-1700,DJ Stace,DJ Stace,The Dream Syndicate,Kendra's Dream,How Did I Find Myself Here?,Anti-,
2018-02-14,1400-1700,DJ Stace,DJ Stace,Beck's Record Club,Never Tear Us Apart,"No. 4 INXS ""Kick""",Beck's Record Club,
2018-02-14,1400-1700,DJ Stace,DJ Stace,Nick Cave & The Bad Seeds,The Ship Song,"Good Son, The",Mute Records Ltd,
2018-02-14,1400-1700,DJ Stace,DJ Stace,Typhoon,Rorschach,Offerings,Roll Call Records,
2018-02-14,1400-1700,DJ Stace,DJ Stace,Martha,St. Paul's (Westerberg Comprehensive),Blisters in the Pit of My Heart,Dirtnap Records,
2018-02-14,1400-1700,DJ Stace,DJ Stace,Daniele Luppi & Parquet Courts,Talisa,Milano,30th Century Records/Columbia,
2018-02-07,1400-1700,DJ Stace,DJ Stace,Daniele Luppi & Parquet Courts,Soul And Cigarette,Milano,30th Century Records/Columbia,
2018-02-07,1400-1700,DJ Stace,DJ Stace,Woodpigeon,Devastating,T R O U B L E,Boompa,
2018-02-07,1400-1700,DJ Stace,DJ Stace,the Walkmen,We've Been Had,Everyone Who Pretended to Like,Star Time,
2018-02-07,1400-1700,DJ Stace,DJ Stace,Policias Y Ladrones,Ya No Soy Tu Amigo,Burger World: Mexico,Burger Records,
2018-02-07,1400-1700,DJ Stace,DJ Stace,Mall Walk,Fleetwood Mac,Group Effort Vol. 1,Tex Me Records,
2018-02-07,1400-1700,DJ Stace,DJ Stace,The Arcs,Fool's Gold,30th Century Records Compilation Volume 1,30th Century Records/Columbia,
2018-02-07,1400-1700,DJ Stace,DJ Stace,Car Seat Headrest,Drunk Drivers/Killer Whales,Teens Of Denial,Matador Records,
2018-02-07,1400-1700,DJ Stace,DJ Stace,Destroyer,Cover From The Sun,Ken,Merge Records,
2018-02-07,1400-1700,DJ Stace,DJ Stace,Sheer Mag,Expect The Bayonet,Need To Feel Your Love,Wilsun Rc,
2018-02-07,1400-1700,DJ Stace,DJ Stace,Spoon,The Underdog,Ga Ga Ga Ga Ga,Merge Records,
2018-02-07,1400-1700,DJ Stace,DJ Stace,Alex G,Proud,Rocket,Domino Recording Company,
2018-02-07,1400-1700,DJ Stace,DJ Stace,Old 97'S,The Other Shoe,Wreck Your Life,Bloodshot Records,
2018-02-07,1400-1700,DJ Stace,DJ Stace,Downtown Boys,Promissory Note [Radio Edit],Cost Of Living,Sub Pop Records,
2018-02-07,1400-1700,DJ Stace,DJ Stace,Black Pistol Fire,Lost Cause,Deadbeat Graffiti,Rifle Bird Records,
2018-02-07,1400-1700,DJ Stace,DJ Stace,The She's,Be Alright,All Female Rock And Roll Quartet,Empty Cellar Records,
2018-02-07,1400-1700,DJ Stace,DJ Stace,R. Ring,Elder Orphans In Heavy Chop,Ignite The Rest,Sofaburn,
2018-02-07,1400-1700,DJ Stace,DJ Stace,Bardo Pond,Power Children,Volume 8,Fire Records,
2018-02-07,1400-1700,DJ Stace,DJ Stace,Grifters,Tupelo Moan,One Sock Missing,Shangri-La Records,
2018-02-07,1400-1700,DJ Stace,DJ Stace,Adult Mom,Full Screen,Soft Spots,Tiny Engines,
2018-02-07,1400-1700,DJ Stace,DJ Stace,Ron Gallo,"Young Lady, You're Scaring Me",Heavy Meta,Bandcamp,
2018-02-07,1400-1700,DJ Stace,DJ Stace,The Green Door,Tall Grass Is Tangled,Wolf In The Fold,Self Release,
2018-02-07,1400-1700,DJ Stace,DJ Stace,Nona Hendryx & Gary Lucas,Her Eyes Are A Blue Million Miles,"World Of Captain Beefheart, The",Knitting Factory Records,
2018-02-07,1400-1700,DJ Stace,DJ Stace,Black Keys,Her Eyes Are a Blue Million Miles,Covered:A Revolution in Sound: Warner Bros Records,Warner Brothers,
2018-02-07,1400-1700,DJ Stace,DJ Stace,The Dream Syndicate,Kendra's Dream,How Did I Find Myself Here?,Anti-,
2018-02-07,1400-1700,DJ Stace,DJ Stace,Candace,Greys,"""Horizons"" B/W ""Greys""",Self-Release,
2018-02-07,1400-1700,DJ Stace,DJ Stace,the Wedding Present,Big Rat,Watusi,Island Records (World),
2018-02-07,1400-1700,DJ Stace,DJ Stace,Typhoon,Unusual,Offerings,Roll Call Records,
2018-02-07,1400-1700,DJ Stace,DJ Stace,Matt Sweeney & Bonnie Prince,My Home Is the Sea,Superwolf,Drag City,
2018-02-07,1400-1700,DJ Stace,DJ Stace,Bully,Kills To Be Resistant,Losing,Sub Pop Records,
2018-02-07,1400-1700,DJ Stace,DJ Stace,Daniele Luppi & Parquet Courts,Talisa,Milano,30th Century Records/Columbia,
2018-02-07,1400-1700,DJ Stace,DJ Stace,Hand & Leg,Lovetreat,Hand & Leg,Slovenly Recordings,
2018-02-07,1400-1700,DJ Stace,DJ Stace,the Mooney Suzuki,Oh No!,People Get Ready,Estrus Records,
2018-02-07,1400-1700,DJ Stace,DJ Stace,Bee Bee Sea,Sonic Boomerang,Sonic Boomerang,Dirty Water Records,
2018-02-07,1400-1700,DJ Stace,DJ Stace,Dead Heavens,Adderall Highway,Whatever Witch You Are,Dine Alone Records,
2018-02-07,1400-1700,DJ Stace,DJ Stace,Dirty Fences,One More Step (Featuring Christina Halladay),Goodbye Love,Greenway Records,
2018-02-07,1400-1700,DJ Stace,DJ Stace,Wolf Parade,Valley Boy,Cry Cry Cry,SubPop,
2018-02-07,1400-1700,DJ Stace,DJ Stace,St. Vincent,Masseduction,Masseduction,Loma Vista,
2018-02-07,1400-1700,DJ Stace,DJ Stace,The Pleasure Routine,Two Artists,Sugar Mountain,Self-Release,
2018-02-07,1400-1700,DJ Stace,DJ Stace,Martha,St. Paul's (Westerberg Comprehensive),Blisters in the Pit of My Heart,Dirtnap Records,
2018-02-07,1400-1700,DJ Stace,DJ Stace,Katie Von Schleicher,Life's A Lie,Shitty Hits,Ba Da Bing,
2018-01-24,1530-1700,DJ Stace,DJ Stace,Daniele Luppi & Parquet Courts,Soul And Cigarette,Milano,30th Century Records/Columbia,
2018-01-24,1530-1700,DJ Stace,DJ Stace,T Rex,20Th Century Boy,Cd Sampler of Essential Coll.,(Unknown),
2018-01-24,1530-1700,DJ Stace,DJ Stace,St. Vincent,Masseduction,Masseduction,Loma Vista,
2018-01-24,1530-1700,DJ Stace,DJ Stace,Beck's Record Club,Never Tear Us Apart,"No. 4 INXS ""Kick""",Beck's Record Club,
2018-01-24,1530-1700,DJ Stace,DJ Stace,Courtney Barnett & Kurt Vile,Over Everything,Lotta Sea Lice,Matador Records,
2018-01-24,1530-1700,DJ Stace,DJ Stace,David Bowie,The Bewlay Brothers,Sound + Vision I,Rykodisc,
2018-01-24,1530-1700,DJ Stace,DJ Stace,Car Seat Headrest,Drunk Drivers/Killer Whales (Single Version),Drunk Drivers/Killer Whales (Single Version),Matador Records,
2018-01-24,1530-1700,DJ Stace,DJ Stace,Tuxedomoon,59 To 1,Half-Mute,Crammed Discs,
2018-01-24,1530-1700,DJ Stace,DJ Stace,Snakefinger,The Man in the Dark Sedan,Greener Postures,East Side Digital,
2018-01-24,1530-1700,DJ Stace,DJ Stace,Joe Frank,"No More, My Lord",Bad Karma,JoeFrank.com,
2018-01-24,1530-1700,DJ Stace,DJ Stace,Tune-Yards,Time Of Dark,Nikki Nack,4AD,
2018-01-24,1530-1700,DJ Stace,DJ Stace,Mr. Gnome,Heave Yer Skeleton,Heave Yer Skeleton,El Marko,
2018-01-24,1530-1700,DJ Stace,DJ Stace,The Dream Syndicate,Kendra's Dream,How Did I Find Myself Here?,Anti-,
2018-01-24,1530-1700,DJ Stace,DJ Stace,Typhoon,Rorschach,Offerings,Roll Call Records,
2018-01-24,1530-1700,DJ Stace,DJ Stace,Wolf Parade,Valley Boy,Cry Cry Cry,SubPop,
2018-01-24,1530-1700,DJ Stace,DJ Stace,Adult Mom,Full Screen,Soft Spots,Tiny Engines,
2018-01-24,1530-1700,DJ Stace,DJ Stace,Black Pistol Fire,Lost Cause,Deadbeat Graffiti,Rifle Bird Records,
2018-01-24,1530-1700,DJ Stace,DJ Stace,Martha,St. Paul's (Westerberg Comprehensive),Blisters in the Pit of My Heart,Dirtnap Records,
2018-01-17,1400-1700,DJ Stace,DJ Stace,Kraftwerk,Boing Boom Tschak,Electric Cafe,Elektra/Asylum,
2018-01-17,1400-1700,DJ Stace,DJ Stace,Yo La Tengo,Autumn Sweater,I Can See the Heart Beating As One,Matador Records,
2018-01-17,1400-1700,DJ Stace,DJ Stace,Daniele Luppi & Parquet Courts,Soul And Cigarette,Milano,30th Century Records/Columbia,
2018-01-17,1400-1700,DJ Stace,DJ Stace,Velvet Underground,Venus in Furs,Velvet Underground & Nico,Verve Records,
2018-01-17,1400-1700,DJ Stace,DJ Stace,Dirty Fences,One More Step (Featuring Christina Halladay),Goodbye Love,Greenway Records,
2018-01-17,1400-1700,DJ Stace,DJ Stace,Cigarettes After Sex,Sweet,Cigarettes After Sex,Partisan Records,
2018-01-17,1400-1700,DJ Stace,DJ Stace,Death Cab For Cutie,I Will Follow You Into The Dark,Plans,Atlantic Records (Modern),
2018-01-17,1400-1700,DJ Stace,DJ Stace,Pj Harvey,We Float,"Stories From The City, Stories From The Sea",Island Records,
2018-01-17,1400-1700,DJ Stace,DJ Stace,St. Vincent,Masseduction,Masseduction,Loma Vista,
2018-01-17,1400-1700,DJ Stace,DJ Stace,White Rabbits,The Plot,Fortnightly,Say Hey Records,
2018-01-17,1400-1700,DJ Stace,DJ Stace,Sheer Mag,Expect The Bayonet,Need To Feel Your Love,Wilsun Rc,
2018-01-17,1400-1700,DJ Stace,DJ Stace,The Jam,Town Called Malice,"Gift, The",Polydor Ltd.,
2018-01-17,1400-1700,DJ Stace,DJ Stace,Martha,St. Paul's (Westerberg Comprehensive),Blisters in the Pit of My Heart,Dirtnap Records,
2018-01-17,1400-1700,DJ Stace,DJ Stace,Twin Trances,"Suddenly, Last Summer",Two On One,Dirty Slacks,
2018-01-17,1400-1700,DJ Stace,DJ Stace,Fu Manchu,Freedom of Choice,King of the Road,Mammoth Records,
2018-01-17,1400-1700,DJ Stace,DJ Stace,Devo,(I Can't Get No) Satisfaction,Greatest Hits,Warner Bros. Records,
2018-01-17,1400-1700,DJ Stace,DJ Stace,Soundgarden,Girl You Want,Outshined CD Single,A&M Records,
2018-01-17,1400-1700,DJ Stace,DJ Stace,The Dream Syndicate,Kendra's Dream,How Did I Find Myself Here?,Anti-,
2018-01-17,1400-1700,DJ Stace,DJ Stace,Wilco,I Am Trying To Break Your Heart,Yankee Hotel Foxtrot,Nonesuch Records,
2018-01-17,1400-1700,DJ Stace,DJ Stace,Spoon,I Turn My Camera on,Gimme Fiction,Merge Records,
2018-01-17,1400-1700,DJ Stace,DJ Stace,Love And Rockets,Yin And Yang The Flower Pot (Remix),Express,Big Time,
2018-01-17,1400-1700,DJ Stace,DJ Stace,Shriekback,Nemesis,Oil & Gold,Island Records,
2018-01-17,1400-1700,DJ Stace,DJ Stace,A Tribe Called Quest,I Left My Wallet In El Segundo,People's Instinctive Travels And The Paths Of Rhythm,Jive/Zomba,
2018-01-17,1400-1700,DJ Stace,DJ Stace,The Clash,Should I Stay Or Should I Go?,Combat Rock,Epic Records,
2018-01-17,1400-1700,DJ Stace,DJ Stace,Lo Tom,Bubblegum,Lo Tom,Barsuk Records,
2018-01-17,1400-1700,DJ Stace,DJ Stace,The She's,Be Alright,All Female Rock And Roll Quartet,Empty Cellar Records,
2018-01-17,1400-1700,DJ Stace,DJ Stace,Alabama Shakes,Sound & Color,Sound & Color,Ato Records,
2018-01-17,1400-1700,DJ Stace,DJ Stace,Protomartyr,A Private Understanding,Relatives In Descent,Domino Recording Company,
2018-01-17,1400-1700,DJ Stace,DJ Stace,Reigning Sound,If You Can't Give Me Everything...,Too Much Guitar,In the Red Records,
2018-01-17,1400-1700,DJ Stace,DJ Stace,Los Kowalski,Sónica,Sónica,Hole Records,
2018-01-17,1400-1700,DJ Stace,DJ Stace,My Bloody Valentine,Only Shallow,Loveless,Creation Records Limited,
2018-01-17,1400-1700,DJ Stace,DJ Stace,Hinds,Holograma,El Sueño De Benilandia,Suicide Squeeze Records,
2018-01-17,1400-1700,DJ Stace,DJ Stace,Los Nastys,Castigados En El Granero,El Sueño De Benilandia,Suicide Squeeze Records,
2018-01-17,1400-1700,DJ Stace,DJ Stace,The Call,The Walls Came Down,Modern Romans,Polygram Records (Modern),
2018-01-17,1400-1700,DJ Stace,DJ Stace,Bully,Guess There,Losing,Sub Pop Records,
2018-01-17,1400-1700,DJ Stace,DJ Stace,Courtney Barnett & Kurt Vile,Fear Is Like a Forest,Lotta Sea Lice,Matador Records,
2018-01-17,1400-1700,DJ Stace,DJ Stace,Alex G,Witch,Rocket,Domino Recording Company,
2018-01-17,1400-1700,DJ Stace,DJ Stace,The Green Door,Back To Houston,Wolf In The Fold,Self Release,
2018-01-17,1400-1700,DJ Stace,DJ Stace,Car Seat Headrest,Drunk Drivers/Killer Whales (Single Version),Drunk Drivers/Killer Whales (Single Version),Matador Records,
2018-01-17,1400-1700,DJ Stace,DJ Stace,Typhoon,Rorschach,Offerings,Roll Call Records,
2018-01-17,1400-1700,DJ Stace,DJ Stace,Adult Mom,Full Screen,Soft Spots,Tiny Engines,
2018-01-17,1400-1700,DJ Stace,DJ Stace,Purple,Mini Van,Bodacious,Play It Again Sam Records,
2018-01-17,1400-1700,DJ Stace,DJ Stace,Jonathan Coulton,Nobody Loves You Like Me,Artificial Heart,Jocoserious Records,
2018-01-03,1500-1700,DJ Stace,DJ Stace,the Mountain Goats,This Year,"Sunset Tree, the",4AD,
2018-01-03,1500-1700,DJ Stace,DJ Stace,Sheer Mag,Expect The Bayonet,Need To Feel Your Love,Wilsun Rc,
2018-01-03,1500-1700,DJ Stace,DJ Stace,Blacktop,I Think It's Going To Rain,Up All Night,Au Go Go,
2018-01-03,1500-1700,DJ Stace,DJ Stace,The Arcs,Fools Gold,30th Century Records Compilation Volume 1,30th Century Records,
2018-01-03,1500-1700,DJ Stace,DJ Stace,"Nichols, Jeb Loy",That's How We're Livin,Country Hustle,Jullian Records / City Country City,
2018-01-03,1500-1700,DJ Stace,DJ Stace,Queens Of The Stone Age,I Sat By The Ocean,...Like Clockwork,Matador Records,
2018-01-03,1500-1700,DJ Stace,DJ Stace,Courtney Barnett & Kurt Vile,Over Everything,Lotta Sea Lice,Matador Records,
2018-01-03,1500-1700,DJ Stace,DJ Stace,Piero Umiliani,Viva La Sauna Svedese,Psichedelica,Schema Records,
2018-01-03,1500-1700,DJ Stace,DJ Stace,Black Pistol Fire,Beelzebub,Big Beat '59,Rifle Bird Records,
2018-01-03,1500-1700,DJ Stace,DJ Stace,Black Pistol Fire,Lost Cause,Deadbeat Graffiti,Rifle Bird Records,
2018-01-03,1500-1700,DJ Stace,DJ Stace,The Monsieurs,I Will Run,Deux,Slovenly Recordings,
2018-01-03,1500-1700,DJ Stace,DJ Stace,R.E.M.,Crush with Eyeliner,Monster,Warner Brothers (Modern),
2018-01-03,1500-1700,DJ Stace,DJ Stace,Car Seat Headrest,Drunk Drivers/Killer Whales (Single Version),Drunk Drivers/Killer Whales (Single Version),Matador Records,
2018-01-03,1500-1700,DJ Stace,DJ Stace,The Dream Syndicate,Kendra's Dream,How Did I Find Myself Here?,Anti-,
2018-01-03,1500-1700,DJ Stace,DJ Stace,Adult Mom,Full Screen,Soft Spots,Tiny Engines,
2018-01-03,1500-1700,DJ Stace,DJ Stace,Queens of the Stone Age,How to Handle a Rope,Queens Of The Stone Age,Loosegroove Records,
2018-01-03,1500-1700,DJ Stace,DJ Stace,Toadies,Possum Kingdom,Rubberneck,Interscope Records (Modern),
2018-01-03,1500-1700,DJ Stace,DJ Stace,Ty Segall,Orange Color Queen,Ty Segall,Drag City,
2018-01-03,1500-1700,DJ Stace,DJ Stace,Butthole Surfers,The Hurdy Gurdy Man,Piouhgd,Rough Trade,
2018-01-03,1500-1700,DJ Stace,DJ Stace,R. Ring,Elder Orphans In Heavy Chop,Ignite The Rest,Sofaburn,
2018-01-03,1500-1700,DJ Stace,DJ Stace,Jane's Addiction,Jane Says,Jane's Addiction,Triple X Records,
2018-01-03,1500-1700,DJ Stace,DJ Stace,Wolf Parade,Valley Boy,Cry Cry Cry,Matador Records,
2018-01-03,1500-1700,DJ Stace,DJ Stace,My Morning Jacket,Mahgeetah,It Still Moves (Deluxe Reissue),Ato Records,
2018-01-03,1500-1700,DJ Stace,DJ Stace,Pain Teens,It Will,"It Will (7"")",Trance Syndicate,
2018-01-03,1500-1700,DJ Stace,DJ Stace,Los Kowalski,Sónica,Sónica,Hole Records,
2018-01-03,1500-1700,DJ Stace,DJ Stace,Dead Heavens,Adderall Highway,Whatever Witch You Are,Dine Alone Records,
2018-01-03,1500-1700,DJ Stace,DJ Stace,Daniele Luppi & Parquet Courts,Soul And Cigarette,Milano,30th Century Records/Columbia,
2018-01-03,1500-1700,DJ Stace,DJ Stace,The She's,Be Alright,All Female Rock And Roll Quartet,Empty Cellar Records,
2018-01-03,1500-1700,DJ Stace,DJ Stace,Martha,St. Paul's (Westerberg Comprehensive),Blisters in the Pit of My Heart,Dirtnap Records,
2017-12-27,1500-1700,DJ Stace,DJ Stace,Car Seat Headrest,Drunk Drivers/Killer Whales (Single Version),Drunk Drivers/Killer Whales (Single Version),Matador Records,
2017-12-27,1500-1700,DJ Stace,DJ Stace,Devendra Banhart,Lazy Butterfly,Cripple Crow,Xl Recordings,
2017-12-27,1500-1700,DJ Stace,DJ Stace,Captain Beefheart And The Magic Band,Her Eyes Are A Blue Million Miles,Clear Spot,Reprise Records,
2017-12-27,1500-1700,DJ Stace,DJ Stace,Tindersticks,El Diablo En El Ojo,Tindersticks,Polygram Records (Modern),
2017-12-27,1500-1700,DJ Stace,DJ Stace,The Pleasure Routine,Two Artists,Sugar Mountain,Self-Release,
2017-12-27,1500-1700,DJ Stace,DJ Stace,Dirty Fences,One More Step (Featuring Christina Halladay),Goodbye Love,Greenway Records,
2017-12-27,1500-1700,DJ Stace,DJ Stace,Sheer Mag,Expect The Bayonet,Need To Feel Your Love,Wilsun Rc,
2017-12-27,1500-1700,DJ Stace,DJ Stace,The Jam,Town Called Malice,Beat Surrender,Polydor Ltd.,
2017-12-27,1500-1700,DJ Stace,DJ Stace,Adult Mom,Full Screen,Soft Spots,Tiny Engines,
2017-12-27,1500-1700,DJ Stace,DJ Stace,Martha,St. Paul's (Westerberg Comprehensive),Blisters in the Pit of My Heart,Dirtnap Records,
2017-12-27,1500-1700,DJ Stace,DJ Stace,Downtown Boys,Lips That Bite [Radio Edit],Cost Of Living,Sub Pop Records,
2017-12-27,1500-1700,DJ Stace,DJ Stace,Brant Bjork,Toot,Jalamanta,Man's Ruin Records,
2017-12-27,1500-1700,DJ Stace,DJ Stace,Eagles of Death Metal,San Berdoo Sunburn,Peace Love Death Metal,AntAcidAudio,
2017-12-27,1500-1700,DJ Stace,DJ Stace,Bee Bee Sea,I Shouted,Sonic Boomerang,Dirty Water Records,
2017-12-27,1500-1700,DJ Stace,DJ Stace,Destroyer,Cover From The Sun,Ken,Merge Records,
2017-12-27,1500-1700,DJ Stace,DJ Stace,Spoon,I Turn My Camera on,Gimme Fiction,Merge Records,
2017-12-27,1500-1700,DJ Stace,DJ Stace,Beck's Record Club,Never Tear Us Apart,"No. 4 INXS ""Kick""",Beck's Record Club,
2017-12-27,1500-1700,DJ Stace,DJ Stace,Cigarettes After Sex,Sweet,Cigarettes After Sex,Partisan Records,
2017-12-27,1500-1700,DJ Stace,DJ Stace,Deadfellow,If Earthquakes Claimed La,Mescalifornia: A California Dream,Self-Release,
2017-12-27,1500-1700,DJ Stace,DJ Stace,James Johnston,Cold Morning Light,The Starless Room,Clouds Hill Ltd.,
2017-12-27,1500-1700,DJ Stace,DJ Stace,Flight of the Conchords,Business Time,Flight of the Conchords,Matador Records,
2017-12-27,1500-1700,DJ Stace,DJ Stace,Mr. Gnome,Mustangs,"Heart Of A Dark Star, The",El Marko Records,
2017-12-27,1500-1700,DJ Stace,DJ Stace,Father John Misty,Total Entertainment Forever,Pure Comedy,Sub Pop Records,
2017-12-27,1500-1700,DJ Stace,DJ Stace,Siouxsie & The Banshees,Cities In Dust,Tinderbox,Geffen Records,
2017-12-27,1500-1700,DJ Stace,DJ Stace,Guided By Voices,Circus Day Hold Out,August By Cake,Gbv Records,
2017-12-27,1500-1700,DJ Stace,DJ Stace,The Kills,Doing It To Death,Ash & Ice,Domino Recording Company,
2017-12-27,1500-1700,DJ Stace,DJ Stace,The Stooges,I Wanna Be Your Dog,"Stooges, The", Uncrowned City,
2017-12-27,1500-1700,DJ Stace,DJ Stace,The Heck,Waiting In Line,Waiting In Line,Dirty Water Records,
2017-12-27,1500-1700,DJ Stace,DJ Stace,the Damned,Nasty,Seasons of the Damned,Dutch East India Trading,
2017-12-20,1500-1700,DJ Stace,DJ Stace,Tom Waits,Downtown Train,Beautiful Maladies,Island Records,
2017-12-20,1500-1700,DJ Stace,DJ Stace,Devendra Banhart,Something French,Something French,Nonesuch Records,
2017-12-20,1500-1700,DJ Stace,DJ Stace,Nebula,I Need Somebody,To the Center,Sub Pop Records,
2017-12-20,1500-1700,DJ Stace,DJ Stace,Iggy Pop & Jarvid Cocker,Red Right Hand,Red Right Hand,Rough Trade Records,
2017-12-20,1500-1700,DJ Stace,DJ Stace,Dinosaur Jr,Thumb,Green Mind,Sire Records,
2017-12-20,1500-1700,DJ Stace,DJ Stace,Pil,Ease,Public Image Ltd,Virgin Records Ltd,
2017-12-20,1500-1700,DJ Stace,DJ Stace,Baby Jesus,Feel For You,Took Our Sons Away,Yippee Ki Yay Records,
2017-12-20,1500-1700,DJ Stace,DJ Stace,the Black Keys,Have Love Will Travel,Thickfreakness,Fat Possum Records,
2017-12-20,1500-1700,DJ Stace,DJ Stace,Bee Bee Sea,Sonic Boomerang,Sonic Boomerang,Dirty Water Records,
2017-12-20,1500-1700,DJ Stace,DJ Stace,Sheer Mag,Expect The Bayonet,Need To Feel Your Love,Wilsun Rc,
2017-12-20,1500-1700,DJ Stace,DJ Stace,The Routes,All I Find,Dirty Needles And Pins,Dirty Water Records,
2017-12-20,1500-1700,DJ Stace,DJ Stace,"Weiss, Chuck E.",Devil with Blue Suede Shoes,Extremely Cool,Rykodisc,
2017-12-20,1500-1700,DJ Stace,DJ Stace,Wild Evel And The Trashbones,I Lost My Mind,Digging My Grave,Dirty Water Records,
2017-12-20,1500-1700,DJ Stace,DJ Stace,The Dirtbombs,Underdog,Ultraglide In Black,In the Red Records,
2017-12-20,1500-1700,DJ Stace,DJ Stace,Black Pistol Fire,Lost Cause,Deadbeat Graffiti,Rifle Bird Records,
2017-12-20,1500-1700,DJ Stace,DJ Stace,Cherry Glazerr,Told You I'd Be With The Guys,Apocalipstick,Secretly Canadian Records,
2017-12-20,1500-1700,DJ Stace,DJ Stace,The Coathangers,Down Down,Nosebleed Weekend,Suicide Squeeze Records,
2017-12-20,1500-1700,DJ Stace,DJ Stace,Devo,Gates Of Steel,Greatest Hits,Warner Bros. Records,
2017-12-20,1500-1700,DJ Stace,DJ Stace,Lo Tom,Bubblegum,Lo Tom,Barsuk Records,
2017-12-20,1500-1700,DJ Stace,DJ Stace,Pedro the Lion,When They Really Get to K...,It's Hard to Find a Friend,Made in Mexico,
2017-12-20,1500-1700,DJ Stace,DJ Stace,Dirty Fences,One More Step (Featuring Christina Halladay),Goodbye Love,Greenway Records,
2017-12-20,1500-1700,DJ Stace,DJ Stace,the Wedding Present,Corduroy,Seamonsters,First Warning,
2017-12-20,1500-1700,DJ Stace,DJ Stace,Adult Mom,Full Screen,Soft Spots,Tiny Engines,
2017-12-20,1500-1700,DJ Stace,DJ Stace,Car Seat Headrest,Drunk Drivers/Killer Whales (Single Version),Drunk Drivers/Killer Whales (Single Version),Matador Records,
2017-12-20,1500-1700,DJ Stace,DJ Stace,Big Thief,Shark Smile,Capacity,Saddle Creek,
2017-12-20,1500-1700,DJ Stace,DJ Stace,Matt Sweeney & Bonnie Prince,My Home Is the Sea,Superwolf,Drag City,
2017-12-20,1500-1700,DJ Stace,DJ Stace,Deadfellow,If Earthquakes Claimed La,Mescalifornia: A California Dream,Self-Release,
2017-12-20,1500-1700,DJ Stace,DJ Stace,The Pleasure Routine,Ruins,Sugar Mountain,Self-Release,
2017-12-20,1500-1700,DJ Stace,DJ Stace,Martha,St. Paul's (Westerberg Comprehensive),Blisters in the Pit of My Heart,Dirtnap Records,
2017-12-20,1500-1700,DJ Stace,DJ Stace,Destroyer,Cover From The Sun,Ken,Merge Records,
2017-12-20,1500-1700,DJ Stace,DJ Stace,Guided By Voices,23. Redmen and their Wives,Under the Bushes Under the Sta,Matador Records,
2017-12-20,1500-1700,DJ Stace,DJ Stace,King Krule,Half Man Half Shark,"Ooz, The",True Panther Sounds,
2017-12-20,1500-1700,DJ Stace,DJ Stace,the Jesus Lizard,The Art of Self-Defense,Liar,Touch and Go,
2017-12-20,1500-1700,DJ Stace,DJ Stace,Naked Beast,Remote Viewers,Naked Beast,Guitars And Bongos,
2017-12-13,1500-1700,DJ Stace,DJ Stace,Built To Spill,Wherever You Go,You In Reverse,Warner Brothers (Modern),
2017-12-13,1500-1700,DJ Stace,DJ Stace,Courtney Barnett & Kurt Vile,Fear Is Like a Forest,Lotta Sea Lice,Matador Records,
2017-12-13,1500-1700,DJ Stace,DJ Stace,Ty Segall,Warm Hands (Freedom Returned),Ty Segall,Drag City,
2017-12-13,1500-1700,DJ Stace,DJ Stace,The Brian Jonestown Massacre,Ufo Paycheck,Don't Get Lost,A Recordings,
2017-12-13,1500-1700,DJ Stace,DJ Stace,Downtown Boys,Lips That Bite [Radio Edit],Cost Of Living,Sub Pop Records,
2017-12-13,1500-1700,DJ Stace,DJ Stace,Sheer Mag,Expect The Bayonet,Need To Feel Your Love,Wilsun Rc,
2017-12-13,1500-1700,DJ Stace,DJ Stace,Nebula,I Need Somebody,To the Center,Sub Pop Records,
2017-12-13,1500-1700,DJ Stace,DJ Stace,The Stooges,I Wanna Be Your Dog,"Stooges, The", Uncrowned City,
2017-12-13,1500-1700,DJ Stace,DJ Stace,Destroyer,Tinseltown Swimming In Blood,Ken,Merge Records,
2017-12-13,1500-1700,DJ Stace,DJ Stace,The Fall,New Big Prince,I Am Kurious Oranj,Beggars Banquet,
2017-12-13,1500-1700,DJ Stace,DJ Stace,Bee Bee Sea,Sonic Boomerang,Sonic Boomerang,Dirty Water Records,
2017-12-13,1500-1700,DJ Stace,DJ Stace,the Hives,Hate to Say I Told You So,Veni Vidi Vicious,Burning Heart Records,
2017-12-13,1500-1700,DJ Stace,DJ Stace,Naked Beast,Aether Sation,Naked Beast,Guitars And Bongos,
2017-12-13,1500-1700,DJ Stace,DJ Stace,Queens of the Stone Age,How to Handle a Rope,Queens Of The Stone Age,Loosegroove Records,
2017-12-13,1500-1700,DJ Stace,DJ Stace,Unsane,Factory,Sterilize,Southern Lord,
2017-12-13,1500-1700,DJ Stace,DJ Stace,Scarcity Of Tanks,Ascendance,Garford Mute,Total Life Society Records,
2017-12-13,1500-1700,DJ Stace,DJ Stace,Barkmarket,The Patsy,Vegas Throat,Def American (Metal),
2017-12-13,1500-1700,DJ Stace,DJ Stace,Buddies,Modern English,Group Effort Vol. 1,Tex Me Records,
2017-12-13,1500-1700,DJ Stace,DJ Stace,Car Seat Headrest,Drunk Drivers/Killer Whales (Single Version),Drunk Drivers/Killer Whales (Single Version),Matador Records,
2017-12-13,1500-1700,DJ Stace,DJ Stace,The Jam,That's Entertainment,Beat Surrender,Polydor Ltd.,
2017-12-13,1500-1700,DJ Stace,DJ Stace,Martha,St. Paul's (Westerberg Comprehensive),Blisters in the Pit of My Heart,Dirtnap Records,
2017-12-13,1500-1700,DJ Stace,DJ Stace,Beach Slang,Hot Tramps,A Loud Bash Of Teenage Feelings,Polyvinyl Record Co.,
2017-12-13,1500-1700,DJ Stace,DJ Stace,Prettiest Eyes,Mira Nena,Pools,Castle Face Records,
2017-12-13,1500-1700,DJ Stace,DJ Stace,The Pleasure Routine,Two Artists,Sugar Mountain,Self-Release,
2017-12-13,1500-1700,DJ Stace,DJ Stace,Adult Mom,Full Screen,Soft Spots,Tiny Engines,
2017-12-13,1500-1700,DJ Stace,DJ Stace,Gutara Kyo,Romantic,Gutara Kyo,Slovenly Recordings,
2017-12-06,1500-1700,DJ Stace,DJ Stace,Love And Rockets,Ball Of Confusion,Express,Big Time,
2017-12-06,1500-1700,DJ Stace,DJ Stace,L7,Dispatch from Mar-A-Lago,Dispatch from Mar-A-Lago,Don Giovanni Records,
2017-12-06,1500-1700,DJ Stace,DJ Stace,Downtown Boys,Lips That Bite [Radio Edit],Cost Of Living,Sub Pop Records,
2017-12-06,1500-1700,DJ Stace,DJ Stace,The National,The System Only Dreams In Total Darkness,Sleep Well Beast,4AD,
2017-12-06,1500-1700,DJ Stace,DJ Stace,Snowpony,Easy Way Down,"Slow-Motion World Of Snowpony, The",Radioactive Records,
2017-12-06,1500-1700,DJ Stace,DJ Stace,Big French,The Chosen One,Stone Fish,Wharf Cat Records,
2017-12-06,1500-1700,DJ Stace,DJ Stace,Lo Tom,Bubblegum,Lo Tom,Barsuk Records,
2017-12-06,1500-1700,DJ Stace,DJ Stace,Scarcity Of Tanks,West Eleventh Terminus,Garford Mute,Total Life Society Records,
2017-12-06,1500-1700,DJ Stace,DJ Stace,Swervedriver,Son of Mustang Ford,Raise,Creation Records,
2017-12-06,1500-1700,DJ Stace,DJ Stace,Mall Walk,Fleetwood Mac,Group Effort Vol. 1,Tex Me Records,
2017-12-06,1500-1700,DJ Stace,DJ Stace,Deadfellow,If Earthquakes Claimed La,Mescalifornia: A California Dream,Self-Release,
2017-12-06,1500-1700,DJ Stace,DJ Stace,Cigarettes After Sex,Sweet,Cigarettes After Sex,Partisan Records,
2017-12-06,1500-1700,DJ Stace,DJ Stace,Flight of the Conchords,Business Time,Flight of the Conchords,Sub Pop Records,
2017-12-06,1500-1700,DJ Stace,DJ Stace,Blacktop,I Think It's Going To Rain,Up All Night,Au Go Go,
2017-12-06,1500-1700,DJ Stace,DJ Stace,The Dirtbombs,Do You See My Love (For You Growing),Ultraglide In Black,In the Red Records,
2017-12-06,1500-1700,DJ Stace,DJ Stace,Hanni El Khatib,Pay No Mind,Head In The Dirt,Innovative Leisure,
2017-12-06,1500-1700,DJ Stace,DJ Stace,The Buzzcocks,What Do I Get?,Singles Going Steady,I.R.S. Records,
2017-12-06,1500-1700,DJ Stace,DJ Stace,Black Pistol Fire,Lost Cause,Lost Cause,Rifle Bird Records,
2017-12-06,1500-1700,DJ Stace,DJ Stace,Killdozer,Good Lovin Gone Bad,For Ladies Only, Uncrowned City,
2017-12-06,1500-1700,DJ Stace,DJ Stace,Naked Beast,Remote Viewers,Naked Beast,Guitars And Bongos,
2017-12-06,1500-1700,DJ Stace,DJ Stace,Bong Cauldron,Bigfoot Reigns,Binge,Apf Records,
2017-12-06,1500-1700,DJ Stace,DJ Stace,Fu Manchu,Laserbl'ast!,"Action Is Go, the",Mammoth Records,
2017-12-06,1500-1700,DJ Stace,DJ Stace,Devo,Beautiful World,Greatest Hits,Warner Bros. Records,
2017-12-06,1500-1700,DJ Stace,DJ Stace,The Velvet Underground,Venus In Furs,The Velvet Underground & Nico,Verve Records,
2017-12-06,1500-1700,DJ Stace,DJ Stace,Cherry Glazerr,Nuclear Bomb,Apocalipstick,Secretly Canadian Records,
2017-12-06,1500-1700,DJ Stace,DJ Stace,Car Seat Headrest,Drunk Drivers/Killer Whales (Single Version),Drunk Drivers/Killer Whales (Single Version),Matador,
2017-12-06,1500-1700,DJ Stace,DJ Stace,The Desert Sessions,Teens Of Thailand,Volume 5/6,Man's Ruin Records,
2017-12-06,1500-1700,DJ Stace,DJ Stace,Sheer Mag,Expect The Bayonet,Need To Feel Your Love,Wilsun Rc,
2017-12-06,1500-1700,DJ Stace,DJ Stace,Dead Heavens,Adderall Highway,Whatever Witch You Are,Dine Alone Records,
2017-11-29,1500-1700,DJ Stace,DJ Stace,Scratch Acid,Greatest Gift,"Greatest Gift, The",Touch and Go,
2017-11-29,1500-1700,DJ Stace,DJ Stace,The Jesus Lizard,Nub,Goat,Touch and Go,
2017-11-29,1500-1700,DJ Stace,DJ Stace,Barkmarket,The Patsy,Vegas Throat,Def American (Metal),
2017-11-29,1500-1700,DJ Stace,DJ Stace,Rocket To Memphis,Do The Crawl,Off The Hip Garage Sampler,Off The Hip Records,
2017-11-29,1500-1700,DJ Stace,DJ Stace,L7,Dispatch from Mar-A-Lago,Dispatch from Mar-A-Lago,Don Giovanni Records,
2017-11-29,1500-1700,DJ Stace,DJ Stace,Queens Of The Stone Age,You're So Vague,Feel Good Hit Of The Summer,Interscope Records,
2017-11-29,1500-1700,DJ Stace,DJ Stace,Car Seat Headrest,Drunk Drivers/Killer Whales (Single Version),Drunk Drivers/Killer Whales (Single Version),Matador Records,
2017-11-29,1500-1700,DJ Stace,DJ Stace,Naomi Punk,Chapter Ii,Yellow,Captured Tracks,
2017-11-29,1500-1700,DJ Stace,DJ Stace,"Spencer, Jon Blues Explosion",Like A Hawk,Crypt Style,Crypt Records,
2017-11-29,1500-1700,DJ Stace,DJ Stace,Teen Mortgage,Shot In The Head,Strange Times,Ripple Music,
2017-11-29,1500-1700,DJ Stace,DJ Stace,Sheer Mag,Expect The Bayonet,Need To Feel Your Love,Wilsun Rc,
2017-11-29,1500-1700,DJ Stace,DJ Stace,Fugazi,Waiting Room,13 Songs,Dischord Records,
2017-11-29,1500-1700,DJ Stace,DJ Stace,Waxahatchee,Silver,Out In The Storm,Merge Records,
2017-11-29,1500-1700,DJ Stace,DJ Stace,Courtney Barnett,Pedestrian At Best,"Sometimes I Sit And Think, And Sometimes I Just Sit",Mom + Pop,
2017-11-29,1500-1700,DJ Stace,DJ Stace,Califone,Tripped On Your Cape,Insect Courage,Future Oak Record Co.,
2017-11-29,1500-1700,DJ Stace,DJ Stace,Sparklehorse & Flaming Lips,Go,The Late Great Daniel Johnston: Discovered Covered,Gammon Records,
2017-11-29,1500-1700,DJ Stace,DJ Stace,Jesca Hoop,Songs Of Old,Memories Are Now,Sub Pop Records,
2017-11-29,1500-1700,DJ Stace,DJ Stace,James Johnston,Cold Morning Light,The Starless Room,Clouds Hill Ltd.,
2017-11-29,1500-1700,DJ Stace,DJ Stace,Nick Cave & The Bad Seeds,The Ship Song,"Good Son, The",Mute Records Ltd,
2017-11-29,1500-1700,DJ Stace,DJ Stace,Cigarettes After Sex,Sweet,Cigarettes After Sex,Partisan Records,
2017-11-29,1500-1700,DJ Stace,DJ Stace,Big Thief,Shark Smile,Capacity,Saddle Creek,
2017-11-29,1500-1700,DJ Stace,DJ Stace,Mr. Gnome,Mustangs,"Heart Of A Dark Star, The",El Marko Records,
2017-11-29,1500-1700,DJ Stace,DJ Stace,Screaming Females,Shake it Off (Taylor Swift Cover),A.V. Club Undercover,A.V. Club,
2017-11-29,1500-1700,DJ Stace,DJ Stace,Downtown Boys,Lips That Bite [Radio Edit],Cost Of Living,Sub Pop Records,
2017-11-29,1500-1700,DJ Stace,DJ Stace,Spoon,Lines In The Suit,Girls Can Tell,Merge Records,
2017-11-22,1500-1700,DJ Stace,DJ Stace,Deadfellow,If Earthquakes Claimed La,Mescalifornia: A California Dream,Self-Release,
2017-11-22,1500-1700,DJ Stace,DJ Stace,Cigarettes After Sex,Sweet,Cigarettes After Sex,Partisan Records,
2017-11-22,1500-1700,DJ Stace,DJ Stace,Dan Auerbach,Undertow,Waiting On A Song,Easy Eye Sound,
2017-11-22,1500-1700,DJ Stace,DJ Stace,The Arcs,Fool's Gold,30th Century Records Compilation Volume 1,30th Century Records,
2017-11-22,1500-1700,DJ Stace,DJ Stace,Naomi Punk,Chapter Ii,Yellow,Captured Tracks,
2017-11-22,1500-1700,DJ Stace,DJ Stace,The Pleasure Routine,Two Artists,Sugar Mountain,Self-Release,
2017-11-22,1500-1700,DJ Stace,DJ Stace,the Wedding Present,Gazebo,Watusi,Island Records (World),
2017-11-22,1500-1700,DJ Stace,DJ Stace,Dead Heavens,Adderall Highway,Whatever Witch You Are,Dine Alone Records,
2017-11-22,1500-1700,DJ Stace,DJ Stace,Car Seat Headrest,1937 State Park,Teens Of Denial,Matador Records,
2017-11-22,1500-1700,DJ Stace,DJ Stace,Hanni El Khatib,Pay No Mind,Head In The Dirt,Innovative Liesure,
2017-11-22,1500-1700,DJ Stace,DJ Stace,Big French,Fly Like A Bird,Stone Fish,Wharf Cat Records,
2017-11-22,1500-1700,DJ Stace,DJ Stace,Devo,Gut Feeling (Slap Your Mammy),Q: Are We Not Men? A: We Are Devo!,Warner Bros. Records,
2017-11-22,1500-1700,DJ Stace,DJ Stace,Guided By Voices,Bulldog Skin,"Best Of, the",Matador Records,
2017-11-22,1500-1700,DJ Stace,DJ Stace,Tom Waits,Jockey Full Of Bourbon,Beautiful Maladies,Island Records,
2017-11-22,1500-1700,DJ Stace,DJ Stace,Latin Playboys,Lemon 'n Ice,Dose,Atlantic Records (Modern),
2017-11-22,1500-1700,DJ Stace,DJ Stace,13th Floor Elevators,You're Gonna Miss Me,Absolutely The Best Of The 13th Floor Elevators,Fuel 2000,
2017-11-22,1500-1700,DJ Stace,DJ Stace,Downtown Boys,Lips That Bite [Radio Edit],Cost Of Living,Sub Pop Records,
2017-11-22,1500-1700,DJ Stace,DJ Stace,Sheer Mag,Expect The Bayonet,Need To Feel Your Love,Wilsun Rc,
2017-11-22,1500-1700,DJ Stace,DJ Stace,Lala Lala,Lala Lala Song,Sleepyhead,Self-Release,
2017-11-22,1500-1700,DJ Stace,DJ Stace,Martha,St. Paul's (Westerberg Comprehensive),Blisters in the Pit of My Heart,Dirtnap Records,
2017-11-22,1500-1700,DJ Stace,DJ Stace,The Sonics,Have Love Will Travel,Here Are The Sonics,Norton Records,
2017-11-22,1500-1700,DJ Stace,DJ Stace,Slaves,Are You Satisfied,Are You Satisfied,EMI,
2017-11-22,1500-1700,DJ Stace,DJ Stace,The Heck,Waiting In Line,Waiting In Line,Dirty Water Records,
2017-11-08,1500-1700,DJ Stace,DJ Stace,Car Seat Headrest,1937 State Park,Teens Of Denial,Matador Records,
2017-11-08,1500-1700,DJ Stace,DJ Stace,Thee Oh Sees,Paranoise,Orc,Castle Face Records,
2017-11-08,1500-1700,DJ Stace,DJ Stace,Naomi Punk,Chapter Ii,Yellow,Captured Tracks,
2017-11-08,1500-1700,DJ Stace,DJ Stace,Honeymoon Killers,Kansas City Milkman,Hung Far Low,Cargo Records,
2017-11-08,1500-1700,DJ Stace,DJ Stace,The Fresh & Onlys,Dancing Chair,Wolf Lie Down,Sinderlyn,
2017-11-08,1500-1700,DJ Stace,DJ Stace,Lo Tom,Bubblegum,Lo Tom,Barsuk Records,
2017-11-08,1500-1700,DJ Stace,DJ Stace,Pedro the Lion,When They Really Get to K...,It's Hard to Find a Friend,Made in Mexico,
2017-11-08,1500-1700,DJ Stace,DJ Stace,The Arcs,Fools Gold,30th Century Records Compilation Volume 1,30th Century Records,
2017-11-08,1500-1700,DJ Stace,DJ Stace,Dan Auerbach,Undertow,Waiting On A Song,Easy Eye Sound,
2017-11-08,1500-1700,DJ Stace,DJ Stace,Pretenders,Never Be Together,Alone,Bmg Distribution,
2017-11-08,1500-1700,DJ Stace,DJ Stace,The Black Keys,Meet me in the City,Chulahoma,Fat Possum Records,
2017-11-08,1500-1700,DJ Stace,DJ Stace,Deadfellow,If Earthquakes Claimed La,Mescalifornia: A California Dream,Self-Release,
2017-11-08,1500-1700,DJ Stace,DJ Stace,James Johnston,Cold Morning Light,The Starless Room,Clouds Hill Ltd.,
2017-11-08,1500-1700,DJ Stace,DJ Stace,Gallon Drunk,Arlington Road,From the Heart of Town,Sire Records (Modern),
2017-11-08,1500-1700,DJ Stace,DJ Stace,Nick Cave & the Bad Seeds,Jubilee Street,Push the Sky Away,Bad Seed Ltd.,
2017-11-08,1500-1700,DJ Stace,DJ Stace,The National,The System Only Dreams In Total Darkness,Sleep Well Beast,4AD,
2017-11-08,1500-1700,DJ Stace,DJ Stace,The Pleasure Routine,Two Artists,Sugar Mountain,Self-Release,
2017-11-08,1500-1700,DJ Stace,DJ Stace,Talking Heads,Psycho Killer,77,Sire Records,
2017-11-08,1500-1700,DJ Stace,DJ Stace,Billy Bragg and Wilco,California Stars,Mermaid Avenue,Elektra Classics,
2017-11-08,1500-1700,DJ Stace,DJ Stace,The Beach Boys,God Only Knows,Pet Sounds,Capitol Records (Jazz),
2017-11-08,1500-1700,DJ Stace,DJ Stace,Fishbone,Sunless Saturday,"Reality of My Surroundings, Th",Columbia Records (College Radio),
2017-11-08,1500-1700,DJ Stace,DJ Stace,Ozzy Osbourne,Crazy Train,Blizzard Of Ozz [Legacy Edition],Epic Records,
2017-11-08,1500-1700,DJ Stace,DJ Stace,Motorhead,Symathy for the Devil,Under Cover,Motorhead Music,
2017-11-01,1500-1700,DJ Stace,DJ Stace,Queens Of The Stone Age,The Evil Has Landed,Villains,Matador Records,
2017-11-01,1500-1700,DJ Stace,DJ Stace,Courtney Barnett & Kurt Vile,Fear Is Like a Forest,Lotta Sea Lice,Matador Records,
2017-11-01,1500-1700,DJ Stace,DJ Stace,Pretenders,Never Be Together,Alone,Bmg Distribution,
2017-11-01,1500-1700,DJ Stace,DJ Stace,R. Ring,Elder Orphans In Heavy Chop,Ignite The Rest,Sofaburn,
2017-11-01,1500-1700,DJ Stace,DJ Stace,Dead Heavens,Adderall Highway,Whatever Witch You Are,Dine Alone Records,
2017-11-01,1500-1700,DJ Stace,DJ Stace,Heaters,Black Bolt,Matterhorn,Beyond Beyond Is Beyond,
2017-11-01,1500-1700,DJ Stace,DJ Stace,Galaxy 500,Ceremony,On Fire,Rough Trade America,
2017-11-01,1500-1700,DJ Stace,DJ Stace,Cigarettes After Sex,Sweet,Cigarettes After Sex,Partisan Records,
2017-11-01,1500-1700,DJ Stace,DJ Stace,Sheer Mag,Expect The Bayonet,Need To Feel Your Love,Wilsun Rc,
2017-11-01,1500-1700,DJ Stace,DJ Stace,The Jam,Town Called Malice,"Gift, The",Polydor Ltd.,
2017-11-01,1500-1700,DJ Stace,DJ Stace,The Coathangers,Down Down,Nosebleed Weekend,Suicide Squeeze Records,
2017-11-01,1500-1700,DJ Stace,DJ Stace,Lo Tom,Bubblegum,Lo Tom,Barsuk Records,
2017-11-01,1500-1700,DJ Stace,DJ Stace,Lala Lala,Lala Lala Song,Sleepyhead,Self-Release,
2017-11-01,1500-1700,DJ Stace,DJ Stace,The War On Drugs,In Chains,A Deeper Understanding,Atlantic Records,
2017-11-01,1500-1700,DJ Stace,DJ Stace,Wolf Parade,Valley Boy,Cry Cry Cry,Sub Pop Records,
2017-11-01,1500-1700,DJ Stace,DJ Stace,Deadfellow,If Earthquakes Claimed La,Mescalifornia: A California Dream,Self-Release,
2017-11-01,1500-1700,DJ Stace,DJ Stace,James Johnston,Cold Morning Light,The Starless Room,Clouds Hill Ltd.,
2017-11-01,1500-1700,DJ Stace,DJ Stace,The National,Guilty Party,Sleep Well Beast,4AD,
2017-11-01,1500-1700,DJ Stace,DJ Stace,Martha,St. Paul's (Westerberg Comprehensive),Blisters in the Pit of My Heart,Dirtnap Records,
2017-11-01,1500-1700,DJ Stace,DJ Stace,Flight of the Conchords,Business Time,Flight of the Conchords,Sub Pop Records,
2017-11-01,1500-1700,DJ Stace,DJ Stace,Chelsea Wolfe,Static Hum,Hiss Spun,Sargent House,
2017-11-01,1500-1700,DJ Stace,DJ Stace,Downtown Boys,Lips That Bite,Cost of Living,Sub Pop Records,
2017-11-01,1500-1700,DJ Stace,DJ Stace,Car Seat Headrest,1937 State Park,Teens Of Denial,Matador Records,
2017-10-25,1500-1700,DJ Stace,DJ Stace,Black Keys,Meet me in the City,Chulahoma,Fat Possum Records,
2017-10-25,1500-1700,DJ Stace,DJ Stace,Dan Auerbach,Undertow,Waiting On A Song,Easy Eye Sound,
2017-10-25,1500-1700,DJ Stace,DJ Stace,Pretenders,Never Be Together,Alone,Bmg Distribution,
2017-10-25,1500-1700,DJ Stace,DJ Stace,Dr. John,Revolution,Locked Down,Nonesuch Records,
2017-10-25,1500-1700,DJ Stace,DJ Stace,Sheer Mag,Expect The Bayonet,Need To Feel Your Love,Wilsun Rc,
2017-10-25,1500-1700,DJ Stace,DJ Stace,Queens Of The Stone Age,The Way You Used To Do,Villains,Matador Records,
2017-10-25,1500-1700,DJ Stace,DJ Stace,Hanni El Khatib,Pay No Mind,Head In The Dirt,Innovative Leisure,
2017-10-25,1500-1700,DJ Stace,DJ Stace,James Johnston,Dark Water,Starless Room,Clouds Hill Ltd.,
2017-10-25,1500-1700,DJ Stace,DJ Stace,Deadfellow,If Earthquakes Claimed La,Mescalifornia: A California Dream,Self-Release,
2017-10-25,1500-1700,DJ Stace,DJ Stace,Cigarettes After Sex,Sweet,Cigarettes After Sex,Partisan Records,
2017-10-25,1500-1700,DJ Stace,DJ Stace,Waxahatchee,Never Been Wrong,Out In The Storm,Merge Records,
2017-10-25,1500-1700,DJ Stace,DJ Stace,Lala Lala,Exorcism,Sleepyhead,Self-Release,
2017-10-25,1500-1700,DJ Stace,DJ Stace,Rats Bitches And Snakes,The Call,Rats Bitches And Snakes Ep,Self-Release,
2017-10-25,1500-1700,DJ Stace,DJ Stace,Teen Mortgage,Shot In The Head,Strange Times,Ripple Music,
2017-10-25,1500-1700,DJ Stace,DJ Stace,Soundgarden,Slaves and Bulldozers,Badmotorfinger,(Unknown),
2017-10-25,1500-1700,DJ Stace,DJ Stace,L.A. Witch,Drive Your Car,L.A. Witch,Suicide Squeeze Records,
2017-10-25,1500-1700,DJ Stace,DJ Stace,Dead Heavens,Adderall Highway,Whatever Witch You Are,Dine Alone Records,
2017-10-25,1500-1700,DJ Stace,DJ Stace,Car Seat Headrest,1937 State Park,Teens Of Denial,Matador Records,
2017-10-25,1500-1700,DJ Stace,DJ Stace,The Heck,Why!?,Waiting In Line,Dirty Water Records,
2017-10-25,1500-1700,DJ Stace,DJ Stace,Naomi Punk,Chapter Ii,Yellow,Captured Tracks,
2017-10-25,1500-1700,DJ Stace,DJ Stace,Courtney Barnett & Kurt Vile,Fear Is Like a Forest,Lotta Sea Lice,Matador Records,
2017-10-25,1500-1700,DJ Stace,DJ Stace,The National,The System Only Dreams In Total Darkness,Sleep Well Beast,4AD,
2017-10-25,1500-1700,DJ Stace,DJ Stace,Grizzly Bear,Four Cypresses,Painted Ruins,Rca Records (Modern),
2017-10-25,1500-1700,DJ Stace,DJ Stace,The Pleasure Routine,Two Artists,Sugar Mountain,Self-Release,
2017-10-25,1500-1700,DJ Stace,DJ Stace,Feist,Any Party,Pleasure,Universal,
2017-10-25,1500-1700,DJ Stace,DJ Stace,Big French,Fly Like A Bird,Stone Fish,Wharf Cat Records,
2017-10-18,1500-1700,DJ Stace,DJ Stace,Sheer Mag,Expect The Bayonet,Need To Feel Your Love,Wilsun Rc,
2017-10-18,1500-1700,DJ Stace,DJ Stace,Ariel Pink,Feels Like Heaven,Dedicated To Bobby Jameson,Mexican Summer,
2017-10-18,1500-1700,DJ Stace,DJ Stace,the Smiths,How Soon Is Now?,Meat Is Murder,Sire Records (Modern),
2017-10-18,1500-1700,DJ Stace,DJ Stace,Beck,Dear Life,Colors,Capital Records,
2017-10-18,1500-1700,DJ Stace,DJ Stace,Widowspeak,The Dream,Expect The Best,Captured Tracks,
2017-10-18,1500-1700,DJ Stace,DJ Stace,Big Thief,Shark Smile,Capacity,Saddle Creek,
2017-10-18,1500-1700,DJ Stace,DJ Stace,Naomi Punk,Chapter Ii,Yellow,Captured Tracks,
2017-10-18,1500-1700,DJ Stace,DJ Stace,Public Image Ltd.,Seattle,Happy?,Virgin Records,
2017-10-18,1500-1700,DJ Stace,DJ Stace,Lala Lala,Lala Lala Song,Sleepyhead,Self-Release,
2017-10-18,1500-1700,DJ Stace,DJ Stace,The Coathangers,Down Down,Nosebleed Weekend,Suicide Squeeze Records,
2017-10-18,1500-1700,DJ Stace,DJ Stace,Dead Heavens,Adderall Highway,Whatever Witch You Are,Dine Alone Records,
2017-10-18,1500-1700,DJ Stace,DJ Stace,Stockton & Post,Bank Robber,Bank Robber,Self-Release,
2017-10-18,1500-1700,DJ Stace,DJ Stace,"Spencer, Jon Blues Explosion",2KINDSA Love,Now I Got Worry,Matador Records,
2017-10-18,1500-1700,DJ Stace,DJ Stace,Flight of the Conchords,Business Time,Flight of the Conchords,Sub Pop Records,
2017-10-18,1500-1700,DJ Stace,DJ Stace,Dan Auerbach,Undertow,Waiting On A Song,Easy Eye Sound,
2017-10-18,1500-1700,DJ Stace,DJ Stace,Built To Spill,Wherever You Go,You In Reverse,Warner Brothers (Modern),
2017-10-18,1500-1700,DJ Stace,DJ Stace,Car Seat Headrest,1937 State Park,Teens Of Denial,Matador Records,
2017-10-18,1500-1700,DJ Stace,DJ Stace,Pretenders,Never Be Together,Alone,Bmg Distribution,
2017-10-18,1500-1700,DJ Stace,DJ Stace,Courtney Barnett & Kurt Vile,Over Everything,Lotta Sea Lice,Matador Records,
2017-10-18,1500-1700,DJ Stace,DJ Stace,Those Bastard Souls,The Train From Terminal Bore,Twentieth Century Chemical,Darla Records,
2017-10-18,1500-1700,DJ Stace,DJ Stace,Silversun Pickups,Lazy Eye,Carnavas,Dangerbird Records,
2017-10-18,1500-1700,DJ Stace,DJ Stace,The National,Guilty Party,Sleep Well Beast,4AD,
2017-10-18,1500-1700,DJ Stace,DJ Stace,Cigarettes After Sex,Sweet,Sweet,Partisan Records,
2017-10-18,1500-1700,DJ Stace,DJ Stace,Deadfellow,If Earthquakes Claimed La,Mescalifornia: A California Dream,Self-Release,
2017-10-18,1500-1700,DJ Stace,DJ Stace,Queens Of The Stone Age,The Way You Used To Do,Villains,Matador Records,
2017-10-11,1500-1800,DJ Stace,DJ Stace,Black Lips,Can't Hold On,Satan's Graffiti Or God's Art?,Vice Music Inc,
2017-10-11,1500-1800,DJ Stace,DJ Stace,Hurray For The Riff Raff,Hungry Ghost,"Navigator, The",Ato Records,
2017-10-11,1500-1800,DJ Stace,DJ Stace,"Spencer, Jon Blues Explosion",Torture,Acme,Matador Records,
2017-10-11,1500-1800,DJ Stace,DJ Stace,Queens Of The Stone Age,The Evil Has Landed,Villains,Matador Records,
2017-10-11,1500-1800,DJ Stace,DJ Stace,Beck,Dear Life,Dear Life,Capital Records,
2017-10-11,1500-1800,DJ Stace,DJ Stace,Broken Social Scene,Sol Luna,Hug Of Thunder,Arts & Crafts,
2017-10-11,1500-1800,DJ Stace,DJ Stace,Broken Social Scene,Protest Song,Hug Of Thunder,Arts & Crafts,
2017-10-11,1500-1800,DJ Stace,DJ Stace,Courtney Barnett & Kurt Vile,Over Everything,Over Everything,Matador Records,
2017-10-11,1500-1800,DJ Stace,DJ Stace,Arcade Fire,Everything Now (Radio Edit Of #2),Everything Now,Columbia Records,
2017-10-11,1500-1800,DJ Stace,DJ Stace,Kyle Craft,Three Candles,Dolls Of Highland,Sub Pop Records,
2017-10-11,1500-1800,DJ Stace,DJ Stace,Big Thief,Shark Smile,Capacity,Saddle Creek,
2017-10-11,1500-1800,DJ Stace,DJ Stace,Sheer Mag,Expect The Bayonet,Need To Feel Your Love,Wilsun Rc,
2017-10-11,1500-1800,DJ Stace,DJ Stace,Feist,Any Party,Pleasure,Universal,
2017-10-11,1500-1800,DJ Stace,DJ Stace,Ministry,Every Day Is Halloween,Every Day Is Halloween,*,
2017-10-11,1500-1800,DJ Stace,DJ Stace,Brant Bjork,Toot,Jalamanta,Man's Ruin Records,
2017-10-11,1500-1800,DJ Stace,DJ Stace,James Johnston,Cold Morning Light,The Starless Room,Clouds Hill Ltd.,
2017-10-11,1500-1800,DJ Stace,DJ Stace,Joy Downer,Stranger In Places,Radio Dreamer Ep,Self-Release,
2017-10-11,1500-1800,DJ Stace,DJ Stace,Dead Heavens,Adderall Highway,Whatever Witch You Are,Dine Alone Records,
2017-10-11,1500-1800,DJ Stace,DJ Stace,Pretenders,Never Be Together,Alone,Bmg Distribution,
2017-10-11,1500-1800,DJ Stace,DJ Stace,Car Seat Headrest,1937 State Park,Teens Of Denial,Matador Records,
2017-10-11,1500-1800,DJ Stace,DJ Stace,Naomi Punk,Chapter Ii,Yellow,Captured Tracks,
2017-10-11,1500-1800,DJ Stace,DJ Stace,Dan Auerbach,Undertow,Waiting On A Song,Easy Eye Sound,
2017-10-04,1500-1700,DJ Stace,DJ Stace,Dan Auerbach,Undertow,Waiting On A Song,Easy Eye Sound,
2017-10-04,1500-1700,DJ Stace,DJ Stace,Iron & Wine,Call It Dreaming,Beast Epic,Sub Pop Records,
2017-10-04,1500-1700,DJ Stace,DJ Stace,A Giant Dog,Angst In My Pants,Toy,Merge Records,
2017-10-04,1500-1700,DJ Stace,DJ Stace,The Coathangers,Down Down,Nosebleed Weekend,Suicide Squeeze Records,
2017-10-04,1500-1700,DJ Stace,DJ Stace,Courtney Barnett & Kurt Vile,Over Everything,Over Everything,Matador Records,
2017-10-04,1500-1700,DJ Stace,DJ Stace,Tom Petty And The Heartbreakers,American Girl,Greatest Hits,Mca Records,
2017-10-04,1500-1700,DJ Stace,DJ Stace,Feist,Century,Pleasure,Universal,
2017-10-04,1500-1700,DJ Stace,DJ Stace,Latin Playboys,Manifold De Amour,Latin Playboys,Slash Records,
2017-10-04,1500-1700,DJ Stace,DJ Stace,the Grifters,Boho/Alt,Ain't My Lookout,Sub Pop Records,
2017-10-04,1500-1700,DJ Stace,DJ Stace,Andrew Weathers Ensemble,Tule Rush / Tule Mind,Build A Mountain Where Our Bodies Fall,Full Spectrum,
2017-10-04,1500-1700,DJ Stace,DJ Stace,Devendra Banhart,Will Is My Friend,Rejoicing in the Hands,Young God Records,
2017-10-04,1500-1700,DJ Stace,DJ Stace,Pretenders,Never Be Together,Alone,Bmg Distribution,
2017-10-04,1500-1700,DJ Stace,DJ Stace,Naomi Punk,Chapter Ii,Yellow,Captured Tracks,
2017-10-04,1500-1700,DJ Stace,DJ Stace,The Arcs,Lake Superior,Lake Superior,The Arcs,
2017-10-04,1500-1700,DJ Stace,DJ Stace,Sheer Mag,Expect The Bayonet,Need To Feel Your Love,Wilsun Rc,
2017-10-04,1500-1700,DJ Stace,DJ Stace,Lala Lala,Lala Lala Song,Sleepyhead,Self-Release,
2017-10-04,1500-1700,DJ Stace,DJ Stace,The National,Guilty Party,Sleep Well Beast,4AD,
2017-10-04,1500-1700,DJ Stace,DJ Stace,Dead Heavens,Adderall Highway,Whatever Witch You Are,Dine Alone Records,
2017-10-04,1500-1700,DJ Stace,DJ Stace,The Afghan Whigs,You Want Love (feat. James Hall),You Want Love (feat. James Hall),Sub Pop Records,
2017-10-04,1500-1700,DJ Stace,DJ Stace,Lo Tom,Bubblegum,Lo Tom,Barsuk Records,
2017-10-04,1500-1700,DJ Stace,DJ Stace,Queens Of The Stone Age,The Evil Has Landed,Villains,Matador Records,
2017-10-04,1500-1700,DJ Stace,DJ Stace,Beck,Dear Life,Dear Life,Capital Records,
2017-10-04,1500-1700,DJ Stace,DJ Stace,Car Seat Headrest,1937 State Park,Teens Of Denial,Matador Records,
2017-10-04,1500-1700,DJ Stace,DJ Stace,Father John Misty,Things It Would Have Been Helpful To Know Before The Revolution,Pure Comedy,Sub Pop Records,
2017-10-04,1500-1700,DJ Stace,DJ Stace,Deadfellow,If Earthquakes Claimed La,Mescalifornia: A California Dream,Self-Release,
2017-09-27,1400-1800,DJ Stace,DJ Stace,Guadalcanal Diary,Trails of Tears,Walking In the Shadow of the Big Man,Megadisc,
2017-09-27,1400-1800,DJ Stace,DJ Stace,The Psychedelic Furs,All That Money Wants,All Of This And Nothing,Columbia,
2017-09-27,1400-1800,DJ Stace,DJ Stace,Bright Eyes,Pull My Hair,Letting Off the Happiness,Saddle Creek Records,
2017-09-27,1400-1800,DJ Stace,DJ Stace,Sparklehorse,Please Don't take My Sunshine Away,Dreamt for Light Years In the Belly of a Mountain,Capital Records,
2017-09-27,1400-1800,DJ Stace,DJ Stace,the American Analog Set,Diana Slowburner Ii,"Fun of Watching Fireworks, the",Emperor Jones,
2017-09-27,1400-1800,DJ Stace,DJ Stace,Meat Puppets,Aurora Borealis,Meat Puppets II,SST Records,
2017-09-27,1400-1800,DJ Stace,DJ Stace,Son Volt,Tear Stained Eye,Trace,Warner Brothers (Modern),
2017-09-27,1400-1800,DJ Stace,DJ Stace,Queens Of The Stone Age,The Evil Has Landed,Villains,Matador Records,
2017-09-27,1400-1800,DJ Stace,DJ Stace,Naomi Punk,Chapter Ii,Yellow,Captured Tracks,
2017-09-27,1400-1800,DJ Stace,DJ Stace,Snakefinger,The Man In The Dark Sedan,The Man In The Dark Sedan,Ralph Records,
2017-09-27,1400-1800,DJ Stace,DJ Stace,Thee Oh Sees,Paranoise,Orc,Castle Face Records,
2017-09-27,1400-1800,DJ Stace,DJ Stace,L.A. Witch,Drive Your Car,L.A. Witch,Suicide Squeeze Records,
2017-09-27,1400-1800,DJ Stace,DJ Stace,Lala Lala,Lala Lala Song,Sleepyhead,Self-Release,
2017-09-27,1400-1800,DJ Stace,DJ Stace,Pleasure Routine,Ruins (LIVE),KZSU Wednesday Night Live 2017,KZSU Stanford,
2017-09-27,1400-1800,DJ Stace,DJ Stace,Dan Auerbach,Never In My Wildest Dreams,Waiting On A Song,Easy Eye Sound,
2017-09-27,1400-1800,DJ Stace,DJ Stace,So Many Wizards,Wiper Blades,Heavy Vision,Lolipop Records,
2017-09-27,1400-1800,DJ Stace,DJ Stace,R. Ring,Elder Orphans In Heavy Chop,Ignite The Rest,Sofaburn,
2017-09-27,1400-1800,DJ Stace,DJ Stace,Black Lips,Crystal Night,Satan's Graffiti Or God's Art?,Vice Music Inc,
2017-09-27,1400-1800,DJ Stace,DJ Stace,Courtney Barnett & Kurt Vile,Over Everything,Over Everything,Matador Records,
2017-09-27,1400-1800,DJ Stace,DJ Stace,Guided By Voices,Blimps Go 90,Alien Lanes,Matador Records,
2017-09-27,1400-1800,DJ Stace,DJ Stace,Dirty Fences,2x2,Sell The Truth,Dirty Water Records,
2017-09-27,1400-1800,DJ Stace,DJ Stace,Deadfellow,"Emily, Don't Change Your Mind",Mescalifornia: A California Dream,Self-Release,
2017-09-27,1400-1800,DJ Stace,DJ Stace,Big Thief,Shark Smile,Capacity,Saddle Creek,
2017-09-27,1400-1800,DJ Stace,DJ Stace,Arcade Fire,Everything Now (Radio Edit Of #2),Everything Now,Columbia Records,
2017-09-27,1400-1800,DJ Stace,DJ Stace,Iron & Wine,Bitter Truth,Beast Epic,Sub Pop Records,
2017-09-27,1400-1800,DJ Stace,DJ Stace,Cat Power,Cross Bones Style,Moon Pix,Matador Records,
2017-09-27,1400-1800,DJ Stace,DJ Stace,Jeff Tweedy,Muzzle of Bees,Together At Last,Anti-,
2017-09-27,1400-1800,DJ Stace,DJ Stace,Lo Tom,Bubblegum,Lo Tom,Barsuk Records,
2017-09-27,1400-1800,DJ Stace,DJ Stace,Pixies,Head Carrier,Head Carrier,Play It Again Sam Records,
2017-09-27,1400-1800,DJ Stace,DJ Stace,Puddles Pity Party,Folsom Wizard,Folsom Wizard,Puddles Pity Party,
2017-09-27,1400-1800,DJ Stace,DJ Stace,Meatloaf,Paradise By the Dashboard Light,Hits Out of Hell,Sony BMG Music Entertainment,
2017-09-27,1400-1800,DJ Stace,DJ Stace,Pretenders,Never Be Together,Alone,Bmg Distribution,
2017-09-27,1400-1800,DJ Stace,DJ Stace,Sheer Mag,Expect The Bayonet,Need To Feel Your Love,Wilsun Rc,
2017-09-27,1400-1800,DJ Stace,DJ Stace,The War On Drugs,Thinking Of A Place,A Deeper Understanding,Atlantic Records,
2017-09-27,1400-1800,DJ Stace,DJ Stace,Cigarettes After Sex,Sweet,Sweet,Partisan Records,
2017-09-27,1400-1800,DJ Stace,DJ Stace,Jolie Holland & Samantha Parton,Wildflower Blues,Wildflower Blues,Cinquefoil Records,
2017-09-27,1400-1800,DJ Stace,DJ Stace,Widowspeak,The Dream,Expect The Best,Captured Tracks,
2017-09-27,1400-1800,DJ Stace,DJ Stace,Langhorne Slim,Zombie,Never Break,Narnack Records,
2017-09-27,1400-1800,DJ Stace,DJ Stace,Dead Heavens,Adderall Highway,Whatever Witch You Are,Dine Alone Records,
2017-09-27,1400-1800,DJ Stace,DJ Stace,Car Seat Headrest,1937 State Park,Teens Of Denial,Matador Records,
2017-09-27,1400-1800,DJ Stace,DJ Stace,Pretenders,My City Was Gone,Learning To Crawl,Sire Records,
2017-09-27,1400-1800,DJ Stace,DJ Stace,Hurray For The Riff Raff,Hungry Ghost,"Navigator, The",Ato Records,
2017-09-27,1400-1800,DJ Stace,DJ Stace,Beck,Dear Life,Dear Life,Capitol Records,
2017-09-27,1400-1800,DJ Stace,DJ Stace,Golden Pelicans,Buck 380,Disciples Of Blood,Goner Records,
2017-09-27,1400-1800,DJ Stace,DJ Stace,Adam and the Ants,Never Trust a Man(With Egg O,Dirk Wears White Sox,Epic Records (Modern),
2017-09-20,1500-1800,DJ Stace,DJ Stace,Big Thief,Shark Smile,Capacity,Saddle Creek,
2017-09-20,1500-1800,DJ Stace,DJ Stace,Beck,Dear Life,Dear Life,Capitol Records,
2017-09-20,1500-1800,DJ Stace,DJ Stace,The War On Drugs,Up All Night,A Deeper Understanding,Atlantic Records,
2017-09-20,1500-1800,DJ Stace,DJ Stace,Sheer Mag,Expect the Bayonet,Need to Feel Your Love,Sheer Mag LLC.,
2017-09-20,1500-1800,DJ Stace,DJ Stace,Arcade Fire,Everything Now (Radio Edit Of #2),Everything Now,Columbia Records,
2017-09-20,1500-1800,DJ Stace,DJ Stace,Lo Tom,Bubblegum,Lo Tom,Barsuk Records,
2017-09-20,1500-1800,DJ Stace,DJ Stace,Thee Oh Sees,Paranoise,Orc,Castle Face Records,
2017-09-20,1500-1800,DJ Stace,DJ Stace,Spoon,Hot Thoughts,Hot Thoughts,Matador Records,
2017-09-20,1500-1800,DJ Stace,DJ Stace,Ween,Push Th' Little Daisies (Shi,Push Th' Little Daisies,Elektra Records (Local),
2017-09-20,1500-1800,DJ Stace,DJ Stace,Kurt Vile,Pretty Pimpin,B'lieve I'm Goin Down,Matador Records,
2017-09-20,1500-1800,DJ Stace,DJ Stace,Courtney Barnett & Kurt Vile,Over Everything,Over Everything,Matador Records,
2017-09-20,1500-1800,DJ Stace,DJ Stace,Skinny Puppy,Love,Mind: The Perpetual Intercourse,Nettwerk Records,
2017-09-20,1500-1800,DJ Stace,DJ Stace,Beechwood,All For Naught,Land Of Nod,Burger Records,
2017-09-20,1500-1800,DJ Stace,DJ Stace,Don Williams,Some Broken Hearts Never Mend,The Definitive Collection,Nashville MCA Records,
2017-09-20,1500-1800,DJ Stace,DJ Stace,Dan Auerbach,Never In My Wildest Dreams,Waiting On A Song,Easy Eye Sound,
2017-09-20,1500-1800,DJ Stace,DJ Stace,Pretenders,Never Be Together,Alone,Bmg Distribution,
2017-09-20,1500-1800,DJ Stace,DJ Stace,Wire,Brio,Silver/Lead,Pinkflag,
2017-09-20,1500-1800,DJ Stace,DJ Stace,Wire,Ahead,"Ideal Copy, The",Enigma Records,
2017-09-20,1500-1800,DJ Stace,DJ Stace,Drinking Flowers,Public Servants,New Swirled Order,Manifesto Records,
2017-09-20,1500-1800,DJ Stace,DJ Stace,The Jesus And Mary Chain,All Things Pass,Damage And Joy,Artificial Plastic Records,
2017-09-20,1500-1800,DJ Stace,DJ Stace,Liars,Face To Face With My Face,Tfcf,Mute Artists Limited,
2017-09-20,1500-1800,DJ Stace,DJ Stace,Laurie Anderson,O Superman,Big Science,Warner Bros. Records,
2017-09-20,1500-1800,DJ Stace,DJ Stace,Father John Misty,Leaving L.A.,Pure Comedy,Sub Pop Records,
2017-09-20,1500-1800,DJ Stace,DJ Stace,Naomi Punk,Chapter Ii,Yellow,Captured Tracks,
2017-09-20,1500-1800,DJ Stace,DJ Stace,Dead Heavens,Adderall Highway,Whatever Witch You Are,Dine Alone Records,
2017-09-20,1500-1800,DJ Stace,DJ Stace,Feist,The Wind,Pleasure,Universal,
2017-09-20,1500-1800,DJ Stace,DJ Stace,Jeff Tweedy,I'm Always In Love,Together At Last,Anti-,
2017-09-20,1500-1800,DJ Stace,DJ Stace,Queens Of The Stone Age,The Evil Has Landed,Villains,Matador Records,
2017-09-20,1500-1800,DJ Stace,DJ Stace,The Pleasure Routine,Two Artists,Sugar Mountain,Self-Release,
2017-09-20,1500-1800,DJ Stace,DJ Stace,Dirty Fences,2x2,Sell The Truth,Dirty Water Records,
2017-09-20,1500-1800,DJ Stace,DJ Stace,Car Seat Headrest,1937 State Park,Teens Of Denial,Matador Records,
2017-09-20,1500-1800,DJ Stace,DJ Stace,Slint,"Good Morning, Captain",Spiderland,Touch and Go,
2017-09-20,1500-1800,DJ Stace,DJ Stace,Black Lips,Crystal Night,Satan's Graffiti Or God's Art?,Vice Music Inc,
2017-09-20,1500-1800,DJ Stace,DJ Stace,Soundgarden,Girl You Want,Echo of Miles: Scattered Tracks Across the Path,A&M Records,
2017-09-20,1500-1800,DJ Stace,DJ Stace,Slaves,Are You Satisfied?,Are You Satisfied?,EMI,
2017-09-20,1500-1800,DJ Stace,DJ Stace,Lake Of Fire,Julie,Space Is Safe,Self-Release,
2017-09-13,1500-1800,DJ Stace,DJ Stace,Queens Of The Stone Age,The Way You Used To Do,Villains,Matador Records,
2017-09-13,1500-1800,DJ Stace,DJ Stace,Golden Pelicans,Buck 380,Disciples Of Blood,Goner Records,
2017-09-13,1500-1800,DJ Stace,DJ Stace,The Stooges,I Wanna Be Your Dog,"Stooges, The", Uncrowned City,
2017-09-13,1500-1800,DJ Stace,DJ Stace,Las Robertas,Not Enough,Waves Of The New,Buen Dia Records,
2017-09-13,1500-1800,DJ Stace,DJ Stace,Sheer Mag,Expect the Bayonet,Need to Feel Your Love,Sheer Mag LLC.,
2017-09-13,1500-1800,DJ Stace,DJ Stace,The Jam,That's Entertainment,Sound Affects,Polydor Ltd.,
2017-09-13,1500-1800,DJ Stace,DJ Stace,Half Japanese,Here We Are,Hear The Lions Roar,Fire Records,
2017-09-13,1500-1800,DJ Stace,DJ Stace,"Carrol, Jim Band, the",People Who Died,Catholic Boy,Atco Records,
2017-09-13,1500-1800,DJ Stace,DJ Stace,Queens of the Stone Age,The Lost Art of Keeping a St,R,Interscope Records,
2017-09-13,1500-1800,DJ Stace,DJ Stace,Car Seat Headrest,1937 State Park,Teens Of Denial,Matador Records,
2017-09-13,1500-1800,DJ Stace,DJ Stace,The Black Angels,Young Men Dead,Passover,Light In The Attic Records,
2017-09-13,1500-1800,DJ Stace,DJ Stace,Lake Of Fire,Space Is Safe,Space Is Safe,Self-Release,
2017-09-13,1500-1800,DJ Stace,DJ Stace,Daniel Johnston,True Love Will Find You In The End,1990,Shimmy Disc,
2017-09-13,1500-1800,DJ Stace,DJ Stace,Iron & Wine,"Sodom, South Georgia",Our Endless Numbered Days,Sub Pop Records,
2017-09-13,1500-1800,DJ Stace,DJ Stace,Wire,Diamonds In Cups,Silver/Lead,Pinkflag,
2017-09-13,1500-1800,DJ Stace,DJ Stace,Pretenders,Never Be Together,Alone,Bmg Distribution,
2017-09-13,1500-1800,DJ Stace,DJ Stace,Pretenders,Tattooed Love Boys,Pretenders,Sire Records,
2017-09-13,1500-1800,DJ Stace,DJ Stace,Dan Auerbach,Never In My Wildest Dreams,Waiting On A Song,Easy Eye Sound,
2017-09-13,1500-1800,DJ Stace,DJ Stace,Tom Waits,Jockey Full Of Bourbon,Beautiful Maladies,Island Records,
2017-09-13,1500-1800,DJ Stace,DJ Stace,Guided By Voices,Circus Day Hold Out,August By Cake,Gbv Records,
2017-09-13,1500-1800,DJ Stace,DJ Stace,Pixies,Head Carrier,Head Carrier,Play It Again Sam Records,
2017-09-13,1500-1800,DJ Stace,DJ Stace,R. Ring,Elder Orphans In Heavy Chop,Ignite The Rest,Sofaburn,
2017-09-13,1500-1800,DJ Stace,DJ Stace,Lo Tom,Bubblegum,Lo Tom,Barsuk Records,
2017-09-13,1500-1800,DJ Stace,DJ Stace,The Hives,Hate To Say I Told You So,Your New Favorite Band,Poptones,
2017-09-13,1500-1800,DJ Stace,DJ Stace,Playboy Manbaby,You Can Be A Fascist Too,Don't Let It Be,Dirty Water Records,
2017-09-13,1500-1800,DJ Stace,DJ Stace,Dirty Fences,2x2,Sell The Truth,Dirty Water Records,
2017-09-13,1500-1800,DJ Stace,DJ Stace,Screaming Females,Shake it Off (Taylor Swift Cover),A.V. Club Undercover,A.V. Club,
2017-09-13,1500-1800,DJ Stace,DJ Stace,The Coathangers,Down Down,Nosebleed Weekend,Suicide Squeeze Records,
2017-09-13,1500-1800,DJ Stace,DJ Stace,Beck,Dear Life,Dear Life,Capital Records,
2017-09-13,1500-1800,DJ Stace,DJ Stace,A Giant Dog,Angst In My Pants,Toy,Merge Records,
2017-09-13,1500-1800,DJ Stace,DJ Stace,Courtney Barnett & Kurt Vile,Over Everything,Over Everything,Matador Records,
2017-09-13,1500-1800,DJ Stace,DJ Stace,Thee Oh Sees,Cadaver Dog,Orc,Castle Face Records,
2017-09-13,1500-1800,DJ Stace,DJ Stace,Those Bastard Souls,Subterranean Death Ride Blue,Twentieth Century Chemical,Darla Records,
2017-09-13,1500-1800,DJ Stace,DJ Stace,Big Thief,Pretty Things,Capacity,Saddle Creek,
2017-09-13,1500-1800,DJ Stace,DJ Stace,Wreckless Eric,Whole Wide World,Stranger Than Fiction,Columbia Records (College Radio),
2017-09-13,1500-1800,DJ Stace,DJ Stace,Joy Downer,Stranger In Places,Radio Dreamer Ep,Self-Release,
2017-09-13,1500-1800,DJ Stace,DJ Stace,Hurray For The Riff Raff,Hungry Ghost,"Navigator, The",Ato Records,
2017-09-13,1500-1800,DJ Stace,DJ Stace,The Kills,Doing It To Death,Ash & Ice,Domino Recording Company,
2017-09-13,1500-1800,DJ Stace,DJ Stace,Black Lips,Crystal Night,Satan's Graffiti Or God's Art?,Vice Music Inc,
2017-09-13,1500-1800,DJ Stace,DJ Stace,Stiff Little Fingers,Alternative Ulster,All The Best,One Way Records,
2017-09-13,1500-1800,DJ Stace,DJ Stace,The New Year,Mayday,Snow,Undertow Records,
2017-09-13,1500-1800,DJ Stace,DJ Stace,Liars,No Help Pamphlet,Tfcf,Mute Artists Limited,
2017-09-06,1500-1800,DJ Stace,DJ Stace,The New Year,The Beast,Snow,Undertow Records,
2017-09-06,1500-1800,DJ Stace,DJ Stace,Bedhead,Living Well,Whatfunlifewas,Trance Syndicate Records,
2017-09-06,1500-1800,DJ Stace,DJ Stace,Virgin Prunes,Sweethome (Under White Clouds),"Hidden Lie (Live In Paris 6/6/86), The",Baby Records,
2017-09-06,1500-1800,DJ Stace,DJ Stace,R. Ring,Elder Orphans In Heavy Chop,Ignite The Rest,Sofaburn,
2017-09-06,1500-1800,DJ Stace,DJ Stace,Pixies,Um Chagga Lagga (Clean Edit Version),Head Carrier,Play It Again Sam Records,
2017-09-06,1500-1800,DJ Stace,DJ Stace,Lo Tom,Bubblegum,Lo Tom,Barsuk Records,
2017-09-06,1500-1800,DJ Stace,DJ Stace,Queens Of The Stone Age,The Way You Used To Do,Villains,Matador Records,
2017-09-06,1500-1800,DJ Stace,DJ Stace,UNKLE,Restless (feat. Josh Homme),War Stories,Traffic Inc.,
2017-09-06,1500-1800,DJ Stace,DJ Stace,Boss Hog,Elevator,Brood X,In the Red Records,
2017-09-06,1500-1800,DJ Stace,DJ Stace,The Kills,Siberian Nights,Ash & Ice,Domino Recording Company,
2017-09-06,1500-1800,DJ Stace,DJ Stace,Spoon,I Turn My Camera on,Gimme Fiction,Merge Records,
2017-09-06,1500-1800,DJ Stace,DJ Stace,Inxs,Kiss The Dirt (Falling Down The Mountain),Listen Like Thieves,Atco Records,
2017-09-06,1500-1800,DJ Stace,DJ Stace,Courtney Barnett,Pedestrian At Best,"Sometimes I Sit And Think, And Sometimes I Just Sit",Mom + Pop,
2017-09-06,1500-1800,DJ Stace,DJ Stace,Courtney Barnett & Kurt Vile,Over Everything,Over Everything,Marathon Artists,
2017-09-06,1500-1800,DJ Stace,DJ Stace,Sheer Mag,Expect the Bayonet,Need to Feel Your Love,Sheer Mag LLC.,
2017-09-06,1500-1800,DJ Stace,DJ Stace,My Morning Jacket,Mahgeetah,It Still Moves (Deluxe Reissue),Ato Records,
2017-09-06,1500-1800,DJ Stace,DJ Stace,The Flaming Lips,She Don't Use Jelly,Transmissions From The Satellite Heart,Warner Brothers (Modern),
2017-09-06,1500-1800,DJ Stace,DJ Stace,Father John Misty,Do You Realize (Flaming Lips Cover),A.V. Club Undercover,A.V. Club,
2017-09-06,1500-1800,DJ Stace,DJ Stace,Father John Misty,Hollywood Forever Cemetery Sings,Fear Fun,Sub Pop Records,
2017-09-06,1500-1800,DJ Stace,DJ Stace,Black Lips,Can't Hold On,Satan's Graffiti Or God's Art?,Vice Music Inc,
2017-09-06,1500-1800,DJ Stace,DJ Stace,J Mascis,Waltz #2,Say Yes! A Tribute To Elliott Smith,American Laundromat Records,
2017-09-06,1500-1800,DJ Stace,DJ Stace,Elliott Smith,Needle in the Hay,Elliott Smith,Kill Rock Stars,
2017-09-06,1500-1800,DJ Stace,DJ Stace,Dirty Fences,2x2,Sell The Truth,Dirty Water Records,
2017-09-06,1500-1800,DJ Stace,DJ Stace,Screaming Females,Shake it Off (Taylor Swift Cover),A.V. Club Undercover,A.V. Club,
2017-09-06,1500-1800,DJ Stace,DJ Stace,Scratch Acid,Greatest Gift,"Greatest Gift, The",Touch and Go,
2017-09-06,1500-1800,DJ Stace,DJ Stace,Dead Heavens,Adderall Highway,Whatever Witch You Are,Dine Alone Records,
2017-09-06,1500-1800,DJ Stace,DJ Stace,13th Floor Elevators,You're Gonna Miss Me,Absolutely The Best Of The 13th Floor Elevators,Fuel 2000,
2017-09-06,1500-1800,DJ Stace,DJ Stace,The Dirtbombs,Ode To A Black Man,Ultraglide In Black,In the Red Records,
2017-09-06,1500-1800,DJ Stace,DJ Stace,Flight of the Conchords,Business Time,Flight of the Conchords,Matador Records,
2017-09-06,1500-1800,DJ Stace,DJ Stace,Hurray For The Riff Raff,Hungry Ghost,"Navigator, The",Ato Records,
2017-09-06,1500-1800,DJ Stace,DJ Stace,Wire,Playing Harp For The Fishes,Silver/Lead,Pinkflag,
2017-09-06,1500-1800,DJ Stace,DJ Stace,Bauhaus,Dark Entries,Press The Eject And Give Me The Tape,Beggars Banquet,
2017-09-06,1500-1800,DJ Stace,DJ Stace,The Pleasure Routine,Two Artists,Sugar Mountain,Self-Release,
2017-09-06,1500-1800,DJ Stace,DJ Stace,Pretenders,Holy Commotion,Alone,Bmg Distribution,
2017-09-06,1500-1800,DJ Stace,DJ Stace,Dan Auerbach,Never In My Wildest Dreams,Waiting On A Song,Easy Eye Sound,
2017-09-06,1500-1800,DJ Stace,DJ Stace,The Darts,The Generator,Me.Ow,Dirty Water Records,
2017-09-06,1500-1800,DJ Stace,DJ Stace,Playboy Manbaby,You Can Be A Fascist Too,Don't Let It Be,Dirty Water Records,
2017-09-06,1500-1800,DJ Stace,DJ Stace,"Spencer, Jon Blues Explosion",Like A Hawk,Crypt Style,Crypt Records,
2017-08-30,1500-1800,DJ Stace,DJ Stace,The New Year,Myths,Snow,Undertow Records,
2017-08-30,1500-1800,DJ Stace,DJ Stace,Queens of the Stone Age,Feet Don't Fail Me,Villains,Matador,
2017-08-30,1500-1800,DJ Stace,DJ Stace,R. Ring,Elder Orphans In Heavy Chop,Ignite The Rest,Sofaburn,
2017-08-30,1500-1800,DJ Stace,DJ Stace,Dinosaur Jr,Thumb,Green Mind,Sire Records,
2017-08-30,1500-1800,DJ Stace,DJ Stace,Kurt Vile,Over Everything (feat. Courtney Barnett),Over Everything (feat. Courtney Barnett),Milk!,
2017-08-30,1500-1800,DJ Stace,DJ Stace,Palm Fire,"Si, Chavez","Si, Chavez",Palm Fire,
2017-08-30,1500-1800,DJ Stace,DJ Stace,The Pleasure Routine,Ruins (LIVE),KZSU Wednesday Night Live 2017,KZSU Live,
2017-08-30,1500-1800,DJ Stace,DJ Stace,Sloan,Coax Me,Twice Removed,Geffen Records,
2017-08-30,1500-1800,DJ Stace,DJ Stace,Queens of the Stone Age,The Way You Used To Do,Villains,Matador,
2017-08-30,1500-1800,DJ Stace,DJ Stace,Dan Auerbach,Never In My Wildest Dreams,Waiting On A Song,Easy Eye Sound,
2017-08-30,1500-1800,DJ Stace,DJ Stace,Big Thief,Shark Smile,Capacity,Saddle Creek,
2017-08-30,1500-1800,DJ Stace,DJ Stace,"Portugal, The Man",Feel It Still,Feel It Still,Warner,
2017-08-30,1500-1800,DJ Stace,DJ Stace,Arcade Fire,Everything Now (Radio Edit Of #2),Everything Now,Columbia Records,
2017-08-30,1500-1800,DJ Stace,DJ Stace,Father John Misty,The Suburbs (Arcade Fire Cover),CBC Live,CBC,
2017-08-30,1500-1800,DJ Stace,DJ Stace,Father John Misty,Total Entertainment Forever,Pure Comedy,Sub Pop Records,
2017-08-30,1500-1800,DJ Stace,DJ Stace,Screaming Females,Shake it Off (Taylor Swift Cover),A.V. Club Undercover,A.V. Club,
2017-08-30,1500-1800,DJ Stace,DJ Stace,Rays,Attic,Rays,Trouble In Mind Records,
2017-08-30,1500-1800,DJ Stace,DJ Stace,Queens of the Stone Age,Domesticated Animals,Villains,Matador,
2017-08-30,1500-1800,DJ Stace,DJ Stace,Boss Hog,Elevator,Brood X,In the Red Records,
2017-08-30,1500-1800,DJ Stace,DJ Stace,Beck,Dear Life,Dear Life,Colors,
2017-08-30,1500-1800,DJ Stace,DJ Stace,Queens of the Stone Age,Fortress,Villains,Matador,
2017-08-30,1500-1800,DJ Stace,DJ Stace,Diet Cig,Blob Zombie,Swear I'm Good At This,Frenchkiss Records,
2017-08-30,1500-1800,DJ Stace,DJ Stace,Sheer Mag,Expect the Bayonet,Need to Feel Your Love,Sheer Mag LLC.,
2017-08-30,1500-1800,DJ Stace,DJ Stace,Shitkid,Sugar Town,Fish,Pnkslm Recordings,
2017-08-30,1500-1800,DJ Stace,DJ Stace,Devo,Gates Of Steel,Greatest Hits,Warner Bros. Records,
2017-08-30,1500-1800,DJ Stace,DJ Stace,Hurray For The Riff Raff,Fourteen Floors,"Navigator, The",Ato Records,
2017-08-30,1500-1800,DJ Stace,DJ Stace,Juana Molina,Sin Dones,Halo,Crammed Discs,
2017-08-30,1500-1800,DJ Stace,DJ Stace,Nouvelle Vague,Making Plans for Nigel,Nouvelle Vague,Luka Bop,
2017-08-30,1500-1800,DJ Stace,DJ Stace,The Buzzcocks,What Do I Get?,Singles Going Steady,I.R.S. Records,
2017-08-30,1500-1800,DJ Stace,DJ Stace,Dirty Fences,2x2,Sell The Truth,Dirty Water Records,
2017-08-30,1500-1800,DJ Stace,DJ Stace,Suicide Generation,Suicide Generation,1st Suicide,Dirty Water Records,
2017-08-30,1500-1800,DJ Stace,DJ Stace,The Cramps,Goo Goo Muck,Bad Music For Bad People,A & M Records,
2017-08-30,1500-1800,DJ Stace,DJ Stace,Queens of the Stone Age,Hideaway,Villains,Matador Records,
2017-08-30,1500-1800,DJ Stace,DJ Stace,Black Lips,Crystal Night,Satan's Graffiti Or God's Art?,Vice Music Inc,
2017-08-30,1500-1800,DJ Stace,DJ Stace,Dead Heavens,Adderall Highway,Whatever Witch You Are,Dine Alone Records,
2017-08-30,1500-1800,DJ Stace,DJ Stace,Pixies,Um Chagga Lagga (Clean Edit Version),Head Carrier,Play It Again Sam Records,
2017-08-30,1500-1800,DJ Stace,DJ Stace,Thee Oh Sees,Paranoise,Orc,Castle Face Records,
2017-08-30,1500-1800,DJ Stace,DJ Stace,The Routes,Oblivious,In This Perfect Hell,Dirty Water Records,
2017-08-30,1500-1800,DJ Stace,DJ Stace,Queens of the Stone Age,The Evil Has Landed,Villains,Matador,
2017-08-30,1500-1800,DJ Stace,DJ Stace,Playboy Manbaby,You Can Be A Fascist Too,Don't Let It Be,Dirty Water Records,
2017-08-30,1500-1800,DJ Stace,DJ Stace,Guided By Voices,Bulldog Skin,Bulldog Skin,Matador Records,
2017-08-30,1500-1800,DJ Stace,DJ Stace,Bauhaus,She's In Parties,Singles: 1979-1983 Volume Two,Beggars Banquet,
2017-08-23,1500-1800,DJ Stace,DJ Stace,R. Ring,Elder Orphans In Heavy Chop,Ignite The Rest,Sofaburn,
2017-08-23,1500-1800,DJ Stace,DJ Stace,Nick Cave And The Bad Seeds,The Mercy Seat,Tender Prey,Mute Records,
2017-08-23,1500-1800,DJ Stace,DJ Stace,Dead Heavens,Adderall Highway,Whatever Witch You Are,Dine Alone Records,
2017-08-23,1500-1800,DJ Stace,DJ Stace,A Tribe Called Red,The Light (Feat. Lido Pimienta),We Are The Halluci Nation,Radicalized Records,
2017-08-23,1500-1800,DJ Stace,DJ Stace,Queens of the Stone Age,The Evil Has Landed,The Evil Has Landed,Matador,
2017-08-23,1500-1800,DJ Stace,DJ Stace,Sheer Mag,Expect the Bayonet,Need to Feel Your Love,Sheer Mag LLC.,
2017-08-23,1500-1800,DJ Stace,DJ Stace,Dead Kennedys,Kill the Poor,Fresh Fruit For Rotting Vegetables,Alternative Tentacles Records,
2017-08-23,1500-1800,DJ Stace,DJ Stace,Courtney Barnett,Pedestrian At Best,"Sometimes I Sit And Think, And Sometimes I Just Sit",Mom + Pop,
2017-08-23,1500-1800,DJ Stace,DJ Stace,Time Zone,World Destruction,Bio-Dome,Priority Records,
2017-08-23,1500-1800,DJ Stace,DJ Stace,The New Year,Myths,Snow,Undertow Records,
2017-08-23,1500-1800,DJ Stace,DJ Stace,Bedhead,Bedside Table,Whatfunlifewas,Trance Syndicate Records,
2017-08-23,1500-1800,DJ Stace,DJ Stace,the American Analog Set,Hard to Find,Promise of Love,Tiger Style Records,
2017-08-23,1500-1800,DJ Stace,DJ Stace,Big Thief,Shark Smile,Capacity,Saddle Creek,
2017-08-23,1500-1800,DJ Stace,DJ Stace,She Keeps Bees,Feather Lighter,Eight Houses,Stamp the Wax,
2017-08-23,1500-1800,DJ Stace,DJ Stace,the Wedding Present,Corduroy,Seamonsters,First Warning,
2017-08-23,1500-1800,DJ Stace,DJ Stace,Arcade Fire,Everything Now (Radio Edit Of #2),Everything Now,Columbia Records,
2017-08-23,1500-1800,DJ Stace,DJ Stace,Father John Misty,The Suburbs (Arcade Fire Cover),CBC Live,CBC,
2017-08-23,1500-1800,DJ Stace,DJ Stace,Father John Misty,Smoochie,Pure Comedy,Sub Pop Records,
2017-08-23,1500-1800,DJ Stace,DJ Stace,The Pleasure Routine,Ruins (LIVE),KZSU Wednesday Night Live 2017,KZSU Stanford,
2017-08-23,1500-1800,DJ Stace,DJ Stace,Lo Tom,Bubblegum,Lo Tom,Barsuk,
2017-08-23,1500-1800,DJ Stace,DJ Stace,Screaming Females,Shake it Off (Taylor Swift Cover),A.V. Club Undercover,A.V. Club,
2017-08-23,1500-1800,DJ Stace,DJ Stace,The Bye Bye Blackbirds,Earl Grey Kisses,Take Out The Poison,Self-Release,
2017-08-23,1500-1800,DJ Stace,DJ Stace,Hurray For The Riff Raff,Hungry Ghost,"Navigator, The",Ato Records,
2017-08-23,1500-1800,DJ Stace,DJ Stace,The Afghan Whigs,You Want Love (feat. James Hall),You Want Love (feat. James Hall),Sub Pop,
2017-08-23,1500-1800,DJ Stace,DJ Stace,Gladys Knight & the Pips,I Heard It Through The Grapevine,Motown Remixed,Motown Records,
2017-08-23,1500-1800,DJ Stace,DJ Stace,Flight of the Conchords,Business Time,Flight of the Conchords,Sub Pop,
2017-08-23,1500-1800,DJ Stace,DJ Stace,Big Boi,All Night,BOOMIVERSE,Epic Records,
2017-08-23,1500-1800,DJ Stace,DJ Stace,Broken Social Scene,Halfway Home,Hug Of Thunder,Arts & Crafts,
2017-08-23,1500-1800,DJ Stace,DJ Stace,Wet Hair,Lift The Stone,"Floating World, The",Wharf Cat Records,
2017-08-23,1500-1800,DJ Stace,DJ Stace,My Morning Jacket,Mahgeetah,It Still Moves (Deluxe Reissue),Ato Records,
2017-08-23,1500-1800,DJ Stace,DJ Stace,Apocalyptica,Enter Sandman,Plays Metallica By Four Cellos,Mercury Records,
2017-08-23,1500-1800,DJ Stace,DJ Stace,Cookin' on 3 Burners,Mango Skin,"Baked, Broiled & Fried",Freestyle Records,
2017-08-23,1500-1800,DJ Stace,DJ Stace,Pixies,Head Carrier,Head Carrier,Play It Again Sam Records,
2017-08-23,1500-1800,DJ Stace,DJ Stace,Jeff Tweedy,I Am Trying To Break Your Heart,Together At Last,Anti-,
2017-08-23,1500-1800,DJ Stace,DJ Stace,Black Lips,Can't Hold On,Satan's Graffiti Or God's Art?,Vice Music Inc,
2017-08-23,1500-1800,DJ Stace,DJ Stace,Boss Hog,Signal,Brood X,In the Red Records,
2017-08-23,1500-1800,DJ Stace,DJ Stace,Dirty Fences,Sell The Truth,Sell The Truth,Dirty Water Records,
2017-08-23,1500-1800,DJ Stace,DJ Stace,Slaves,Are You Satisfied,Are You Satisfied,EMI,
2017-08-23,1500-1800,DJ Stace,DJ Stace,Dan Auerbach,Malibu Man,Waiting On A Song,Easy Eye Sound,
2017-08-23,1500-1800,DJ Stace,DJ Stace,Bonny Doon,Never Been To California,Bonny Doon,Salinas Records,
2017-08-09,1400-1800,DJ Stace,DJ Stace,My Morning Jacket,Run Thru,It Still Moves (Deluxe Reissue),Ato Records,
2017-08-09,1400-1800,DJ Stace,DJ Stace,Jeff Tweedy,Muzzle of Bees,Together At Last,Anti-,
2017-08-09,1400-1800,DJ Stace,DJ Stace,Kyle Craft,Lady Of The Ark,Dolls Of Highland,Sub Pop Records,
2017-08-09,1400-1800,DJ Stace,DJ Stace,Queens of the Stone Age,The Way You Used To Do,The Way You Used To Do,Matador,
2017-08-09,1400-1800,DJ Stace,DJ Stace,Big Thief,Shark Smile,Capacity,Saddle Creek,
2017-08-09,1400-1800,DJ Stace,DJ Stace,Las Robertas,"I Wanna Be Like You, Lou",Waves Of The New,Buen Dia Records,
2017-08-09,1400-1800,DJ Stace,DJ Stace,My Bloody Valentine,Only Shallow,Loveless,Creation Records Limited,
2017-08-09,1400-1800,DJ Stace,DJ Stace,Matt Church And The Golden Apples,The River King,"Blue Lake, The",Eeo Records,
2017-08-09,1400-1800,DJ Stace,DJ Stace,Masters of Reality,Ants in the Kitchen,Sunrise on the Sufferbus,Chrysalis Records Inc.,
2017-08-09,1400-1800,DJ Stace,DJ Stace,Wolf Parade,Valley Boy,Valley Boy (CD Single),Sub Pop Records,
2017-08-09,1400-1800,DJ Stace,DJ Stace,Wet Hair,Revealed,"Floating World, The",Wharf Cat Records,
2017-08-09,1400-1800,DJ Stace,DJ Stace,R.E.M.,Crush with Eyeliner,Monster,Warner Brothers (Modern),
2017-08-09,1400-1800,DJ Stace,DJ Stace,North Mississippi Allstars,Deep Ellum,Prayer For Peace,Songs Of The South Records,
2017-08-09,1400-1800,DJ Stace,DJ Stace,Hurray For The Riff Raff,Hungry Ghost,"Navigator, The",Ato Records,
2017-08-09,1400-1800,DJ Stace,DJ Stace,Sheer Mag,Expect the Bayonet,Need to Feel Your Love,Sheer Mag LLC.,
2017-08-09,1400-1800,DJ Stace,DJ Stace,A Tribe Called Red,The Virus (Feat. Saul Williams & Chippewa Travellers),We Are The Halluci Nation,Radicalized Records,
2017-08-09,1400-1800,DJ Stace,DJ Stace,Earthlings?,Stungun,Earthlings?,Crippled Dick Hot Wax!,
2017-08-09,1400-1800,DJ Stace,DJ Stace,Dead Heavens,Adderall Highway,Whatever Witch You Are,Dine Alone Records,
2017-08-09,1400-1800,DJ Stace,DJ Stace,The Rippers,So Loud,A Gut Feeling,Slovenly Recordings,
2017-08-09,1400-1800,DJ Stace,DJ Stace,Suspirians,Clean Evil,Ti Bon Ange,Super Secret Records,
2017-08-09,1400-1800,DJ Stace,DJ Stace,Dirty Fences,2x2,Sell The Truth,Dirty Water Records,
2017-08-09,1400-1800,DJ Stace,DJ Stace,Suicide Generation,You Love Me,1st Suicide,Dirty Water Records,
2017-08-09,1400-1800,DJ Stace,DJ Stace,The Routes,Thousand Forgotten Dreams,In This Perfect Hell,Dirty Water Records,
2017-08-09,1400-1800,DJ Stace,DJ Stace,Lake Street Dive,Godawful Things,Side Pony,Nonesuch Records,
2017-08-09,1400-1800,DJ Stace,DJ Stace,Beth Ditto,Fire,Fake Sugar,Virgin Records,
2017-08-09,1400-1800,DJ Stace,DJ Stace,Ride,Lateral Alice,Weather Diaries,Wichita Recordings,
2017-08-09,1400-1800,DJ Stace,DJ Stace,R. Ring,Elder Orphans In Heavy Chop,Ignite The Rest,Sofaburn,
2017-08-09,1400-1800,DJ Stace,DJ Stace,Bonny Doon,You Can't Hide,Bonny Doon,Salinas Records,
2017-08-09,1400-1800,DJ Stace,DJ Stace,Dan Auerbach,Never In My Wildest Dreams,Waiting On A Song,Easy Eye Sound,
2017-08-02,1200-1800,DJ Stace,DJ Stace,Pil,Ease,Public Image Ltd,Virgin Records Ltd,
2017-08-02,1200-1800,DJ Stace,DJ Stace,Built to Spill,Cortez the Killer,Live,Warner Brothers (Modern),
2017-08-02,1200-1800,DJ Stace,DJ Stace,The Pleasure Routine,Ruins (LIVE),KZSU Wednesday Night Live 2017,KZSU Stanford,
2017-08-02,1200-1800,DJ Stace,DJ Stace,Queens of the Stone Age,The Way You Used To Do,The Way You Used To Do,Matador,
2017-08-02,1200-1800,DJ Stace,DJ Stace,Pixies,Um Chagga Lagga (Clean Edit Version),Head Carrier,Play It Again Sam Records,
2017-08-02,1200-1800,DJ Stace,DJ Stace,Me First and the Gimme Gimmes,Rocket Man,Have a Ball,Fat Wreck Chords,
2017-08-02,1200-1800,DJ Stace,DJ Stace,The Masonics,I Ain't Hurting For You,Obermann Rides Again,Dirty Water Records,
2017-08-02,1200-1800,DJ Stace,DJ Stace,Sheer Mag,Expect the Bayonet,Need to Feel Your Love,Revolver Records,
2017-08-02,1200-1800,DJ Stace,DJ Stace,Rey Pila,Ninjas,Wall Of Goth,Cult Records,
2017-08-02,1200-1800,DJ Stace,DJ Stace,Talk Talk,Life's What You Make It,The Colour of Spring,EMI,
2017-08-02,1200-1800,DJ Stace,DJ Stace,Screaming Females,Shake it Off (Taylor Swift Cover),A.V. Club Undercover,A.V. Club,
2017-08-02,1200-1800,DJ Stace,DJ Stace,Big Boi,Chocolate (feat. Troze),BOOMIVERSE,Epic/Sony Records,
2017-08-02,1200-1800,DJ Stace,DJ Stace,"Portugal, The Man",Feel It Still,Feel It Still,Atlantic,
2017-08-02,1200-1800,DJ Stace,DJ Stace,King Salami And The Cumberland 3,King Ghidorah,Goin' Back To Wurstville,Dirty Water Records,
2017-08-02,1200-1800,DJ Stace,DJ Stace,R. Ring,Elder Orphans In Heavy Chop,Ignite The Rest,Sofaburn,
2017-08-02,1200-1800,DJ Stace,DJ Stace,French Vanilla,Anti-Aging Global Warming,French Vanilla,Danger Collective Records,
2017-08-02,1200-1800,DJ Stace,DJ Stace,Playboy Manbaby,You Can Be A Fascist Too,Don't Let It Be,Dirty Water Records,
2017-08-02,1200-1800,DJ Stace,DJ Stace,Dead Kennedys,Kill the Poor,Fresh Fruit For Rotting Vegetables,Alternative Tentacles Records,
2017-08-02,1200-1800,DJ Stace,DJ Stace,Jeff Tweedy,Muzzle of Bees,Together At Last,Anti-,
2017-08-02,1200-1800,DJ Stace,DJ Stace,Son Volt,Tear Stained Eye,Trace,Warner Brothers (Modern),
2017-08-02,1200-1800,DJ Stace,DJ Stace,Juana Molina,Sin Dones,Halo,Crammed Discs,
2017-08-02,1200-1800,DJ Stace,DJ Stace,The Flaming Lips,Do You Realize??,Yoshimi Battles The Pink Robots,Warner Brothers (Modern),
2017-08-02,1200-1800,DJ Stace,DJ Stace,Big Thief,Shark Smile,Capacity,Saddle Creek,
2017-08-02,1200-1800,DJ Stace,DJ Stace,Old 97's,Bad Luck Charm,Graveyard Whistling,Ato Records,
2017-08-02,1200-1800,DJ Stace,DJ Stace,Dierks Bentley,Somewhere On a Beach,Black,Capitol Records Nashville,
2017-08-02,1200-1800,DJ Stace,DJ Stace,Sturgill Simpson,In Bloom,Sailor's Guide to Earth,Atlantic Records,
2017-08-02,1200-1800,DJ Stace,DJ Stace,Boss Hog,Billy,Brood X,In the Red Records,
2017-08-02,1200-1800,DJ Stace,DJ Stace,"Spencer, Jon Blues Explosion",Lovin' Machine,Acme,Matador Records,
2017-08-02,1200-1800,DJ Stace,DJ Stace,The Rippers,A Lot Of Time,A Gut Feeling,Slovenly Recordings,
2017-08-02,1200-1800,DJ Stace,DJ Stace,The Dirtbombs,Ode To A Black Man,Ultraglide In Black,In the Red Records,
2017-08-02,1200-1800,DJ Stace,DJ Stace,The Routes,Thousand Forgotten Dreams,In This Perfect Hell,Dirty Water Records,
2017-08-02,1200-1800,DJ Stace,DJ Stace,Suspirians,Clean Evil,Ti Bon Ange,Super Secret Records,
2017-08-02,1200-1800,DJ Stace,DJ Stace,The Black Angels,Entrance Song,Phosphene Dream,Blue Horizon Records Inc.,
2017-08-02,1200-1800,DJ Stace,DJ Stace,The Coathangers,Down Down,Nosebleed Weekend,Suicide Squeeze Records,
2017-08-02,1200-1800,DJ Stace,DJ Stace,Chill Magnet,TTML,TTML,Srrecords,
2017-08-02,1200-1800,DJ Stace,DJ Stace,The Smiths,Shoplifters Of The World Unite,Louder Than Bombs,Sire Records,
2017-08-02,1200-1800,DJ Stace,DJ Stace,The New Year,Mayday,Snow,Undertow Records,
2017-08-02,1200-1800,DJ Stace,DJ Stace,the American Analog Set,Hard to Find,Promise of Love,Tiger Style Records,
2017-08-02,1200-1800,DJ Stace,DJ Stace,Andy Haas,Breathturn,Taballah,Resonant Music,
2017-08-02,1200-1800,DJ Stace,DJ Stace,Jimi Hendrix,Foxey Lady,"Jimi Hendrix Experience (Box Set), The",Experience Hendrix,
2017-08-02,1200-1800,DJ Stace,DJ Stace,Billy Bragg,A New England,Back to Basics,Elektra,
2017-08-02,1200-1800,DJ Stace,DJ Stace,Graham Nash,Better Days,Songs for Beginners,Atlantic Records (Modern),
2017-08-02,1200-1800,DJ Stace,DJ Stace,Palehound,If You Met Her,A Place I'll Always Go,Polyvinyl Record Co.,
2017-08-02,1200-1800,DJ Stace,DJ Stace,The Drums,Blood Under My Belt,"""Abysmal Thoughts""",Anti-,
2017-08-02,1200-1800,DJ Stace,DJ Stace,Cherry Glazerr,Told You I'd Be With The Guys,Apocalipstick,Secretly Canadian Records,
2017-08-02,1200-1800,DJ Stace,DJ Stace,Sir Was,A Minor Life,Digging A Tunnel,City Slang,
2017-08-02,1200-1800,DJ Stace,DJ Stace,Bon Iver,Skinny Love,"For Emma, Forever Ago",Jagjaguwar,
2017-08-02,1200-1800,DJ Stace,DJ Stace,Kyle Craft,Lady Of The Ark,Dolls Of Highland,Sub Pop Records,
2017-08-02,1200-1800,DJ Stace,DJ Stace,Cheer-Accident,Language Is,Putting Off Death,Cuneiform Records,
2017-08-02,1200-1800,DJ Stace,DJ Stace,Afghan Whigs,You Want Love (feat James Hall),You Want Love (feat James Hall),Sub Pop,
2017-08-02,1200-1800,DJ Stace,DJ Stace,David Bowie,The Man Who Sold The World,Sound + Vision I,Rykodisc,
2017-08-02,1200-1800,DJ Stace,DJ Stace,Dead Heavens,Adderall Highway,Whatever Witch You Are,Dine Alone Records,
2017-08-02,1200-1800,DJ Stace,DJ Stace,Dirty Fences,2x2,Sell The Truth,Dirty Water Records,
2017-08-02,1200-1800,DJ Stace,DJ Stace,Lo Tom,Bubblegum,Lo Tom,Barsuk,
2017-08-02,1200-1800,DJ Stace,DJ Stace,Hoops,On Letting Go,Routines,Fat Possum Records,
2017-08-02,1200-1800,DJ Stace,DJ Stace,Father John Misty,Total Entertainment Forever,Pure Comedy,Sub Pop Records,
2017-08-02,1200-1800,DJ Stace,DJ Stace,The Stone Roses,Fools Gold,"Stone Roses, The",Silvertone Records Us,
2017-08-02,1200-1800,DJ Stace,DJ Stace,The Kills,Doing It To Death,Ash & Ice,Domino Recording Company,
2017-08-02,1200-1800,DJ Stace,DJ Stace,The Raveonettes,This World is Empty (Without You),This World is Empty (Without You),Beat Dies Records,
2017-08-02,1200-1800,DJ Stace,DJ Stace,Corridor,Coup D'épée,Supermercado,Requiem Pour Un Twister,
2017-08-02,1200-1800,DJ Stace,DJ Stace,Suicide Generation,You Love Me,1st Suicide,Dirty Water Records,
2017-07-26,1500-1700,DJ Stace,DJ Stace,Father John Misty,Leaving L.A.,Pure Comedy,Sub Pop Records,
2017-07-26,1500-1700,DJ Stace,DJ Stace,R. Ring,Elder Orphans In Heavy Chop,Ignite The Rest,Sofaburn,
2017-07-26,1500-1700,DJ Stace,DJ Stace,Screaming Females,Shake it Off (Taylor Swift Cover),A.V. Club Undercover,A.V. Club,
2017-07-26,1500-1700,DJ Stace,DJ Stace,Boss Hog,Elevator,Brood X,In the Red Records,
2017-07-26,1500-1700,DJ Stace,DJ Stace,Hanni El Khatib,Black Constellation,Savage Times,Innovative Leisure Records,
2017-07-26,1500-1700,DJ Stace,DJ Stace,The Police,Roxanne,Outlandos D'amour,A&M Records,
2017-07-26,1500-1700,DJ Stace,DJ Stace,Queens of the Stone Age,The Way You Used To Do,The Way You Used To Do,Matador,
2017-07-26,1500-1700,DJ Stace,DJ Stace,Com Truise,...Of Your Fake Dimension,Iteration,Ghostly International,
2017-07-26,1500-1700,DJ Stace,DJ Stace,The Black Keys,"She Said, She Said",The Big Come Up,Alive Naturalsound Records,
2017-07-26,1500-1700,DJ Stace,DJ Stace,The Beatles ,"She Said, She Said",Revolver,Emi Records,
2017-07-26,1500-1700,DJ Stace,DJ Stace,Puddles Pity Party,The Ship Song (Nick Cave & the Bad Seeds Cover),The Ship Song (Nick Cave & the Bad Seeds Cover),Puddles Pity Party,
2017-07-26,1500-1700,DJ Stace,DJ Stace,Nick Cave & the Bad Seeds,Jubilee Street,Push the Sky Away,Bad Seed Ltd.,
2017-07-26,1500-1700,DJ Stace,DJ Stace,Lift To Experience,Falling From Cloud 9,"Texas-Jerusalem Crossroads, The",Mute Records,
2017-07-26,1500-1700,DJ Stace,DJ Stace,The New Year,Mayday,Snow,Undertow Records,
2017-07-26,1500-1700,DJ Stace,DJ Stace,Chastity Belt,5am,I Used To Spend So Much Time Alone,Hardly Art,
2017-07-26,1500-1700,DJ Stace,DJ Stace,Old 97's,Irish Whiskey Pretty Girls,Graveyard Whistling,Ato Records,
2017-07-26,1500-1700,DJ Stace,DJ Stace,Dead Heavens,Adderall Highway,Whatever Witch You Are,Dine Alone Records,
2017-07-26,1500-1700,DJ Stace,DJ Stace,St. Paul & the Broken Bones,That Glow,Half the City,Single Lock Records,
2017-07-26,1500-1700,DJ Stace,DJ Stace,Band of Skulls,Death by Diamond and Pearls,Baby Darling Doll Face Honey,Shangri-La Music,
2017-07-26,1500-1700,DJ Stace,DJ Stace,Suspirians,Fortune Spider,Ti Bon Ange,Super Secret Records,
2017-07-26,1500-1700,DJ Stace,DJ Stace,Jeff Tweedy,Muzzle of Bees,Together At Last,Anti-,
2017-07-26,1500-1700,DJ Stace,DJ Stace,Juana Molina,Sin Dones,Halo,Crammed Discs,
2017-07-26,1500-1700,DJ Stace,DJ Stace,Sheer Mag,Expect the Bayonet,Need to Feel Your Love,Sheer Mag LLC.,
2017-07-26,1500-1700,DJ Stace,DJ Stace,Sneaks,Look Like That,It's A Myth,Merge Records,
2017-07-26,1500-1700,DJ Stace,DJ Stace,The Black Angels,Young Men Dead,Passover,Light In The Attic Records,
2017-07-26,1500-1700,DJ Stace,DJ Stace,Ride,Lateral Alice,Weather Diaries,Wichita Recordings,
2017-07-26,1500-1700,DJ Stace,DJ Stace,Guided By Voices,Circus Day Hold Out,August By Cake,Gbv Records,
2017-07-26,1500-1700,DJ Stace,DJ Stace,Guided By Voices,Tractor Rape Chain,Bee Thousand,Matador Records,
2017-07-26,1500-1700,DJ Stace,DJ Stace,Xiu Xiu,Wondering,Forget,Polyvinyl Record Co.,
2017-07-26,1500-1700,DJ Stace,DJ Stace,Spoon,Hot Thoughts,Hot Thoughts,Matador Records,
2017-07-26,1500-1700,DJ Stace,DJ Stace,Time Zone,World Destruction (Remix)(feat. Afrika Bambaata & John Lydon),Materialism,Charly Records,
2017-07-26,1500-1700,DJ Stace,DJ Stace,French Vanilla,Sports,French Vanilla,Danger Collective Records,
2017-07-26,1500-1700,DJ Stace,DJ Stace,Big Boi,All Night,BOOMIVERSE,Epic/Sony Records,
2017-07-26,1500-1700,DJ Stace,DJ Stace,Japanese Breakfast,Road Head,Soft Sounds From Another Planet,Dead Oceans,
2017-07-26,1500-1700,DJ Stace,DJ Stace,Lo Tom,Bubblegum,Lo Tom,Barsuk,
2017-07-26,1500-1700,DJ Stace,DJ Stace,Pixies,Um Chagga Lagga (Clean Edit Version),Head Carrier,Play It Again Sam Records,
2017-07-26,1500-1700,DJ Stace,DJ Stace,Ty Segall,Pan,Sentimental Goblin,Suicide Squeeze Records,
2017-07-26,1500-1700,DJ Stace,DJ Stace,Crying,Wool In The Wash,Beyond The Fleeting Gales,Run For Cover,
2017-07-26,1500-1700,DJ Stace,DJ Stace,Bob Mould,Sacrifice/Let there Be Peace,Black Sheets O' Rain,(Unknown),
2017-07-26,1500-1700,DJ Stace,DJ Stace,Dirty Fences,2x2,Sell The Truth,Dirty Water Records,
2017-07-26,1500-1700,DJ Stace,DJ Stace,Suicide Generation,You Love Me,1st Suicide,Dirty Water Records,
2017-07-26,1500-1700,DJ Stace,DJ Stace,Sheer Mag,Expect the Bayonet,Need to Feel Your Love,Sheer Mag LLC.,
2017-07-19,1500-1800,DJ Stace,DJ Stace,The Pleasure Routine,Two Artists,Sugar Mountain,Self-Release,
2017-07-19,1500-1800,DJ Stace,DJ Stace,Blacktop,I Think It's Going To Rain,Up All Night,Au Go Go,
2017-07-19,1500-1800,DJ Stace,DJ Stace,The Dirtbombs,Ode To A Black Man,Ultraglide In Black,In the Red Records,
2017-07-19,1500-1800,DJ Stace,DJ Stace,Queens of the Stone Age,The Way You Used To Do,The Way You Used To Do,Matador,
2017-07-19,1500-1800,DJ Stace,DJ Stace,Lift To Experience,These Are The Days,"Texas-Jerusalem Crossroads, The",Mute Records,
2017-07-19,1500-1800,DJ Stace,DJ Stace,Slint,"Good Morning, Captain",Spiderland,Touch and Go Records,
2017-07-19,1500-1800,DJ Stace,DJ Stace,Boss Hog,Billy,Brood X,In the Red Records,
2017-07-19,1500-1800,DJ Stace,DJ Stace,The Pleasure Routine,Ruins (LIVE),KZSU Wednesday Night Live 2017,KZSU Stanford,
2017-07-19,1500-1800,DJ Stace,DJ Stace,Sneaks,Look Like That,It's A Myth,Merge Records,
2017-07-19,1500-1800,DJ Stace,DJ Stace,Wire,Ahead,"Ideal Copy, The",Enigma Records,
2017-07-19,1500-1800,DJ Stace,DJ Stace,James Johnston,Dark Water,The Starless Room, Clouds Hill Ltd.,
2017-07-19,1500-1800,DJ Stace,DJ Stace,Gallon Drunk,Arlington Road,From the Heart of Town,Sire Records (Modern),
2017-07-19,1500-1800,DJ Stace,DJ Stace,Eyelids,23 (Years),Or,Jealous Butcher Records,
2017-07-19,1500-1800,DJ Stace,DJ Stace,Dinosaur Jr,Thumb,Green Mind,Sire Records,
2017-07-19,1500-1800,DJ Stace,DJ Stace,Sin Ropas,Tripped On Your Cape,Three Cherries, Perishable Records,
2017-07-19,1500-1800,DJ Stace,DJ Stace,Beastie Boys,Intergalatic,Hello Nasty,Capitol Records (Hip-Hop),
2017-07-19,1500-1800,DJ Stace,DJ Stace,Big Boi,Chocolate (feat. Troze),BOOMIVERSE,Epic/Sony Records,
2017-07-19,1500-1800,DJ Stace,DJ Stace,Sacred Paws,Wet Graffiti,Strike A Match,Rock Action Records,
2017-07-19,1500-1800,DJ Stace,DJ Stace,Beirut,August Holland,No No No,4AD,
2017-07-19,1500-1800,DJ Stace,DJ Stace,Spoon,The Underdog,Ga Ga Ga Ga Ga,Merge Records,
2017-07-19,1500-1800,DJ Stace,DJ Stace,Dan Auerbach,Never In My Wildest Dreams,Waiting On A Song,Easy Eye Sound,
2017-07-19,1500-1800,DJ Stace,DJ Stace,Jeff Tweedy,Muzzle of Bees,Together At Last,Anti-,
2017-07-19,1500-1800,DJ Stace,DJ Stace,Those Bastard Souls,The Train From Terminal Bore,Twentieth Century Chemical,Darla Records,
2017-07-19,1500-1800,DJ Stace,DJ Stace,Grifters,Tupelo Moan,One Sock Missing,Shangri-La Records,
2017-07-19,1500-1800,DJ Stace,DJ Stace,Bonny Doon,Never Been To California,Bonny Doon,Salinas Records,
2017-07-19,1500-1800,DJ Stace,DJ Stace,Old 97's,Bad Luck Charm,Graveyard Whistling,Ato Records,
2017-07-19,1500-1800,DJ Stace,DJ Stace,The New Year,Mayday,Snow,Undertow Records,
2017-07-19,1500-1800,DJ Stace,DJ Stace,Bedhead,Living Well,Whatfunlifewas,Trance Syndicate Records,
2017-07-19,1500-1800,DJ Stace,DJ Stace,R. Ring,Elder Orphans In Heavy Chop,Ignite The Rest,Sofaburn,
2017-07-19,1500-1800,DJ Stace,DJ Stace,Joy Division,Love Will Tear Us Apart,Substance,Qwest,
2017-07-19,1500-1800,DJ Stace,DJ Stace,Galaxy 500,Ceremony,On FIre,Rough Trade America,
2017-07-19,1500-1800,DJ Stace,DJ Stace,Shitkid,Sugar Town,Fish,Pnkslm Recordings,
2017-07-19,1500-1800,DJ Stace,DJ Stace,Chastity Belt,What The Hell,I Used To Spend So Much Time Alone,Hardly Art,
2017-07-19,1500-1800,DJ Stace,DJ Stace,Father John Misty,Leaving L.A.,Pure Comedy,Sub Pop Records,
2017-07-19,1500-1800,DJ Stace,DJ Stace,Cat Power,Cross Bones Style,Moon Pix,Matador Records,
2017-07-19,1500-1800,DJ Stace,DJ Stace,Screaming Females,Shake it Off (Taylor Swift Cover),A.V. Club Undercover,A.V. Club,
2017-06-25,1500-1600,DJ Stace,DJ Stace,Big Boi,Chocolate (feat. Troze),BOOMIVERSE,Epic/Sony Records,
2017-06-25,1500-1600,DJ Stace,DJ Stace,Bnqt,Hey Banana,Volume 1,Dualtone,
2017-06-25,1500-1600,DJ Stace,DJ Stace,Dan Auerbach,Malibu Man,Waiting On A Song,Easy Eye Sound,
2017-06-25,1500-1600,DJ Stace,DJ Stace,R. Ring,Elder Orphans In Heavy Chop,Ignite The Rest,Sofaburn,
2017-06-25,1500-1600,DJ Stace,DJ Stace,David Bowie,Rock 'n' Roll Suicide [Live],Sound + Vision I,Rykodisc,
2017-06-25,1500-1600,DJ Stace,DJ Stace,Father John Misty,Total Entertainment Forever,Pure Comedy,Sub Pop Records,
2017-06-25,1500-1600,DJ Stace,DJ Stace,Father John Misty,The Suburbs (Arcade Fire Cover),CBC Live,CBC,
2017-06-25,1500-1600,DJ Stace,DJ Stace,Spoon,Lines In The Suit,Girls Can Tell,Merge Records,
2017-06-25,1500-1600,DJ Stace,DJ Stace,Aktion,Groove The Funk,Wake Up You! The Rise And Fall Of Nigerian Rock Vol. 1 (1972-1977),Now-Again,
2017-06-25,1500-1600,DJ Stace,DJ Stace,Big Boi,All Night,BOOMIVERSE,Epic/Sony Records,
2017-06-25,1500-1600,DJ Stace,DJ Stace,Queens of the Stone Age,The Way You Used To Do,The Way You Used To Do,Matador,
2017-06-25,1500-1600,DJ Stace,DJ Stace,Guided By Voices,Circus Day Hold Out,August By Cake,Gbv Records,
2017-06-25,1500-1600,DJ Stace,DJ Stace,Jeff Tweedy,Muzzle of Bees,Together At Last,Anti-,
2017-06-25,1500-1600,DJ Stace,DJ Stace,Old 97's,All Who Wander,Graveyard Whistling,Ato Records,
2017-06-23,1730-2100,DJ Stace,DJ Stace,Queens of the Stone Age,The Way You Used To Do,The Way You Used To Do,Matador,
2017-06-23,1730-2100,DJ Stace,DJ Stace,Beth Ditto,Fire,Fake Sugar,Virgin Records,
2017-06-23,1730-2100,DJ Stace,DJ Stace,Thurston Moore,Cusp,Rock N Roll Consciousness,Ecstatic Peace,
2017-06-23,1730-2100,DJ Stace,DJ Stace,Galaxy 500,Ceremony,On Fire,Rough Trade Records,
2017-06-23,1730-2100,DJ Stace,DJ Stace,The Pleasure Routine,Two Artists,Sugar Mountain,Self-Release,
2017-06-23,1730-2100,DJ Stace,DJ Stace,Trans Am,I Hear Fake Voices,California Hotel,Thrill Jockey Records,
2017-06-23,1730-2100,DJ Stace,DJ Stace,Me First and the Gimme Gimmes,Rocket Man,Have a Ball,Fat Wreck Chords,
2017-06-23,1730-2100,DJ Stace,DJ Stace,Priests,Pink White House,Nothing Feels Natural,Sister Polygon Records,
2017-06-23,1730-2100,DJ Stace,DJ Stace,Jeff Tweedy,Muzzle of Bees,Together At Last,Anti-,
2017-06-23,1730-2100,DJ Stace,DJ Stace,Screaming Females,Shake it Off (Taylor Swift Cover),A.V. Club Undercover,A.V. Club,
2017-06-23,1730-2100,DJ Stace,DJ Stace,Buffalo 2,Witch,Buffalo 2,Self-Release,
2017-06-23,1730-2100,DJ Stace,DJ Stace,Father John Misty,Leaving L.A.,Pure Comedy,Sub Pop Records,
2017-06-23,1730-2100,DJ Stace,DJ Stace,Bonny Doon,You Can't Hide,Bonny Doon,Salinas Records,
2017-06-23,1730-2100,DJ Stace,DJ Stace,the Magnetic Fields,I Wish I Had An Evil Twin,I,Nonesuch Records,
2017-06-23,1730-2100,DJ Stace,DJ Stace,The Magnetic Fields,'93 Me and Fred and Dave and Ted,5 Selections from 50 Song Memoir,Nonesuch Records,
2017-06-23,1730-2100,DJ Stace,DJ Stace,The Strokes,Is This It,"Strokes, The",Bmg Music,
2017-06-23,1730-2100,DJ Stace,DJ Stace,Francis Cheer,Temporary,Black White And Grey,Self-Release,
2017-06-23,1730-2100,DJ Stace,DJ Stace,Guadalcanal Diary,Trails of Tears,Walking In the Shadow of the Big Man,Megadisc,
2017-06-23,1730-2100,DJ Stace,DJ Stace,Beach Fossils,This Year,Somersault,Bayonet Records,
2017-06-23,1730-2100,DJ Stace,DJ Stace,Kyle Craft,Lady Of The Ark,Dolls Of Highland,Sub Pop Records,
2017-06-23,1730-2100,DJ Stace,DJ Stace,Old 97's,Drinkin' Song,Graveyard Whistling,Ato Records,
2017-06-23,1730-2100,DJ Stace,DJ Stace,The Jesus And Mary Chain,All Things Pass,Damage And Joy,Artificial Plastic Records,
2017-06-23,1730-2100,DJ Stace,DJ Stace,Tigers Jaw,Oh Time,Spin,Black Cement Records,
2017-06-23,1730-2100,DJ Stace,DJ Stace,Built to Spill,Cortez the Killer,Live,Warner Brothers (Modern),
2017-06-23,1730-2100,DJ Stace,DJ Stace,Built To Spill,Good Ol' Boredom,There Is No Enemy,Warner Bros. Records,
2017-06-23,1730-2100,DJ Stace,DJ Stace,Guided By Voices,Redmen and their Wives,Under the Bushes Under the Sta,Matador Records,
2017-06-23,1730-2100,DJ Stace,DJ Stace,Slowdive,Go Get It,Slowdive,Dead Oceans,
2017-06-23,1730-2100,DJ Stace,DJ Stace,R. Ring,Elder Orphans In Heavy Chop,Ignite The Rest,Sofaburn,
2017-06-23,1730-2100,DJ Stace,DJ Stace,Coil,Lorca Not Orca,Love's Secret Domain,!K7 Records,
2017-06-23,1730-2100,DJ Stace,DJ Stace,Big Boi,Chocolate (feat. Troze),BOOMIVERSE,Epic/Sony Records,
2017-06-23,1730-2100,DJ Stace,DJ Stace,Kraftwerk,Boing Boom Tschak,Electric Cafe,Elektra/Asylum,
2017-06-23,1730-2100,DJ Stace,DJ Stace,The Hygrades,Keep On Moving,Wake Up You! The Rise And Fall Of Nigerian Rock Vol. 1 (1972-1977),Now-Again,
2017-06-23,1730-2100,DJ Stace,DJ Stace,Bnqt,Hey Banana,Volume 1,Dualtone,
2017-06-23,1730-2100,DJ Stace,DJ Stace,Swans,God Damn the Sun,"Burning World, the",Uni Distribution Corp.,
2017-06-23,1730-2100,DJ Stace,DJ Stace,The Velvet Underground And Nico,Venus In Furs,"Velvet Underground And Nico, The",Polygram Records (Modern),
2017-06-23,1730-2100,DJ Stace,DJ Stace,Slint,"Good Morning, Captain",Spiderland,Touch And Go,
2017-06-21,1500-1700,DJ Stace,DJ Stace,Father John Misty,So I'm Growing Old On Magic Mountain,Pure Comedy,Sub Pop Records,
2017-06-21,1500-1700,DJ Stace,DJ Stace,Dan Auerbach,Never In My Wildest Dreams,Waiting On A Song,Easy Eye Sound,
2017-06-21,1500-1700,DJ Stace,DJ Stace,R. Ring,Salt,Ignite The Rest,Sofaburn,
2017-06-21,1500-1700,DJ Stace,DJ Stace,Beach Fossils,Tangerine,Somersault,Bayonet Records,
2017-06-21,1500-1700,DJ Stace,DJ Stace,Beck,Paper Tiger,Sea Change,Geffen Records,
2017-06-21,1500-1700,DJ Stace,DJ Stace,Hanni El Khatib,Black Constellation,Savage Times,Innovative Leisure Records,
2017-06-21,1500-1700,DJ Stace,DJ Stace,Cloud Nothings,Internal World,Life Without Sound,Carpark Records,
2017-06-21,1500-1700,DJ Stace,DJ Stace,Husker Du,Makes No Sense At All,Eight Miles High/Makes No Sense (4 track single),SST,
2017-06-21,1500-1700,DJ Stace,DJ Stace,Husker Du,Love is All Around,Eight Miles High/Makes No Sense (4 track single),SST,
2017-06-21,1500-1700,DJ Stace,DJ Stace,Old 97's,Bad Luck Charm,Graveyard Whistling,Ato Records,
2017-06-21,1500-1700,DJ Stace,DJ Stace,Old 97'S,The Other Shoe,Wreck Your Life,Bloodshot Records,
2017-06-21,1500-1700,DJ Stace,DJ Stace,Guided By Voices,Circus Day Hold Out,August By Cake,Gbv Records,
2017-06-21,1500-1700,DJ Stace,DJ Stace,Guided By Voices,Tractor Rape Chain,Bee Thousand,Matador Records,
2017-06-21,1500-1700,DJ Stace,DJ Stace,Beth Ditto,Fire,Fake Sugar,Virgin Records,
2017-06-21,1500-1700,DJ Stace,DJ Stace,Tigers Jaw,Favorite,Spin,Black Cement Records,
2017-06-21,1500-1700,DJ Stace,DJ Stace,Xiu Xiu,Wondering,Forget,Polyvinyl Record Co.,
2017-06-21,1500-1700,DJ Stace,DJ Stace,Phantogram,When I'm Small,Eyelid Movies,Barsuk Records,
2017-06-21,1500-1700,DJ Stace,DJ Stace,alt-J,3WW,RELAXER,Infectious Music,
2017-06-21,1500-1700,DJ Stace,DJ Stace,Flight of the Conchords,Business Time,Flight of the Conchords,Sub Pop Records,
2017-06-21,1500-1700,DJ Stace,DJ Stace,Thigh Master,Company,Early Times,Bruit Direct Disques,
2017-06-21,1500-1700,DJ Stace,DJ Stace,The Jam,That's Entertainment,Sound Affects,Polydor Ltd.,
2017-06-21,1500-1700,DJ Stace,DJ Stace,Moon Duo,Sevens,Occult Architecture Vol. 2,Sacred Bones Records,
2017-06-21,1500-1700,DJ Stace,DJ Stace,The Black Angels,Currency,Death Song,Partisan Records,
2017-06-21,1500-1700,DJ Stace,DJ Stace,Thurston Moore,Cusp,Rock N Roll Consciousness,Ecstatic Peace,
2017-06-21,1500-1700,DJ Stace,DJ Stace,Barkmarket,The Patsy,Vegas Throat,Def American (Metal),
2017-06-21,1500-1700,DJ Stace,DJ Stace,Screaming Females,Shake it Off (Taylor Swift Cover),A.V. Club Undercover,A.V. Club,
2017-06-21,1500-1700,DJ Stace,DJ Stace,Brant Bjork,Toot,Jalamanta,Man's Ruin Records,
2017-06-07,1500-1700,DJ Stace,DJ Stace,Father John Misty,So I'm Growing Old On Magic Mountain,Pure Comedy,Sub Pop Records,
2017-06-07,1500-1700,DJ Stace,DJ Stace,Tom Waits,Time,Beautiful Maladies,Island Records,
2017-06-07,1500-1700,DJ Stace,DJ Stace,Yo La Tengo,Autumn Sweater,I Can Hear the Heart Beating,Matador Records,
2017-06-07,1500-1700,DJ Stace,DJ Stace,The Pleasure Routine,Two Artists,KZSU Wednesday Night Live 2017,KZSU Stanford,
2017-06-07,1500-1700,DJ Stace,DJ Stace,Perfume Genius,Wreath,No Shape,Matador Records,
2017-06-07,1500-1700,DJ Stace,DJ Stace,Old 97's,All Who Wander,Graveyard Whistling,Ato Records,
2017-06-07,1500-1700,DJ Stace,DJ Stace,Old 97'S,Barrier Reef,Too Far to Care,Elektra Records (West Coast),
2017-06-07,1500-1700,DJ Stace,DJ Stace,The Fleshtones,Respect Our Love,"Band Drinks For Free, The",Yep Roc Records,
2017-06-07,1500-1700,DJ Stace,DJ Stace,Tones on Tail,Go!,Night Music,Beggars Banquet,
2017-06-07,1500-1700,DJ Stace,DJ Stace,The Buttertones,Sadie's A Sadist,Gravedigging,Innovative Leisure Records,
2017-06-07,1500-1700,DJ Stace,DJ Stace,Spoon,Hot Thoughts,Hot Thoughts,Matador Records,
2017-06-07,1500-1700,DJ Stace,DJ Stace,Spoon,The Fitted Shirt,Girls Can Tell,Merge Records,
2017-06-07,1500-1700,DJ Stace,DJ Stace,Spoon,I Turn My Camera on,Gimme Fiction,Merge Records,
2017-06-07,1500-1700,DJ Stace,DJ Stace,Dan Auerbach,Malibu Man,Waiting On A Song,Easy Eye Sound,
2017-06-07,1500-1700,DJ Stace,DJ Stace,Go Fever,Come Undone,Go Fever,Planetary Group,
2017-06-07,1500-1700,DJ Stace,DJ Stace,Screaming Females,Shake it Off (Taylor Swift Cover),A.V. Club Undercover,A.V. Club,
2017-06-07,1500-1700,DJ Stace,DJ Stace,The Wedding Present,Birdsnest,"Going, Going",Scopitones,
2017-06-07,1500-1700,DJ Stace,DJ Stace,Guided By Voices,Circus Day Hold Out,August By Cake,Gbv Records,
2017-06-07,1500-1700,DJ Stace,DJ Stace,Phantogram,Mouthful Of Diamonds,Eyelid Movies,Barsuk Records,
2017-06-07,1500-1700,DJ Stace,DJ Stace,Father John Misty,The Suburbs (Arcade Fire Cover),?,?,
2017-06-07,1500-1700,DJ Stace,DJ Stace,Kurt Vile,Pretty Pimpin,B'lieve I'm Goin Down,Matador Records,
2017-06-07,1500-1700,DJ Stace,DJ Stace,Hanni El Khatib,Black Constellation,Savage Times,Innovative Leisure Records,
2017-06-07,1500-1700,DJ Stace,DJ Stace,The Jesus And Mary Chain,War On Peace,Damage And Joy,Artificial Plastic Records,
2017-06-07,1500-1700,DJ Stace,DJ Stace,My Bloody Valentine,Only Shallow,Loveless,Creation Records Limited,
2017-06-07,1500-1700,DJ Stace,DJ Stace,The Cure,The Love Cats,Staring At The Sea: The Singles,Elektra/Asylum,
2017-05-31,1500-1700,DJ Stace,DJ Stace,Father John Misty,So I'm Growing Old On Magic Mountain,Pure Comedy,Sub Pop Records,
2017-05-31,1500-1700,DJ Stace,DJ Stace,Pil,Ease,Public Image Ltd,Virgin Records Ltd,
2017-05-31,1500-1700,DJ Stace,DJ Stace,Courtney Barnett,Depreston,"Sometimes I Sit And Think, And Sometimes I Just Sit",Mom + Pop,
2017-05-31,1500-1700,DJ Stace,DJ Stace,Old 97's,Bad Luck Charm,Graveyard Whistling,Ato Records,
2017-05-31,1500-1700,DJ Stace,DJ Stace,Kyle Craft,Lady Of The Ark,Dolls Of Highland,Sub Pop Records,
2017-05-31,1500-1700,DJ Stace,DJ Stace,Moon Duo,Sevens,Occult Architecture Vol. 2,Sacred Bones Records,
2017-05-31,1500-1700,DJ Stace,DJ Stace,Bauhaus,In The Flat Field,In The Flat Field,4AD,
2017-05-31,1500-1700,DJ Stace,DJ Stace,The Pleasure Routine,Ruins (LIVE),KZSU Wednesday Night Live 2017,KZSU Live,
2017-05-31,1500-1700,DJ Stace,DJ Stace,Dirty Projectors,Up In Hudson,Dirty Projectors,Domino,
2017-05-31,1500-1700,DJ Stace,DJ Stace,Balkan Beat Box,Chin Chin,Shout It Out,Digital Monkey,
2017-05-31,1500-1700,DJ Stace,DJ Stace,Faith no More,We Care a Lot,This Is It the Best of,Slash Records,
2017-05-31,1500-1700,DJ Stace,DJ Stace,The Wedding Present,Northern Ireland,The Home Internationals,Primavera Sound,
2017-05-31,1500-1700,DJ Stace,DJ Stace,the Mountain Goats,This Year,"Sunset Tree, the",4AD,
2017-05-31,1500-1700,DJ Stace,DJ Stace,Guided By Voices,Circus Day Hold Out,August By Cake,Gbv Records,
2017-05-31,1500-1700,DJ Stace,DJ Stace,Guided By Voices,Hold on Hope,Do the Collapse,Tvt Records,
2017-05-31,1500-1700,DJ Stace,DJ Stace,Bnqt,Hey Banana,Volume 1,Dualtone,
2017-05-31,1500-1700,DJ Stace,DJ Stace,The Coathangers,Down Down,Nosebleed Weekend,Suicide Squeeze Records,
2017-05-31,1500-1700,DJ Stace,DJ Stace,Screaming Females,Shake it Off (Taylor Swift Cover),A.V. Club Undercover,A.V. Club,
2017-05-31,1500-1700,DJ Stace,DJ Stace,The Jesus Lizard,Nub,Goat,Touch and Go,
2017-05-31,1500-1700,DJ Stace,DJ Stace,Thurston Moore,Smoke Of Dreams,Rock N Roll Consciousness,Ecstatic Peace,
2017-05-31,1500-1700,DJ Stace,DJ Stace,Sonic Youth,Sugar Kane,Dirty,Geffen Records,
2017-05-31,1500-1700,DJ Stace,DJ Stace,Blur,Song 2,Blur: The Best Of,Virgin Records America,
2017-05-31,1500-1700,DJ Stace,DJ Stace,Sufjan Stevens,Casimir Pulaski Day,Illinois,Asthmatic Kitty Records,
2017-05-31,1500-1700,DJ Stace,DJ Stace,Dan Auerbach,King of a One Horse Town,King of a One Horse Town,Easy Eye Sound,
2017-05-31,1500-1700,DJ Stace,DJ Stace,Spoon,Hot Thoughts,Hot Thoughts,Matador Records,
2017-05-31,1500-1700,DJ Stace,DJ Stace,The Black Angels,Currency,Death Song,Partisan Records,
2017-05-31,1500-1700,DJ Stace,DJ Stace,Slaves,Are You Satisfied?,Are You Satisfied?,EMI Records,
2017-05-24,1500-1700,DJ Stace,DJ Stace,Soundgarden,Hands All Over,Louder Than Love,A&M Records,
2017-05-24,1500-1700,DJ Stace,DJ Stace,Soundgarden,Searching with My Good Eye,Badmotorfinger,(Unknown),
2017-05-24,1500-1700,DJ Stace,DJ Stace,Soundgarden,Show Me,Rusty Cage,A&M Records (Metal),
2017-05-24,1500-1700,DJ Stace,DJ Stace,Temple of the Dog,Say Hello 2 Heaven,Temple of the Dog,A&M Records (Alternative),
2017-05-24,1500-1700,DJ Stace,DJ Stace,The Jesus And Mary Chain,Mood Rider,Damage And Joy,Artificial Plastic Records,
2017-05-24,1500-1700,DJ Stace,DJ Stace,the Grifters,Covered with Flies,Ain't My Lookout,Sub Pop Records,
2017-05-24,1500-1700,DJ Stace,DJ Stace,Hanni El Khatib,Black Constellation,Savage Times,Innovative Leisure Records,
2017-05-24,1500-1700,DJ Stace,DJ Stace,Father John Misty,Ballad Of The Dying Man,Pure Comedy,Sub Pop Records,
2017-05-24,1500-1700,DJ Stace,DJ Stace,James Johnston,Dark Water,The Starless Room, Clouds Hill Ltd.,
2017-05-24,1500-1700,DJ Stace,DJ Stace,Nick Cave & the Bad Seeds,Jubilee Street,Push the Sky Away,Bad Seed Ltd.,
2017-05-24,1500-1700,DJ Stace,DJ Stace,The Black Angels,Medicine,Death Song,Partisan Records,
2017-05-24,1500-1700,DJ Stace,DJ Stace,Dead Kennedys,Kill the Poor,Fresh Fruit For Rotting Vegetables,Alternative Tentacles Records,
2017-05-24,1500-1700,DJ Stace,DJ Stace,Screaming Females,Shake it Off (Taylor Swift Cover),A.V. Club Undercover,A.V. Club,
2017-05-24,1500-1700,DJ Stace,DJ Stace,Evil Triplet,Worship Satin,Other World,Super Secret Records,
2017-05-24,1500-1700,DJ Stace,DJ Stace,Black Flag,My War,My War,Sst Records/New Alliance,
2017-05-24,1500-1700,DJ Stace,DJ Stace,King Gizzard And The Lizard Wizard,Nuclear Fusion,Flying Microtonal Banana,Ato Records,
2017-05-24,1500-1700,DJ Stace,DJ Stace,The Stooges,I Wanna Be Your Dog,"Stooges, The (2005, 2cd Set)",Elektra Classics,
2017-05-24,1500-1700,DJ Stace,DJ Stace,Mr. Gnome,Mustangs,"Heart Of A Dark Star, The",El Marko Records,
2017-05-24,1500-1700,DJ Stace,DJ Stace,the Mountain Goats,Up the Wolves,"Sunset Tree, the",4AD,
2017-05-24,1500-1700,DJ Stace,DJ Stace,Spoon,Hot Thoughts,Hot Thoughts,Matador Records,
2017-05-24,1500-1700,DJ Stace,DJ Stace,The Dirtbombs,Ode To A Black Man,Ultraglide In Black,In the Red Records,
2017-05-24,1500-1700,DJ Stace,DJ Stace,Guided By Voices,Circus Day Hold Out,August By Cake,Gbv Records,
2017-05-24,1500-1700,DJ Stace,DJ Stace,Soundgarden,Slaves and Bulldozers,Badmotorfinger,(Unknown),
2017-05-17,1500-1700,DJ Stace,DJ Stace,Father John Misty,Things It Would Have Been Helpful To Know Before The Revolution,Pure Comedy,Sub Pop Records,
2017-05-17,1500-1700,DJ Stace,DJ Stace,Conor Oberst,Next Of Kin,Salutations,Nonesuch Records,
2017-05-17,1500-1700,DJ Stace,DJ Stace,Clap Your Hands Say Yeah,Fireproof,"Tourist, The",Self-Release,
2017-05-17,1500-1700,DJ Stace,DJ Stace,James Johnston,Cold Morning Light,The Starless Room,Cloud Hills Ltd.,
2017-05-17,1500-1700,DJ Stace,DJ Stace,the Art of Noise,Close (To the Edit),Who's Afraid Of?,(Unknown),
2017-05-17,1500-1700,DJ Stace,DJ Stace,Quivers,Riding On The Hearses,We'll Go Riding On The Hearses,Planetary Group,
2017-05-17,1500-1700,DJ Stace,DJ Stace,The Flaming Lips,She Don't Use Jelly,Transmissions From The Satellite Heart,Warner Brothers (Modern),
2017-05-17,1500-1700,DJ Stace,DJ Stace,Screaming Females,Shake it Off (Taylor Swift Cover),A.V. Club Undercover,A.V. Club,
2017-05-17,1500-1700,DJ Stace,DJ Stace,Devo,Whip It,Freedom Of Choice,Warner Bros. Records,
2017-05-17,1500-1700,DJ Stace,DJ Stace,Soundgarden,Girl You Want,Echo of Miles: Scattered Tracks Across the Path,A&M Records,
2017-05-17,1500-1700,DJ Stace,DJ Stace,Henry Jamison,Real Peach,"Rains, The",Akira Records,
2017-05-17,1500-1700,DJ Stace,DJ Stace,Devotchka,How It Ends,How It Ends,Cicero Recordings Ltd,
2017-05-17,1500-1700,DJ Stace,DJ Stace,Guided By Voices,Circus Day Hold Out,August By Cake,Gbv Records,
2017-05-17,1500-1700,DJ Stace,DJ Stace,Guided By Voices,Bulldog Skin,"Best Of, the",Matador Records,
2017-05-17,1500-1700,DJ Stace,DJ Stace,Father John Misty,Total Entertainment Forever,Pure Comedy,Sub Pop Records,
2017-05-17,1500-1700,DJ Stace,DJ Stace,Queens Of The Stone Age,I Sat By The Ocean,...Like Clockwork,Matador Records,
2017-05-17,1500-1700,DJ Stace,DJ Stace,Sinkane,Deadweight,Life & Livin' It,City Slang,
2017-05-17,1500-1700,DJ Stace,DJ Stace,Earthlings?,Stungun,Earthlings?,Crippled Dick Hot Wax!,
2017-05-17,1500-1700,DJ Stace,DJ Stace,Those Bastard Souls,Subterranean Death Ride Blue,Twentieth Century Chemical,Darla Records,
2017-05-17,1500-1700,DJ Stace,DJ Stace,The Magnetic Fields,'93 Me and Fred and Dave and Ted,5 Selections from 50 Song Memoir,Nonesuch Records,
2017-05-17,1500-1700,DJ Stace,DJ Stace,Hanni El Khatib,Black Constellation,Savage Times,Innovative Leisure Records,
2017-05-17,1500-1700,DJ Stace,DJ Stace,the Mountain Goats,This Year,"Sunset Tree, the",4AD,
2017-05-17,1500-1700,DJ Stace,DJ Stace,Kyle Craft,Lady Of The Ark,Dolls Of Highland,Sub Pop Records,
2017-05-17,1500-1700,DJ Stace,DJ Stace,Spoon,Hot Thoughts,Hot Thoughts,Matador Records,
2017-05-17,1500-1700,DJ Stace,DJ Stace,Jay Som,Everybody Works,Everybody Works,Polyvinyl Record Co.,
2017-05-17,1500-1700,DJ Stace,DJ Stace,The Jesus And Mary Chain,Get On Home,Damage And Joy,Artificial Plastic Records,
2017-05-17,1500-1700,DJ Stace,DJ Stace,The Velveteins,Monica Louise,A Hot Second With The Velveteins,Fierce Panda Canada,
2017-05-17,1500-1700,DJ Stace,DJ Stace,Big Star,Ballad of El Goodo,#1 Record,Ardent Records,
2017-05-10,1500-1700,DJ Stace,DJ Stace,Conor Oberst,Napalm,Salutations,Nonesuch Records,
2017-05-10,1500-1700,DJ Stace,DJ Stace,Kyle Craft,Lady Of The Ark,Dolls Of Highland,Sub Pop Records,
2017-05-10,1500-1700,DJ Stace,DJ Stace,Father John Misty,Total Entertainment Forever,Pure Comedy,Sub Pop Records,
2017-05-10,1500-1700,DJ Stace,DJ Stace,Screaming Females,Shake it Off (Taylor Swift Cover),A.V. Club Undercover,A.V. Club,
2017-05-10,1500-1700,DJ Stace,DJ Stace,Aquarian Blood,Skinsuit Mothers Clothes,Last Night In Paradise,Goner Records,
2017-05-10,1500-1700,DJ Stace,DJ Stace,Daft Punk,Technologic,Human After All,Virgin Records (Modern),
2017-05-10,1500-1700,DJ Stace,DJ Stace,Jay Som,1 Billion Dogs,Everybody Works,Polyvinyl Record Co.,
2017-05-10,1500-1700,DJ Stace,DJ Stace,New Order,Ceremony,Substance [Disc 1],Qwest,
2017-05-10,1500-1700,DJ Stace,DJ Stace,Beirut,Gibraltar,No No No,4AD,
2017-05-10,1500-1700,DJ Stace,DJ Stace,The Velveteins,Monica Louise,A Hot Second With The Velveteins,Fierce Panda Canada,
2017-05-10,1500-1700,DJ Stace,DJ Stace,The Pleasure Routine,Ruins (LIVE),KZSU Wednesday Night Live 2017,KZSU,
2017-05-10,1500-1700,DJ Stace,DJ Stace,The Kills,Siberian Nights,Ash & Ice,Domino Recording Company,
2017-05-10,1500-1700,DJ Stace,DJ Stace,Interpol,Evil,Antics,Matador Records,
2017-05-10,1500-1700,DJ Stace,DJ Stace,The Jesus And Mary Chain,All Things Pass,Damage And Joy,Artificial Plastic Records,
2017-05-10,1500-1700,DJ Stace,DJ Stace,Mujercitas Terror,La Secta Olvidada,Fiesta Muda,Stereo Neg Records,
2017-05-10,1500-1700,DJ Stace,DJ Stace,James Johnston,Dark Water,The Starless Room,Cloud Hills Ltd.,
2017-05-10,1500-1700,DJ Stace,DJ Stace,Gallon Drunk,Arlington Road,From the Heart of Town,Sire Records (Modern),
2017-05-10,1500-1700,DJ Stace,DJ Stace,Butthole Surfers,Boiled Dove,Smack My Crack,Giorno Poetry Systems,
2017-05-10,1500-1700,DJ Stace,DJ Stace,Hanni El Khatib,Black Constellation,Savage Times,Innovative Leisure Records,
2017-05-10,1500-1700,DJ Stace,DJ Stace,Timber Timbre,Demon Host,Timber Timbre,Arts & Crafts,
2017-05-10,1500-1700,DJ Stace,DJ Stace,CLPPNG,Work Work,CLPPNG,Sub Pop Records,
2017-05-10,1500-1700,DJ Stace,DJ Stace,Wugazi,Shame on Blue,13 Chambers,Wugazi,
2017-05-10,1500-1700,DJ Stace,DJ Stace,The Desert Sessions,Teens Of Thailand,Volume 5/6,Man's Ruin Records,
2017-05-10,1500-1700,DJ Stace,DJ Stace,Junior Kimbrough,Meet Me In the City,The First Recordings,Fat Possum Records,
2017-05-10,1500-1700,DJ Stace,DJ Stace,Wall,Everything In Between,"""Untitled""",Wharf Cat Records,
2017-05-10,1500-1700,DJ Stace,DJ Stace,Spoon,Hot Thoughts,Hot Thoughts,Matador Records,
2017-05-03,1500-1700,DJ Stace,DJ Stace,Father John Misty,Leaving L.A.,Pure Comedy,Sub Pop Records,
2017-05-03,1500-1700,DJ Stace,DJ Stace,The Arcs,Put a Flower In Your Pocket,"Yours, Dreamily",Nonesuch Records,
2017-05-03,1500-1700,DJ Stace,DJ Stace,Hanni El Khatib,Black Constellation,Savage Times,Innovative Leisure Records,
2017-05-03,1500-1700,DJ Stace,DJ Stace,Clap Your Hands Say Yeah,Fireproof,"Tourist, The",Self-Release,
2017-05-03,1500-1700,DJ Stace,DJ Stace,Bardo Pond,Crossover,Under The Pines,Fire Records,
2017-05-03,1500-1700,DJ Stace,DJ Stace,Conor Oberst,Napalm,Salutations,Nonesuch Records,
2017-05-03,1500-1700,DJ Stace,DJ Stace,Bob Dylan,Masters Of War,"Freewheelin' Bob Dylan, The",Columbia,
2017-05-03,1500-1700,DJ Stace,DJ Stace,Beck,Debra,Midnite Vultures,Geffen Records,
2017-05-03,1500-1700,DJ Stace,DJ Stace,Built To Spill,Wherever You Go,You In Reverse,Warner Brothers (Modern),
2017-05-03,1500-1700,DJ Stace,DJ Stace,Laurie Anderson,O Superman,Big Science,Warner Bros. Records,
2017-05-03,1500-1700,DJ Stace,DJ Stace,Latin Playboys,Manifold De Amour,Latin Playboys,Slash Records,
2017-05-03,1500-1700,DJ Stace,DJ Stace,Henry Jamison,Dallas Love Field,"Rains, The",Akira Records,
2017-05-03,1500-1700,DJ Stace,DJ Stace,Damien Jurado,Go First,Caught in the Trees,Secretly Canadian,
2017-05-03,1500-1700,DJ Stace,DJ Stace,Father John Misty,Total Entertainment Forever,Pure Comedy,Sub Pop Records,
2017-05-03,1500-1700,DJ Stace,DJ Stace,Father John Misty,The Suburbs (Arcade Fire Cover),CBC Live,CBC,
2017-05-03,1500-1700,DJ Stace,DJ Stace,Big Thief,Parallels,Masterpiece,Saddle Creek,
2017-05-03,1500-1700,DJ Stace,DJ Stace,Feist,Mushaboom,Let It Die,Polydor,
2017-05-03,1500-1700,DJ Stace,DJ Stace,Screaming Females,Shake it Off (Taylor Swift Cover),A.V. Club Undercover,A.V. Club,
2017-05-03,1500-1700,DJ Stace,DJ Stace,The Jesus And Mary Chain,All Things Pass,Damage And Joy,Artificial Plastic Records,
2017-05-03,1500-1700,DJ Stace,DJ Stace,Those Bastard Souls,The Train From Terminal Bore,Twentieth Century Chemical,Darla Records,
2017-05-03,1500-1700,DJ Stace,DJ Stace,Spoon,Hot Thoughts,Hot Thoughts,Matador Records,
2017-05-03,1500-1700,DJ Stace,DJ Stace,The Kills,Impossible Tracks,Ash & Ice,Domino Recording Company,
2017-05-03,1500-1700,DJ Stace,DJ Stace,T Rex,20Th Century Boy,Cd Sampler of Essential Coll.,(Unknown),
2017-04-26,1500-1700,DJ Stace,DJ Stace,Father John Misty,Pure Comedy,Pure Comedy,Sub Pop Records,
2017-04-26,1500-1700,DJ Stace,DJ Stace,Father John Misty,Do You Realize (Flaming Lips Cover),A.V. Club Undercover,A.V. Club,
2017-04-26,1500-1700,DJ Stace,DJ Stace,The Flaming Lips,One Night While Hunting For Faeries And Witches And Wizards To Kill,Oczy Mlody,Warner Bros. Records,
2017-04-26,1500-1700,DJ Stace,DJ Stace,Hanni El Khatib,Black Constellation,Savage Times,Innovative Leisure Records,
2017-04-26,1500-1700,DJ Stace,DJ Stace,Timber Timbre,Sewer Blues,"Sincerely, Future Pollution",City Slang,
2017-04-26,1500-1700,DJ Stace,DJ Stace,The Velveteins,Monica Louise,A Hot Second With The Velveteins,Fierce Panda Canada,
2017-04-26,1500-1700,DJ Stace,DJ Stace,The Coathangers,Nosebleed Weekend,Nosebleed Weekend,Suicide Squeeze Records,
2017-04-26,1500-1700,DJ Stace,DJ Stace,Pleasure Routine,Two Artists,KZSU Wednesday Night Live 2017,KZSU Live,
2017-04-26,1500-1700,DJ Stace,DJ Stace,Spoon,Hot Thoughts,Hot Thoughts,Matador Records,
2017-04-26,1500-1700,DJ Stace,DJ Stace,the Wedding Present,Corduroy,Seamonsters,First Warning,
2017-04-26,1500-1700,DJ Stace,DJ Stace,The Jesus And Mary Chain,Mood Rider,Damage And Joy,Artificial Plastic Records,
2017-04-26,1500-1700,DJ Stace,DJ Stace,Swervedriver,Rave Down,Raise,Creation Records,
2017-04-26,1500-1700,DJ Stace,DJ Stace,Clap Your Hands Say Yeah,Fireproof,"Tourist, The",Self-Release,
2017-04-26,1500-1700,DJ Stace,DJ Stace,Jane's Addiction,Been Caught Stealin',Ritual de lo Habitual,Warner Bros. Records,
2017-04-26,1500-1700,DJ Stace,DJ Stace,The Kills,Doing It To Death,Ash & Ice,Domino Recording Company,
2017-04-26,1500-1700,DJ Stace,DJ Stace,Bleached,Dear Trouble,Can You Deal?,Dead Oceans,
2017-04-26,1500-1700,DJ Stace,DJ Stace,Gap Dream,Rock And Roll,This Is Gap Dream,Burger Records,
2017-04-26,1500-1700,DJ Stace,DJ Stace,The Magnetic Fields,'93 Me and Fred and Dave and Ted,5 Selections from 50 Song Memoir,Nonesuch Records,
2017-04-26,1500-1700,DJ Stace,DJ Stace,Kyle Craft,Lady Of The Ark,Dolls Of Highland,Sub Pop Records,
2017-04-26,1500-1700,DJ Stace,DJ Stace,Leonard Cohen,The Partisan,Songs From A Room,Columbia,
2017-04-26,1500-1700,DJ Stace,DJ Stace,Devo,Gates Of Steel,Greatest Hits,Warner Bros. Records,
2017-04-26,1500-1700,DJ Stace,DJ Stace,Screaming Females,Shake it Off (Taylor Swift Cover),A.V. Club Undercover,A.V. Club,
2017-04-26,1500-1700,DJ Stace,DJ Stace,Father John Misty,Smoochie,Pure Comedy,Sub Pop Records,
2017-04-26,1500-1700,DJ Stace,DJ Stace,the Shins,Caring Is Creepy,"Oh, Inverted World",Sub Pop Records,
2017-04-26,1500-1700,DJ Stace,DJ Stace,Conor Oberst,Napalm,Salutations,Nonesuch Records,
2017-04-26,1500-1700,DJ Stace,DJ Stace,Pedro the Lion,When They Really Get to K...,It's Hard to Find a Friend,Made in Mexico,
2017-04-26,1500-1700,DJ Stace,DJ Stace,Guided By Voices,Hot Freaks,Bee Thousand,Matador Records,
2017-04-19,1500-1700,DJ Stace,DJ Stace,The Jesus And Mary Chain,All Things Pass,Damage And Joy,Artificial Plastic Records,
2017-04-19,1500-1700,DJ Stace,DJ Stace,Father John Misty,Total Entertainment Forever,Pure Comedy,Sub Pop Records,
2017-04-19,1500-1700,DJ Stace,DJ Stace,The Black Keys,Sinister Kid,Brothers,Nonesuch Records,
2017-04-19,1500-1700,DJ Stace,DJ Stace,The Kills,Siberian Nights,Ash & Ice,Domino Recording Company,
2017-04-19,1500-1700,DJ Stace,DJ Stace,UNKLE,Restless (feat. Josh Homme),War Stories,Traffic Inc.,
2017-04-19,1500-1700,DJ Stace,DJ Stace,Conor Oberst,Overdue,Salutations,Nonesuch Records,
2017-04-19,1500-1700,DJ Stace,DJ Stace,the Grifters,Spaced Out,Full Blown Possession,Sub Pop Records,
2017-04-19,1500-1700,DJ Stace,DJ Stace,Hanni El Khatib,Black Constellation,Savage Times,Innovative Leisure Records,
2017-04-19,1500-1700,DJ Stace,DJ Stace,Hanni El Khatib,Pay No Mind,Head in the Dirt,Innovative Leisure Records,
2017-04-19,1500-1700,DJ Stace,DJ Stace,Flight of the Conchords,Business Time,Flight of the Conchords,Sub Pop Records,
2017-04-19,1500-1700,DJ Stace,DJ Stace,The Buttertones,Sadie's A Sadist,Gravedigging,Innovative Leisure Records,
2017-04-19,1500-1700,DJ Stace,DJ Stace,"Spencer, Jon Blues Explosion",Like A Hawk,Crypt Style,Crypt Records,
2017-04-19,1500-1700,DJ Stace,DJ Stace,Father John Misty,Things It Would Have Been Helpful To Know Before The Revolution,Pure Comedy,Sub Pop Records,
2017-04-19,1500-1700,DJ Stace,DJ Stace,Vandals,Lady Killer,"When in Rome, Do as the Vandals Do",Chi-Com Records,
2017-04-19,1500-1700,DJ Stace,DJ Stace,Spoon,Hot Thoughts,Hot Thoughts,Matador Records,
2017-04-19,1500-1700,DJ Stace,DJ Stace,Shuggie Otis,Strawberry Letter 23,Inspiration Information,Luaka Bop,
2017-04-19,1500-1700,DJ Stace,DJ Stace,Gnod,Paper Error,Just Say No The Psycho Right-Wing Capitalist Fascist Industrial Death Machine,Rocket Recordings,
2017-04-19,1500-1700,DJ Stace,DJ Stace,The Wedding Present,Birdsnest,"Going, Going",Scopitones,
2017-04-19,1500-1700,DJ Stace,DJ Stace,The Besnard Lakes,The Divine Wind,Are The Divine Wind,Jagjaguwar,
2017-04-19,1500-1700,DJ Stace,DJ Stace,The Velveteins,Monica Louise,A Hot Second With The Velveteins,Fierce Panda Canada,
2017-04-19,1500-1700,DJ Stace,DJ Stace,Animal Collective,Jimmy Mack,"Painters, The",Domino Recording Company,
2017-04-19,1500-1700,DJ Stace,DJ Stace,The Brian Jonestown Massacre,Ufo Paycheck,Don't Get Lost,A Recordings,
2017-04-19,1500-1700,DJ Stace,DJ Stace,Mr. Gnome,Heave Yer Skeleton,Heave Yer Skeleton,El Marko,
2017-04-19,1500-1700,DJ Stace,DJ Stace,Clap Your Hands Say Yeah,Fireproof,"Tourist, The",Self-Release,
2017-04-19,1500-1700,DJ Stace,DJ Stace,Jay Som,Lipstick Stains,Everybody Works,Polyvinyl Record Co.,
2017-04-19,1500-1700,DJ Stace,DJ Stace,Father John Misty,Leaving L.A.,Pure Comedy,Sub Pop Records,
2017-04-12,1500-1700,DJ Stace,DJ Stace,Kraftwerk,Musique Non Stop,Electric Cafe,Elektra/Asylum,
2017-04-12,1500-1700,DJ Stace,DJ Stace,Slint,"Good Morning, Captain",Spiderland,Touch & Go Records,
2017-04-12,1500-1700,DJ Stace,DJ Stace,Hanni El Khatib,Black Constellation,Savage Times,Innovative Leisure Records,
2017-04-12,1500-1700,DJ Stace,DJ Stace,Once & Future Band,Rolando,Once & Future Band,Castle Face Records,
2017-04-12,1500-1700,DJ Stace,DJ Stace,Real Estate,Saturday,In Mind,Domino Recording Company,
2017-04-12,1500-1700,DJ Stace,DJ Stace,Aquarian Blood,Skinsuit Mothers Clothes,Last Night In Paradise,Goner Records,
2017-04-12,1500-1700,DJ Stace,DJ Stace,Swans,God Damn the Sun,"Burning World, the",Uni Distribution Corp.,
2017-04-12,1500-1700,DJ Stace,DJ Stace,Big Star,Ballad of El Goodo,#1 Record,Ardent Records,
2017-04-12,1500-1700,DJ Stace,DJ Stace,Jay Som,The Bus Song,Everybody Works,Polyvinyl Record Co.,
2017-04-12,1500-1700,DJ Stace,DJ Stace,Kyle Craft,Lady Of The Ark,Dolls Of Highland,Sub Pop Records,
2017-04-12,1500-1700,DJ Stace,DJ Stace,Moon Duo,Cult Of Moloch,Occult Architecture Vol. 1,Sacred Bones Records,
2017-04-12,1500-1700,DJ Stace,DJ Stace,The Black Angels,Currency,Death Song,Partisan Records,
2017-04-12,1500-1700,DJ Stace,DJ Stace,the Wedding Present,Gazebo,Watusi,Island Records (World),
2017-04-12,1500-1700,DJ Stace,DJ Stace,the Wedding Present,Corduroy,Seamonsters,First Warning,
2017-04-12,1500-1700,DJ Stace,DJ Stace,The Wedding Present,Birdsnest,"Going, Going",Scopitones,
2017-04-12,1500-1700,DJ Stace,DJ Stace,My Bloody Valentine,Only Shallow,Loveless,Creation Records Limited,
2017-04-12,1500-1700,DJ Stace,DJ Stace,The Kills,Doing It To Death,Ash & Ice,Domino Recording Company,
2017-04-12,1500-1700,DJ Stace,DJ Stace,Cocorosie,Smokey Taboo,Grey Oceans,Sub Pop Records,
2017-04-12,1500-1700,DJ Stace,DJ Stace,Spoon,Hot Thoughts,Hot Thoughts,Matador Records,
2017-04-12,1500-1700,DJ Stace,DJ Stace,The Velveteins,Monica Louise,A Hot Second With The Velveteins,Fierce Panda Canada,
2017-04-12,1500-1700,DJ Stace,DJ Stace,Conor Oberst,Next Of Kin,Salutations,Nonesuch Records,
2017-04-12,1500-1700,DJ Stace,DJ Stace,The Brian Jonestown Massacre,Dropping Bombs On The Sun,Don't Get Lost,A Recordings,
2017-04-12,1500-1700,DJ Stace,DJ Stace,the Grifters,Boho/Alt,Ain't My Lookout,Sub Pop Records,
2017-04-12,1500-1700,DJ Stace,DJ Stace,Clap Your Hands Say Yeah,Fireproof,"Tourist, The",Self-Release,
2017-04-12,1500-1700,DJ Stace,DJ Stace,Guided By Voices,Motor Away,"Best Of, the",Matador Records,
2017-04-05,1500-1700,DJ Stace,DJ Stace,Jane's Addiction,Jane Says,Jane's Addiction,Triple X Records,
2017-04-05,1500-1700,DJ Stace,DJ Stace,Sleater-Kinney,Surface Envy,Live In Paris,Sub Pop Records,
2017-04-05,1500-1700,DJ Stace,DJ Stace,Spoon,Hot Thoughts,Hot Thoughts,Matador Records,
2017-04-05,1500-1700,DJ Stace,DJ Stace,Jay Som,Everybody Works,Everybody Works,Polyvinyl Record Co.,
2017-04-05,1500-1700,DJ Stace,DJ Stace,Inxs,Don't Change,Shabooh Shoobah,Atco Records,
2017-04-05,1500-1700,DJ Stace,DJ Stace,Hanni El Khatib,Black Constellation,Savage Times,Innovative Leisure Records,
2017-04-05,1500-1700,DJ Stace,DJ Stace,Guided By Voices,Tractor Rape Chain,Bee Thousand,Matador Records,
2017-04-05,1500-1700,DJ Stace,DJ Stace,Ty Segall,Warm Hands (Freedom Returned),Ty Segall,Drag City,
2017-04-05,1500-1700,DJ Stace,DJ Stace,The Flaming Lips,The Great Gig In The Sky,Dark Side Of The Moon,Warner Bros. Records,
2017-04-05,1500-1700,DJ Stace,DJ Stace,The Flaming Lips,One Night While Hunting For Faeries And Witches And Wizards To Kill,Oczy Mlody,Warner Bros. Records,
2017-04-05,1500-1700,DJ Stace,DJ Stace,Pink Floyd,Fearless,Meddle,Capitol Records,
2017-04-05,1500-1700,DJ Stace,DJ Stace,Bob Marley & The Wailers,Amen,"One Love: At Studio One, 1964-1966",Heartbeat,
2017-04-05,1500-1700,DJ Stace,DJ Stace,Jimmy Cliff,The Harder They Come,"Harder They Come, the",Mango Records/Axiom,
2017-04-05,1500-1700,DJ Stace,DJ Stace,The Kills,Siberian Nights,Ash & Ice,Domino Recording Company,
2017-04-05,1500-1700,DJ Stace,DJ Stace,Gap Dream,Rock And Roll,This Is Gap Dream,Burger Records,
2017-04-05,1500-1700,DJ Stace,DJ Stace,Novella,Come In,Change Of State,Sinderlyn,
2017-04-05,1500-1700,DJ Stace,DJ Stace,Brant Bjork,Toot,Jalamanta,Man's Ruin Records,
2017-04-05,1500-1700,DJ Stace,DJ Stace,"Weiss, Chuck E.",Devil with Blue Suede Shoes,Extremely Cool,Rykodisc,
2017-04-05,1500-1700,DJ Stace,DJ Stace,Dr. John,Everybody Wanna Get Rich Rite Away,What It Is. Funky Soul and Rare Grooves,Rhino Records,
2017-04-05,1500-1700,DJ Stace,DJ Stace,Kyle Craft,Lady Of The Ark,Dolls Of Highland,Sub Pop Records,
2017-04-05,1500-1700,DJ Stace,DJ Stace,Conor Oberst,Napalm,Salutations,Nonesuch Records,
2017-04-05,1500-1700,DJ Stace,DJ Stace,Dead Kennedys,Holiday in Cambodia,Give Me Convenience or Give Me,Alternative Tentacles Records,
2017-04-05,1500-1700,DJ Stace,DJ Stace,The Pleasure Routine,Two Artists,Sugar Mountain,Self,
2017-04-05,1500-1700,DJ Stace,DJ Stace,Clap Your Hands Say Yeah,Fireproof,"Tourist, The",Self-Release,
2017-04-05,1500-1700,DJ Stace,DJ Stace,Guided By Voices,My Valuable Hunting Knife,Alien Lanes,Matador Records,
2017-03-29,1500-1700,DJ Stace,DJ Stace,The Brian Jonestown Massacre,Ufo Paycheck,Don't Get Lost,A Recordings,
2017-03-29,1500-1700,DJ Stace,DJ Stace,The Kills,Doing It To Death,Ash & Ice,Domino Recording Company,
2017-03-29,1500-1700,DJ Stace,DJ Stace,Morgan Delt,The System Of 1000 Lies,Phase Zero,Sub Pop Records,
2017-03-29,1500-1700,DJ Stace,DJ Stace,the Walkmen,We've Been Had,Everyone Who Pretended to Like,Star Time,
2017-03-29,1500-1700,DJ Stace,DJ Stace,Real Estate,Darling,In Mind,Domino Recording Company,
2017-03-29,1500-1700,DJ Stace,DJ Stace,R.E.M.,Fall On Me,Lifes Rich Pageant,I.R.S. Records,
2017-03-29,1500-1700,DJ Stace,DJ Stace,Quivers,Chinatown,We'll Go Riding On The Hearses,Planetary Group,
2017-03-29,1500-1700,DJ Stace,DJ Stace,Ty Segall,Warm Hands (Freedom Returned),Ty Segall,Drag City,
2017-03-29,1500-1700,DJ Stace,DJ Stace,The Pleasure Routine,Wolves & Eyes,Sugar Mountain,Self,
2017-03-29,1500-1700,DJ Stace,DJ Stace,Gap Dream,Rock And Roll,This Is Gap Dream,Burger Records,
2017-03-29,1500-1700,DJ Stace,DJ Stace,the American Analog Set,Diana Slowburner Ii,"Fun of Watching Fireworks, the",Emperor Jones,
2017-03-29,1500-1700,DJ Stace,DJ Stace,Slaves,Are You Satisfied?,Are You Satisfied?,EMI,
2017-03-29,1500-1700,DJ Stace,DJ Stace,The Flaming Lips,One Night While Hunting For Faeries And Witches And Wizards To Kill,Oczy Mlody,Warner Bros. Records,
2017-03-29,1500-1700,DJ Stace,DJ Stace,The Flaming Lips,Do You Realize??,Yoshimi Battles The Pink Robots,Warner Brothers (Modern),
2017-03-29,1500-1700,DJ Stace,DJ Stace,Once & Future Band,How Does It Make You Feel?,Once & Future Band,Castle Face Records,
2017-03-29,1500-1700,DJ Stace,DJ Stace,Spoon,Hot Thoughts,Hot Thoughts,Matador Records,
2017-03-29,1500-1700,DJ Stace,DJ Stace,The Magnetic Fields,'93 Me and Fred and Dave and Ted,5 Selections from 50 Song Memoir,Nonesuch Records,
2017-03-29,1500-1700,DJ Stace,DJ Stace,Hanni El Khatib,Black Constellation,Savage Times,Innovative Leisure Records,
2017-03-29,1500-1700,DJ Stace,DJ Stace,Conor Oberst,Napalm,Salutations,Nonesuch Records,
2017-03-29,1500-1700,DJ Stace,DJ Stace,Clap Your Hands Say Yeah,Fireproof,"Tourist, The",Self-Release,
2017-03-29,1500-1700,DJ Stace,DJ Stace,Iron & Wine,Time After Time,Time After Time,Sub Pop,
2017-03-29,1500-1700,DJ Stace,DJ Stace,Foxygen,Avalon,Hang,Jagjaguwar,
2017-03-29,1500-1700,DJ Stace,DJ Stace,Playboy Manbaby,You Can Be A Fascist Too,Don't Let It Be,Dirty Water Records,
2017-03-29,1500-1700,DJ Stace,DJ Stace,The Black Angels,Currency,Currency,Partisan Records,
2017-03-29,1500-1700,DJ Stace,DJ Stace,Leonard Cohen,The Partisan,Songs From A Room,Columbia,
2017-03-22,1500-1700,DJ Stace,DJ Stace,Big Business,Regulars,Command Your Weather,Joyful Noise,
2017-03-22,1500-1700,DJ Stace,DJ Stace,Melvins,A History of Bad Men,(A) Senile Animal,Ipecac Records,
2017-03-22,1500-1700,DJ Stace,DJ Stace,Cherry Glazerr,Nuclear Bomb,Apocalipstick,Secretly Canadian Records,
2017-03-22,1500-1700,DJ Stace,DJ Stace,Morgan Delt,Escape Capsule,Phase Zero,Sub Pop Records,
2017-03-22,1500-1700,DJ Stace,DJ Stace,the Hair & Skin Trading Co.,The Final Nail,Jo in Nine G Hell,Beggars Banquet,
2017-03-22,1500-1700,DJ Stace,DJ Stace,Sonic Avenues,Forgetting The Sound Of My Mind,Disconnector,Dirtnap Records,
2017-03-22,1500-1700,DJ Stace,DJ Stace,Weezer,Feels Like Summer,Feels Like Summer (CD Single),Crush Music/Atlantic,
2017-03-22,1500-1700,DJ Stace,DJ Stace,Seratones,Tide,Get Gone,Fat Possum Records,
2017-03-22,1500-1700,DJ Stace,DJ Stace,The Detroit Cobras,He Did It,"Life, Love and Leaving",Bluegrass Ahead,
2017-03-22,1500-1700,DJ Stace,DJ Stace,the Magnetic Fields,It's Only Time,I,Nonesuch Records,
2017-03-22,1500-1700,DJ Stace,DJ Stace,The Magnetic Fields,'93 Me and Fred and Dave and Ted,5 Selections from 50 Song Memoir,Nonesuch Records,
2017-03-22,1500-1700,DJ Stace,DJ Stace,Ullan Bator,Stereolith,Stereolith,Bureau B,
2017-03-22,1500-1700,DJ Stace,DJ Stace,Spoon,Hot Thoughts,Hot Thoughts,Matador,
2017-03-22,1500-1700,DJ Stace,DJ Stace,Sleater-Kinney,Surface Envy,Live In Paris,Sub Pop Records,
2017-03-22,1500-1700,DJ Stace,DJ Stace,The Kills,Doing It To Death,Ash & Ice,Domino Recording Company,
2017-03-22,1500-1700,DJ Stace,DJ Stace,The Pleasure Routine,Ruins,Sugar Mountain,Self,
2017-03-22,1500-1700,DJ Stace,DJ Stace,Ty Segall,Warm Hands (Freedom Returned),Ty Segall,Drag City,
2017-03-22,1500-1700,DJ Stace,DJ Stace,Ty Segall,Pan,Sentimental Goblin,Drag City,
2017-03-22,1500-1700,DJ Stace,DJ Stace,The Brian Jonestown Massacre,UFO Paycheck,Don't Get Lost,A Records,
2017-03-22,1500-1700,DJ Stace,DJ Stace,The Flaming Lips,The Castle,Oczy Mlody,Warner Bros. Records,
2017-03-22,1500-1700,DJ Stace,DJ Stace,the Wedding Present,Corduroy,Seamonsters,First Warning,
2017-03-22,1500-1700,DJ Stace,DJ Stace,Old 97'S,The Other Shoe,Wreck Your Life,Bloodshot Records,
2017-03-22,1500-1700,DJ Stace,DJ Stace,Hanni El Khatib,Black Constellation,Savage Times,Innovative Leisure Records,
2017-03-22,1500-1700,DJ Stace,DJ Stace,The Black Angels,Currency,Currency,Partisan Records,
2017-03-22,1500-1700,DJ Stace,DJ Stace,Reining Sound,If You Can't Give Me Everything,Too Much Guitar,In the Red Records,
2017-03-15,1500-1700,DJ Stace,DJ Stace,the Wedding Present,Gazebo,Watusi,Island Records (World),
2017-03-15,1500-1700,DJ Stace,DJ Stace,Ween,Push Th' Little Daisies (Shi,Push Th' Little Daisies,Elektra Records (Local),
2017-03-15,1500-1700,DJ Stace,DJ Stace,Kyle Craft,Three Candles,Dolls Of Highland,Sub Pop Records,
2017-03-15,1500-1700,DJ Stace,DJ Stace,Balkan Beat Box,Chin Chin,Shout It Out,Digital Monkey,
2017-03-15,1500-1700,DJ Stace,DJ Stace,Yo La Tengo,Autumn Sweater,I Can Hear the Heart Beating,Matador Records,
2017-03-15,1500-1700,DJ Stace,DJ Stace,Yo La Tengo,Speeding Motorcycle,Fakebook,Bar/None Records,
2017-03-15,1500-1700,DJ Stace,DJ Stace,Graham Nash,Better Days,Songs for Beginners,Atlantic Records (Modern),
2017-03-15,1500-1700,DJ Stace,DJ Stace,Devendra Banhart,Will Is My Friend,Rejoicing in the Hands,Young God Records,
2017-03-15,1500-1700,DJ Stace,DJ Stace,The Pleasure Routine,Wolves & Eyes,Sugar Mountain,Self,
2017-03-15,1500-1700,DJ Stace,DJ Stace,Morgan Delt,The System Of 1000 Lies,Phase Zero,Sub Pop Records,
2017-03-15,1500-1700,DJ Stace,DJ Stace,The Black Angels,Manipulation,"Black Angels, The",Light In The Attic Records,
2017-03-15,1500-1700,DJ Stace,DJ Stace,The Black Angels,Currency,Currency,Partisan Records,
2017-03-15,1500-1700,DJ Stace,DJ Stace,The Kills,Doing It To Death,Ash & Ice,Domino Recording Company,
2017-03-15,1500-1700,DJ Stace,DJ Stace,The Dirtbombs,Underdog,Ultraglide In Black,In the Red Records,
2017-03-15,1500-1700,DJ Stace,DJ Stace,American Wrestlers,Vote Thatcher,Goodbye Terrible Youth,Fat Possum Records,
2017-03-15,1500-1700,DJ Stace,DJ Stace,Spoon,Hot Thoughts,Hot Thoughts (CD Single),Matador,
2017-03-15,1500-1700,DJ Stace,DJ Stace,Hanni El Khatib,Black Constellation,Savage Times,Innovative Leisure Records,
2017-03-15,1500-1700,DJ Stace,DJ Stace,Ryan Adams,Doomsday,Prisoner,Blue Note,
2017-03-15,1500-1700,DJ Stace,DJ Stace,The Brian Jonestown Massacre,UFO Paycheck,Don't Get Lost,A Records,
2017-03-15,1500-1700,DJ Stace,DJ Stace,Skinny Puppy,Dig It,Mind: The Perpetual Intercourse,Nettwerk Records,
2017-03-15,1500-1700,DJ Stace,DJ Stace,Arcade Fire (feat Mavis Staples),I Give You Power (Broken Speaker Mix),I Give You Power,Merge Records,
2017-03-15,1500-1700,DJ Stace,DJ Stace,The Magnetic Fields,'93 Me and Fred and Dave and Ted,5 Selections from 50 Song Memoir,Nonesuch Records,
2017-03-15,1500-1700,DJ Stace,DJ Stace,Old 97'S,Big Brown Eyes,Too Far to Care,Elektra Records (West Coast),
2017-03-15,1500-1700,DJ Stace,DJ Stace,The Sonics,Have Love Will Travel,Here Are The Sonics,Norton Records,
2017-03-15,1500-1700,DJ Stace,DJ Stace,Cherry Glazerr,Told You I'd Be With The Guys,Apocalipstick,Secretly Canadian Records,
2017-03-15,1500-1700,DJ Stace,DJ Stace,Sleater-Kinney,Surface Envy,Live In Paris,Sub Pop Records,
2017-03-15,1500-1700,DJ Stace,DJ Stace,Ty Segall,Break A Guitar,Ty Segall,Drag City,
2017-03-15,1500-1700,DJ Stace,DJ Stace,Playboy Manbaby,You Can Be A Fascist Too,Don't Let It Be,Dirty Water Records,
2017-03-08,1500-1700,DJ Stace,DJ Stace,Balkan Beat Box,Kum Kum (Featuring A Wa),Shout It Out,Digital Monkey,
2017-03-08,1500-1700,DJ Stace,DJ Stace,The Darts,You Got Me,"Darts, The",Dirty Water Records,
2017-03-08,1500-1700,DJ Stace,DJ Stace,The Coathangers,Down Down,Nosebleed Weekend,Suicide Squeeze Records,
2017-03-08,1500-1700,DJ Stace,DJ Stace,Kristin Hersh,Killing Two Birds,Wyatt At The Coyote Palace,Omnibus Press,
2017-03-08,1500-1700,DJ Stace,DJ Stace,The Pleasure Routine,Ruins,Sugar Mountain,Self,
2017-03-08,1500-1700,DJ Stace,DJ Stace,Soft Lions,Digital Girls,Xoxo,Velvet Blue Music,
2017-03-08,1500-1700,DJ Stace,DJ Stace,The Flaming Lips,One Night While Hunting For Faeries And Witches And Wizards To Kill,Oczy Mlody,Warner Bros. Records,
2017-03-08,1500-1700,DJ Stace,DJ Stace,Ullan Bator,Stereolith,Stereolith,Bureau B,
2017-03-08,1500-1700,DJ Stace,DJ Stace,Cocorosie,Beautiful Boyz,Noah's Ark,Touch & Go Records,
2017-03-08,1500-1700,DJ Stace,DJ Stace,Ty Segall,Warm Hands (Freedom Returned),Ty Segall,Drag City,
2017-03-08,1500-1700,DJ Stace,DJ Stace,Big Star,Ballad of El Goodo,#1 Record,Big Beat Records,
2017-03-08,1500-1700,DJ Stace,DJ Stace,Kyle Craft,Lady Of The Ark,Dolls Of Highland,Sub Pop Records,
2017-03-08,1500-1700,DJ Stace,DJ Stace,Cherry Glazerr,Nuclear Bomb,Apocalipstick,Secretly Canadian Records,
2017-03-08,1500-1700,DJ Stace,DJ Stace,Swans,Can't Find My Way Home,"Burning World, the",Uni Distribution Corp.,
2017-03-08,1500-1700,DJ Stace,DJ Stace,Miss Chain & The Broken Heels,Standing In The Night,"Uh Uh / Standing In The Night 7""",Dirty Water Records,
2017-03-08,1500-1700,DJ Stace,DJ Stace,Blondie,Rapture,Once More Into the Bleach,Chrysalis Records,
2017-03-08,1500-1700,DJ Stace,DJ Stace,Moon Duo,Will Of The Devil,Occult Architecture Vol. 1,Sacred Bones Records,
2017-03-08,1500-1700,DJ Stace,DJ Stace,The Black Angels,Currency,Currency,Partisan Records,
2017-03-08,1500-1700,DJ Stace,DJ Stace,The Magnetic Fields,Me and Fred and Dave and Ted,5 Selections from 50 Song Memoir,Nonesuch Records,
2017-03-08,1500-1700,DJ Stace,DJ Stace,Spoon,Hot Thoughts,Hot Thoughts (CD Single),Matador,
2017-03-08,1500-1700,DJ Stace,DJ Stace,Playboy Manbaby,You Can Be A Fascist Too,Don't Let It Be,Dirty Water Records,
2017-03-08,1500-1700,DJ Stace,DJ Stace,Yo La Tengo,Autumn Sweater,I Can Hear the Heart Beating,Matador Records,
2017-03-08,1500-1700,DJ Stace,DJ Stace,Sleater-Kinney,Modern Girl,Live In Paris,Sub Pop Records,
2017-02-08,1500-1700,DJ Stace,DJ Stace,Love And Rockets,Ball Of Confusion,Express,Big Time,
2017-02-08,1500-1700,DJ Stace,DJ Stace,Spoon,Hot Thoughts,Hot Thoughts (CD Single),Matador,
2017-02-08,1500-1700,DJ Stace,DJ Stace,Spoon,Lines In The Suit,Girls Can Tell,Merge Records,
2017-02-08,1500-1700,DJ Stace,DJ Stace,Cherry Glazerr,Nuclear Bomb,Apocalipstick,Secretly Canadian Records,
2017-02-08,1500-1700,DJ Stace,DJ Stace,Cat Power,Cross Bones Style,Moon Pix,Matador Records,
2017-02-08,1500-1700,DJ Stace,DJ Stace,Ty Segall,Orange Color Queen,Ty Segall,Drag City,
2017-02-08,1500-1700,DJ Stace,DJ Stace,The Magnetic Fields,'93 Me and Fred and Dave and Ted,5 Selections from 50 Song Memoir,Nonesuch Records,
2017-02-08,1500-1700,DJ Stace,DJ Stace,Balkan Beat Box,Chin Chin,Shout It Out,Digital Monkey,
2017-02-08,1500-1700,DJ Stace,DJ Stace,Depeche Mode,Where's the Revolution,Where's the Revolution (CD Single),Columbia,
2017-02-08,1500-1700,DJ Stace,DJ Stace,Guided By Voices,Bulldog Skin,Mag Earwhig!,Matador Records,
2017-02-08,1500-1700,DJ Stace,DJ Stace,Courtney Barnett,Pedestrian At Best,"Sometimes I Sit And Think, And Sometimes I Just Sit",Mom + Pop,
2017-02-08,1500-1700,DJ Stace,DJ Stace,Electric Six,Gay Bar,Fire,Xl Recordings,
2017-02-08,1500-1700,DJ Stace,DJ Stace,Kyle Craft,Lady Of The Ark,Dolls Of Highland,Sub Pop Records,
2017-02-08,1500-1700,DJ Stace,DJ Stace,Son Volt,Sinking Down,Sinking Down,Columbia - Legacy,
2017-02-08,1500-1700,DJ Stace,DJ Stace,New Madrid,Dugout,Magnetkingmagnetqueen,Normaltown Records,
2017-02-08,1500-1700,DJ Stace,DJ Stace,The Blind Shake,Broken Racehorse,Celebrate Your Worth,Goner Records,
2017-02-08,1500-1700,DJ Stace,DJ Stace,Crushed Out,Ride The Tide,Alien Ocean,Cool Clear Water,
2017-02-08,1500-1700,DJ Stace,DJ Stace,The Black Angels,Currency,Currency,Blue Horizon Records,
2017-02-08,1500-1700,DJ Stace,DJ Stace,The Black Angels,Entrance Song (Rain Dance Version),Phosphene Nightmare,Blue Horizon Records Inc.,
2017-02-08,1500-1700,DJ Stace,DJ Stace,American Wrestlers,Give Up,Goodbye Terrible Youth,Fat Possum Records,
2017-02-08,1500-1700,DJ Stace,DJ Stace,Arcade Fire,I Give You Power (feat Mavis Staples),I Give You Power,self,
2017-02-08,1500-1700,DJ Stace,DJ Stace,Teenage Fanclub,I Have Nothing More To Say,Here,Merge Records,
2017-02-08,1500-1700,DJ Stace,DJ Stace,The Arcs,Lake Superior,Lake Superior,Nonesuch Records,
2017-02-08,1500-1700,DJ Stace,DJ Stace,The Kills,Siberian Nights,Siberian Nights,Domino Recording Co.,
2017-02-08,1500-1700,DJ Stace,DJ Stace,The Wet Secrets,I Can Swing A Hammer,I Can Live Forever Ep,Six Shooter Records,
2017-02-08,1500-1700,DJ Stace,DJ Stace,Miss Chain & The Broken Heels,Standing In The Night,"Uh Uh / Standing In The Night 7""",Dirty Water Records,
2017-02-08,1500-1700,DJ Stace,DJ Stace,Soft Lions,In The Garden,Xoxo,Velvet Blue Music,
2017-02-01,1500-1700,DJ Stace,DJ Stace,Spoon,Hot Thoughts,Hot Thoughts (CD Single),Matador,
2017-02-01,1500-1700,DJ Stace,DJ Stace,Kyle Craft,Lady Of The Ark,Dolls Of Highland,Sub Pop Records,
2017-02-01,1500-1700,DJ Stace,DJ Stace,Thee Oh Sees,The Poem,An Odd Entrances,Castle Face Records,
2017-02-01,1500-1700,DJ Stace,DJ Stace,Grifters,Bronze Cast,Crappin' You Negative,Shangri-La Records,
2017-02-01,1500-1700,DJ Stace,DJ Stace,The Pleasure Routine,Wolves & Eyes,Sugar Mountain,Self,
2017-02-01,1500-1700,DJ Stace,DJ Stace,Gallon Drunk,Arlington Road,From the Heart of Town,Sire Records (Modern),
2017-02-01,1500-1700,DJ Stace,DJ Stace,Arcade Fire (feat Mavis Staples),I Give You Power (Broken Speaker Mix),I Give You Power,Merge Records,
2017-02-01,1500-1700,DJ Stace,DJ Stace,Nick Cave & The Bad Seeds,Rings Of Saturn,Skeleton Tree,Bad Seed Ltd.,
2017-02-01,1500-1700,DJ Stace,DJ Stace,Iron & Wine,Time After Time,Time After Time,Black Cricket Recording,
2017-02-01,1500-1700,DJ Stace,DJ Stace,Animal Collective,Mountain Game,Mountain Game,Domino Recording Company,
2017-02-01,1500-1700,DJ Stace,DJ Stace,Real Life Rock & Roll Band,Let Me Sleep,Let Me Sleep / Death Is A Narrow Sea,Full Spectrum,
2017-02-01,1500-1700,DJ Stace,DJ Stace,Cate Le Bon,We Might Revolve,Crab Day,Drag City,
2017-02-01,1500-1700,DJ Stace,DJ Stace,the Mountain Goats,This Year,"Sunset Tree, the",4AD,
2017-02-01,1500-1700,DJ Stace,DJ Stace,Andrew Weathers,Horchata Chronologos,Rock & Roll Can And Will Heal Us,Ftam,
2017-01-25,1500-1700,DJ Stace,DJ Stace,Love And Rockets,Ball Of Confusion,Express,Big Time,
2017-01-25,1500-1700,DJ Stace,DJ Stace,Bauhaus,All We Ever Wanted,Singles: 1979-1983 Volume Two,Beggars Banquet,
2017-01-25,1500-1700,DJ Stace,DJ Stace,Daniel Johnston,Some Things Last A Long Time,Welcome To My World,Eternal Yip Eye Music,
2017-01-25,1500-1700,DJ Stace,DJ Stace,The Pleasure Routine,Ruins,Sugar Mountain,Self,
2017-01-25,1500-1700,DJ Stace,DJ Stace,Strfkr,Open Your Eyes,"Being No One, Going Nowhere",Polyvinyl Record Co.,
2017-01-25,1500-1700,DJ Stace,DJ Stace,Built To Spill,Hindsight,There Is No Enemy,Warner Bros. Records,
2017-01-25,1500-1700,DJ Stace,DJ Stace,Teenage Fanclub,I Have Nothing More To Say,Here,Merge Records,
2017-01-25,1500-1700,DJ Stace,DJ Stace,Bon Iver,Skinny Love,"For Emma, Forever Ago",Jagjaguwar,
2017-01-25,1500-1700,DJ Stace,DJ Stace,Soft Lions,Run In Dreams,Xoxo,Velvet Blue Music,
2017-01-25,1500-1700,DJ Stace,DJ Stace,The Coathangers,Down Down,Nosebleed Weekend,Suicide Squeeze Records,
2017-01-25,1500-1700,DJ Stace,DJ Stace,John Prine,Illegal Smile,"Singing Mailman Delivers, The",Oh Boy Records,
2017-01-25,1500-1700,DJ Stace,DJ Stace,Real Life Rock & Roll Band,Let Me Sleep,Let Me Sleep / Death Is A Narrow Sea,Full Spectrum,
2017-01-25,1500-1700,DJ Stace,DJ Stace,the Flaming Lips,Do You Realize??,Yoshimi Battles The Pink Robots,Warner Brothers (Modern),
2017-01-25,1500-1700,DJ Stace,DJ Stace,Bob Dylan,Masters Of War,"Freewheelin' Bob Dylan, The",Columbia,
2017-01-25,1500-1700,DJ Stace,DJ Stace,Husker Du,Love Is All Around (Mary Tyler Moore Theme),Eight Miles High/Makes No Sense (4 track single),SST Records,
2017-01-25,1500-1700,DJ Stace,DJ Stace,Empire Of The Sun,There's No Need,Two Vines,Astralwerks,
2017-01-25,1500-1700,DJ Stace,DJ Stace,Mr. Gnome,Sleepwalker,Monster's Heart,El Marko,
2017-01-25,1500-1700,DJ Stace,DJ Stace,Electric Six,Nuclear War (On the Dance Fl,Fire,Xl Recordings,
2017-01-25,1500-1700,DJ Stace,DJ Stace,Joy Division,She's Lost Control,Substance,Qwest,
2017-01-25,1500-1700,DJ Stace,DJ Stace,The Black Angels,Better Off Alone,Passover,Light In The Attic Records,
2017-01-25,1500-1700,DJ Stace,DJ Stace,Queens Of The Stone Age,You're So Vague,Feel Good Hit Of The Summer,Interscope Records,
2017-01-25,1500-1700,DJ Stace,DJ Stace,The Psychedelic Furs,All That Money Wants,All That Money Wants,Columbia,
2017-01-25,1500-1700,DJ Stace,DJ Stace,Doors,Spanish Caravan,The Very Best of the Doors,Rhino Records,
2017-01-25,1500-1700,DJ Stace,DJ Stace,Cocorosie,Smokey Taboo,Grey Oceans,Sub Pop Records,
2017-01-25,1500-1700,DJ Stace,DJ Stace,Swans,Love Will Save You,White Light From The Mouth Of Infinity,Young God Records,
2017-01-25,1500-1700,DJ Stace,DJ Stace,The Pleasure Routine,Two Artists,Sugar Mountain,Self,
2017-01-11,1500-1700,DJ Stace,DJ Stace,the English Beat,Tears of a Clown,I Just Can't Stop It,A&D Records,
2017-01-11,1500-1700,DJ Stace,DJ Stace,Conor Oberst,Next Of Kin,Ruminations,Nonesuch Records,
2017-01-11,1500-1700,DJ Stace,DJ Stace,Cate Le Bon,Wonderful,Crab Day,Drag City,
2017-01-11,1500-1700,DJ Stace,DJ Stace,Dinosaur Jr,Thumb,Green Mind,Sire Records,
2017-01-11,1500-1700,DJ Stace,DJ Stace,Real Life Rock & Roll Band,Let Me Sleep,Let Me Sleep / Death Is A Narrow Sea,Full Spectrum,
2017-01-11,1500-1700,DJ Stace,DJ Stace,Big Star,Ballad of El Goodo,#1 Record,Ardent Records,
2017-01-11,1500-1700,DJ Stace,DJ Stace,Kyle Craft,Lady Of The Ark,Dolls Of Highland,Sub Pop Records,
2017-01-11,1500-1700,DJ Stace,DJ Stace,Pj Harvey,Near The Memorials To Vietnam And Lincoln,"Hope Six Demolition Project , The",Island Records,
2017-01-11,1500-1700,DJ Stace,DJ Stace,Devo,Gates Of Steel,Greatest Hits,Warner Bros. Records,
2017-01-11,1500-1700,DJ Stace,DJ Stace,Strfkr,Tape Machine,"Being No One, Going Nowhere",Polyvinyl Record Co.,
2017-01-11,1500-1700,DJ Stace,DJ Stace,Spoon,I Turn My Camera on,Gimme Fiction,Merge Records,
2017-01-11,1500-1700,DJ Stace,DJ Stace,The Pleasure Routine,Ruins,Sugar Mountain,Self,
2017-01-11,1500-1700,DJ Stace,DJ Stace,Teenage Fanclub,I Have Nothing More To Say,Here,Merge Records,
2017-01-11,1500-1700,DJ Stace,DJ Stace,The Shacks,Hands In Your Pockets,"Shacks Ep, The",Big Crown,
2017-01-11,1500-1700,DJ Stace,DJ Stace,Melvins,A History of Bad Men,(A) Senile Animal,Ipecac Records,
2017-01-11,1500-1700,DJ Stace,DJ Stace,Big Business,Regulars,Command Your Weather,Joyful Noise Recordings,
2017-01-11,1500-1700,DJ Stace,DJ Stace,Killdozer,Take The Money And Run,For Ladies Only, Uncrowned City,
2017-01-11,1500-1700,DJ Stace,DJ Stace,Heavy Temple,Pink Glass,Chassit,Tridroid Records,
2017-01-11,1500-1700,DJ Stace,DJ Stace,American Wrestlers,Vote Thatcher,Goodbye Terrible Youth,Fat Possum Records,
2017-01-11,1500-1700,DJ Stace,DJ Stace,Bauhaus,Silent Hedges,Singles: 1979-1983 Volume Two,Beggars Banquet,
2017-01-11,1500-1700,DJ Stace,DJ Stace,Purling Hiss,3000 Ad,High Bias,Drag City,
2017-01-11,1500-1700,DJ Stace,DJ Stace,Balkan Beat Box,Chin Chin,Shout It Out,Digital Monkey,
2017-01-11,1500-1700,DJ Stace,DJ Stace,De La Soul,Pain (Feat. Snoop Dogg),And The Anonymous Nobody,A.O.I. Records,
2017-01-11,1500-1700,DJ Stace,DJ Stace,Flight of the Conchords,Business Time,Flight of the Conchords,Subpop,
2017-01-11,1500-1700,DJ Stace,DJ Stace,The Julie Ruin,Be Nice,Hit Reset,Hardly Art,
2017-01-11,1500-1700,DJ Stace,DJ Stace,The Hives,Hate To Say I Told You So,Your New Favorite Band,Poptones,
2017-01-11,1500-1700,DJ Stace,DJ Stace,Soft Lions,Run In Dreams,Xoxo,Velvet Blue Music,
2017-01-04,1500-1700,DJ Stace,DJ Stace,Lucinda Williams,God Don't Never Change,God Don't Never Change,Alligator,
2017-01-04,1500-1700,DJ Stace,DJ Stace,The Julie Ruin,Hello Trust No One,Hit Reset,Hardly Art,
2017-01-04,1500-1700,DJ Stace,DJ Stace,Southerly,[Bonus] Helpless By Neil Young,Desolation Sessions,Self-Release,
2017-01-04,1500-1700,DJ Stace,DJ Stace,Slothrust,Like A Child Hiding Behind Your Tombstone,Everyone Else,Dangerous Records,
2017-01-04,1500-1700,DJ Stace,DJ Stace,Strfkr,In The End,"Being No One, Going Nowhere",Polyvinyl Record Co.,
2017-01-04,1500-1700,DJ Stace,DJ Stace,Thee Oh Sees,The Poem,An Odd Entrances,Castle Face Records,
2017-01-04,1500-1700,DJ Stace,DJ Stace,The Brian Jonestown Massacre,Third World Pyramid,Third World Pyramid,'a' Records,
2017-01-04,1500-1700,DJ Stace,DJ Stace,Real Life Rock & Roll Band,Let Me Sleep,Let Me Sleep / Death Is A Narrow Sea,Full Spectrum,
2017-01-04,1500-1700,DJ Stace,DJ Stace,The Pleasure Routine,Ruins,Sugar Mountain,Self,
2017-01-04,1500-1700,DJ Stace,DJ Stace,Alejandro Escovedo,Beauty Of Your Smile,Burn Something Beautiful,Fantasy Records,
2017-01-04,1500-1700,DJ Stace,DJ Stace,De La Soul,Pain (Feat. Snoop Dogg),And The Anonymous Nobody,A.O.I. Records,
2017-01-04,1500-1700,DJ Stace,DJ Stace,Cate Le Bon,Find Me,Crab Day,Drag City,
2017-01-04,1500-1700,DJ Stace,DJ Stace,Empire Of The Sun,Zzz,Two Vines,Astralwerks,
2017-01-04,1500-1700,DJ Stace,DJ Stace,Rogue Wave,In The Morning,Delusions Of Grand Fur,Easy Sound Recording Company,
2017-01-04,1500-1700,DJ Stace,DJ Stace,Grouplove,Spinning,Big Mess,Atlantic Records,
2017-01-04,1500-1700,DJ Stace,DJ Stace,Fruit Bats,From A Soon-To-Be Ghost Town,Absolute Loser,Sub Pop Records,
2017-01-04,1500-1700,DJ Stace,DJ Stace,M. Ward,Confession,More Rain,Merge Records,
2017-01-04,1500-1700,DJ Stace,DJ Stace,The Prettiots,Boys (That I Dated In High School),Funs Cool,Rough Trade,
2017-01-04,1500-1700,DJ Stace,DJ Stace,Hot Hot Heat,Kid Who Stay In The Picture,Hot Hot Heat,Kaw-Liga Records/Culvert,
2017-01-04,1500-1700,DJ Stace,DJ Stace,Sidewatcher,Have Love Will Travel,Otra Vez I & I I,Self-Release,
2017-01-04,1500-1700,DJ Stace,DJ Stace,Conor Oberst,Next Of Kin,Ruminations,Nonesuch Records,
2017-01-04,1500-1700,DJ Stace,DJ Stace,Lake Street Dive,Godawful Things,Side Pony,Nonesuch Records,
2017-01-04,1500-1700,DJ Stace,DJ Stace,The Suffers,Make Some Room,"Suffers, The",Rhyme & Reason,
2017-01-04,1500-1700,DJ Stace,DJ Stace,Kyle Craft,Lady Of The Ark,Dolls Of Highland,Sub Pop Records,
2017-01-04,1500-1700,DJ Stace,DJ Stace,Cool Ghouls,Animal Races,Animal Races,Melodic,
2017-01-04,1500-1700,DJ Stace,DJ Stace,Lily & Madeleine,For The Weak,Keep It Together,New West Records,
2017-01-04,1500-1700,DJ Stace,DJ Stace,Snowapple,Any Way,Snowapple,Zip Records,
2016-12-21,1500-1700,DJ Stace,DJ Stace,Built to Spill,Cortez the Killer,Live,Warner Brothers (Modern),
2016-12-21,1500-1700,DJ Stace,DJ Stace,Melvins,A History of Bad Men,(A) Senile Animal,Ipecac Records,
2016-12-21,1500-1700,DJ Stace,DJ Stace,Mr. Gnome,Mustangs,"Heart Of A Dark Star, The",El Marko Records,
2016-12-21,1500-1700,DJ Stace,DJ Stace,The Julie Ruin,Let Me Go,Hit Reset,Hardly Art,
2016-12-21,1500-1700,DJ Stace,DJ Stace,Beirut,Gibraltar,No No No,4AD,
2016-12-21,1500-1700,DJ Stace,DJ Stace,Thee Oh Sees,The Poem,An Odd Entrances,Castle Face Records,
2016-12-21,1500-1700,DJ Stace,DJ Stace,Blind Pilot,Packed Powder,And Then Like Lions,Ato Records,
2016-12-21,1500-1700,DJ Stace,DJ Stace,My Morning Jacket,Run Thru,It Still Moves (Deluxe Reissue),Ato Records,
2016-12-21,1500-1700,DJ Stace,DJ Stace,the Mountain Goats,This Year,"Sunset Tree, the",4AD,
2016-12-21,1500-1700,DJ Stace,DJ Stace,The Dirtbombs,Ode To A Black Man,Ultraglide In Black,In the Red Records,
2016-12-21,1500-1700,DJ Stace,DJ Stace,Devendra Banhart,Fancy Man,Ape In Pink Marble,Nonesuch Records,
2016-12-21,1500-1700,DJ Stace,DJ Stace,The Pleasure Routine,Two Artists,Sugar Mountain,Self,
2016-12-21,1500-1700,DJ Stace,DJ Stace,New Order,Ceremony,Total,Rhino Records,
2016-12-21,1500-1700,DJ Stace,DJ Stace,J Mascis,Waltz #2,Say Yes! A Tribute To Elliott Smith,American Laundromat Records,
2016-12-21,1500-1700,DJ Stace,DJ Stace,Guided By Voices,Tractor Rape Chain,Bee Thousand,Matador Records,
2016-12-21,1500-1700,DJ Stace,DJ Stace,Cool Ghouls,Animal Races,Animal Races,Melodic,
2016-12-21,1500-1700,DJ Stace,DJ Stace,Slaves,Are You Satisfied?,Are You Satisfied,EMI,
2016-12-21,1500-1700,DJ Stace,DJ Stace,The Coathangers,Down Down,Nosebleed Weekend,Suicide Squeeze Records,
2016-12-21,1500-1700,DJ Stace,DJ Stace,The Desert Sessions,Teens Of Thailand,Volume 5/6,Man's Ruin Records,
2016-12-21,1500-1700,DJ Stace,DJ Stace,Wedding Present,Birdsnest,"Going, Going",Scopitones,
2016-12-21,1500-1700,DJ Stace,DJ Stace,Grouplove,Standing In The Sun,Big Mess,Atlantic Records,
2016-12-21,1500-1700,DJ Stace,DJ Stace,The Arcs,Put a Flower In Your Pocket,"Yours, Dreamily",Nonesuch Records,
2016-12-21,1500-1700,DJ Stace,DJ Stace,Sloucher,Waiting To Start,Certainty,Swoon Records,
2016-12-21,1500-1700,DJ Stace,DJ Stace,Alt-J,Left Hand Free,This Is All Yours,Infectious,
2016-12-21,1500-1700,DJ Stace,DJ Stace,The Brian Jonestown Massacre,Don't Get Lost,Third World Pyramid,'a' Records,
2016-12-21,1500-1700,DJ Stace,DJ Stace,Fruit Bats,Humbug Mountain Song,Absolute Loser,Sub Pop Records,
2016-12-21,1500-1700,DJ Stace,DJ Stace,M. Ward,You're So Good To Me,More Rain,Merge Records,
2016-12-21,1500-1700,DJ Stace,DJ Stace,Gringo Star,Still Alive,"Sides And In Between, The",Nevado Records,
2016-12-21,1500-1700,DJ Stace,DJ Stace,Tom Waits,John The Revelator,God Don't Never Change,Alligator,
2016-12-21,1500-1700,DJ Stace,DJ Stace,Southerly,[Bonus] Helpless By Neil Young,Desolation Sessions,Self-Release,
2016-12-21,1500-1700,DJ Stace,DJ Stace,Nick Cave & The Bad Seeds,Rings Of Saturn,Skeleton Tree,Bad Seed Ltd.,
2016-12-21,1500-1700,DJ Stace,DJ Stace,Wovenhand,Crystal Palace,Star Treatment,Sargent House,
2016-12-14,1500-1700,DJ Stace,DJ Stace,The Pleasure Routine,Ruins,Sugar Mountain,Self,
2016-12-14,1500-1700,DJ Stace,DJ Stace,M. Ward,Girl From Conejo Valley,More Rain,Merge Records,
2016-12-14,1500-1700,DJ Stace,DJ Stace,The Wolfgang Press,Mama Told Me Not To Come,Queer,4AD,
2016-12-14,1500-1700,DJ Stace,DJ Stace,Rogue Wave,In The Morning,Delusions Of Grand Fur,Easy Sound Recording Company,
2016-12-14,1500-1700,DJ Stace,DJ Stace,David Bowie,The Bewlay Brothers,Sound + Vision I,Rykodisc,
2016-12-14,1500-1700,DJ Stace,DJ Stace,Lake Street Dive,Godawful Things,Side Pony,Nonesuch Records,
2016-12-14,1500-1700,DJ Stace,DJ Stace,The Suffers,Make Some Room,"Suffers, The",Rhyme & Reason,
2016-12-14,1500-1700,DJ Stace,DJ Stace,Sharon Jones & The Dap-Kings,"100 Days, 100 Nights","100 Days, 100 Nights",Daptone Records,
2016-12-14,1500-1700,DJ Stace,DJ Stace,Wovenhand,Crystal Palace,Star Treatment,Sargent House,
2016-12-14,1500-1700,DJ Stace,DJ Stace,Jane's Addiction,Jane Says,Jane's Addiction,Triple X Records,
2016-12-14,1500-1700,DJ Stace,DJ Stace,Built To Spill,Wherever You Go,You In Reverse,Warner Brothers (Modern),
2016-12-14,1500-1700,DJ Stace,DJ Stace,Pretenders,Tattooed Love Boys,Pretenders,Sire Records,
2016-12-14,1500-1700,DJ Stace,DJ Stace,The Detroit Cobras,He Did It,"Life, Love and Leaving",Bluegrass Ahead,
2016-12-14,1500-1700,DJ Stace,DJ Stace,Tom Waits,The Soul Of A Man,God Don't Never Change,Alligator,
2016-12-14,1500-1700,DJ Stace,DJ Stace,The Arcs,Put a Flower In Your Pocket,"Yours, Dreamily",Nonesuch Records,
2016-12-14,1500-1700,DJ Stace,DJ Stace,The Dirtbombs,Do You See My Love (For You Growing),Ultraglide In Black,In the Red Records,
2016-12-14,1500-1700,DJ Stace,DJ Stace,Thee Oh Sees,The Poem,An Odd Entrances,Castle Face Records,
2016-12-14,1500-1700,DJ Stace,DJ Stace,Mr. Gnome,Winter,Madness In Miniature,El Marko Records,
2016-12-14,1500-1700,DJ Stace,DJ Stace,J Mascis,Waltz #2,Say Yes! A Tribute To Elliott Smith,American Laundromat Records,
2016-12-14,1500-1700,DJ Stace,DJ Stace,Sin Ropas,You'll Take the Knife Out,Three Cherries,Perishable,
2016-12-14,1500-1700,DJ Stace,DJ Stace,Fruit Bats,From A Soon-To-Be Ghost Town,Absolute Loser,Sub Pop Records,
2016-12-14,1500-1700,DJ Stace,DJ Stace,The Clash,Should I Stay Or Should I Go?,Combat Rock,Epic Records,
2016-12-14,1500-1700,DJ Stace,DJ Stace,the Jesus Lizard,The Art of Self-Defense,Liar,Touch and Go,
2016-12-14,1500-1700,DJ Stace,DJ Stace,Big Business,Regulars,Command Your Weather,Joyful Noise Recordings,
2016-12-14,1500-1700,DJ Stace,DJ Stace,The Pleasure Routine,Two Artists,Sugar Mountain,Self,
2016-12-14,1500-1700,DJ Stace,DJ Stace,The Young Step,Of Your Love,El Classico,Self-Release,
2016-12-07,1500-1700,DJ Stace,DJ Stace,Nick Cave And The Bad Seeds,The Mercy Seat,Tender Prey,Mute Records,
2016-12-07,1500-1700,DJ Stace,DJ Stace,Nick Cave & The Bad Seeds,Rings Of Saturn,Skeleton Tree,Bad Seed Ltd.,
2016-12-07,1500-1700,DJ Stace,DJ Stace,Tom Waits,"Cold, Cold Ground (Live)",Beautiful Maladies,Island Records,
2016-12-07,1500-1700,DJ Stace,DJ Stace,The Brian Jonestown Massacre,Don't Get Lost,Third World Pyramid,'a' Records,
2016-12-07,1500-1700,DJ Stace,DJ Stace,Hot Hot Heat,Modern Mind,Hot Hot Heat,Kaw-Liga Records/Culvert,
2016-12-07,1500-1700,DJ Stace,DJ Stace,Devendra Banhart,Fancy Man,Ape In Pink Marble,Nonesuch Records,
2016-12-07,1500-1700,DJ Stace,DJ Stace,Wedding Present,Birdsnest,"Going, Going",Scopitones,
2016-12-07,1500-1700,DJ Stace,DJ Stace,The Black Angels,Young Men Dead,Passover,Light In The Attic Records,
2016-12-07,1500-1700,DJ Stace,DJ Stace,M. Ward,Confession,More Rain,Merge Records,
2016-12-07,1500-1700,DJ Stace,DJ Stace,Interpol,Evil,Antics,Matador Records,
2016-12-07,1500-1700,DJ Stace,DJ Stace,The Pleasure Routine,Two Artists,Sugar Mountain,Self,
2016-12-07,1500-1700,DJ Stace,DJ Stace,Tom Waits,Temptation,Beautiful Maladies,Island Records,
2016-12-07,1500-1700,DJ Stace,DJ Stace,Wilco,Normal American Kids,Schmilco,Dbpm,
2016-12-07,1500-1700,DJ Stace,DJ Stace,Damien Jurado,Go First,Caught in the Trees,Secretly Canadian,
2016-12-07,1500-1700,DJ Stace,DJ Stace,Fruit Bats,From A Soon-To-Be Ghost Town,Absolute Loser,Sub Pop Records,
2016-12-07,1500-1700,DJ Stace,DJ Stace,Leonard Cohen,Bird on a Wire,"Essential, the",Columbia,
2016-12-07,1500-1700,DJ Stace,DJ Stace,Sharon Jones & The Dap-Kings,I Learned The Hard Way,I Learned The Hard Way,Daptone Records,
2016-12-07,1500-1700,DJ Stace,DJ Stace,Leon Russell,Tightrope,Carny,Shelter Records,
2016-12-07,1500-1700,DJ Stace,DJ Stace,Wovenhand,Come Brave,Star Treatment,Sargent House,
2016-12-07,1500-1700,DJ Stace,DJ Stace,the Cult,She Sells Sanctuary,Catalog Sampler,Beggars Banquet,
2016-12-07,1500-1700,DJ Stace,DJ Stace,Stiff Little Fingers,Alternative Ulster,All The Best,One Way Records,
2016-12-07,1500-1700,DJ Stace,DJ Stace,the Flaming Lips,She Don't Use Jelly,Transmissions From the Satelli,Warner Brothers (Modern),
2016-12-07,1500-1700,DJ Stace,DJ Stace,True Widow,F. W. T. S: L. T. M.,Avvolgere,Relapse Records,
2016-12-07,1500-1700,DJ Stace,DJ Stace,Conor Oberst,Next Of Kin,Ruminations,Nonesuch Records,
2016-12-07,1500-1700,DJ Stace,DJ Stace,Death Cab For Cutie,I Will Follow You Into The Dark,Plans,Atlantic Records (Modern),
2016-12-07,1500-1700,DJ Stace,DJ Stace,The Black Keys,Stop Stop,El Camino,Nonesuch Records,
2016-11-09,1500-1700,DJ Stace,DJ Stace,R.E.M.,Its The End Of The World As We Know It,And I Feel Fine,Irs Records,
2016-11-09,1500-1700,DJ Stace,DJ Stace,Fu Manchu,Freedom of Choice,King of the Road,Mammoth Records,
2016-11-09,1500-1700,DJ Stace,DJ Stace,New Order,Ceremony,Substance [Disc 1],Qwest,
2016-11-09,1500-1700,DJ Stace,DJ Stace,The Pleasure Routine,Ruins,Sugar Mountain,Self,
2016-11-09,1500-1700,DJ Stace,DJ Stace,Edward Sharpe And The Magnetic Zeros,Free Stuff,Person A,Community Music Group,
2016-11-09,1500-1700,DJ Stace,DJ Stace,Bob Marley And The Wailers,No Woman no Cry,Legend: The Best Of ... (Deluxe Edition),Tuff Gong International,
2016-11-09,1500-1700,DJ Stace,DJ Stace,Bob Dylan,A Hard Rain's A-Gonna Fall,"Freewheelin' Bob Dylan, The",Columbia,
2016-11-09,1500-1700,DJ Stace,DJ Stace,Time Zone,World Destruction (feat. Afrika Bambaata & John Lydon),Materialism,Charly UK,
2016-11-09,1500-1700,DJ Stace,DJ Stace,J Mascis,Waltz #2,Say Yes! A Tribute To Elliott Smith,American Laundromat Records,
2016-11-09,1500-1700,DJ Stace,DJ Stace,Dinosaur Jr,Goin Down,Give A Glimpse Of What Yer Not,Jagjaguwar,
2016-11-09,1500-1700,DJ Stace,DJ Stace,Gallon Drunk,Some Fool's Mess,"You, the Night...& the Music",Rykodisc,
2016-11-09,1500-1700,DJ Stace,DJ Stace,The Dirtbombs,Underdog,Ultraglide In Black,In the Red Records,
2016-11-09,1500-1700,DJ Stace,DJ Stace,Merchandise,I Will Not Sleep Here,A Corpse Wired For Sound,4AD,
2016-11-09,1500-1700,DJ Stace,DJ Stace,The Clash,Should I Stay Or Should I Go?,Combat Rock,Epic Records,
2016-11-09,1500-1700,DJ Stace,DJ Stace,The Clash,Straight To Hell,Rockers Galore,Epic Records,
2016-11-09,1500-1700,DJ Stace,DJ Stace,Spoon,The Underdog,Ga Ga Ga Ga Ga,Merge Records,
2016-11-09,1500-1700,DJ Stace,DJ Stace,Wilco,Normal American Kids,Schmilco,Dbpm,
2016-11-09,1500-1700,DJ Stace,DJ Stace,Nick Cave & The Bad Seeds,Rings Of Saturn,Skeleton Tree,Bad Seed Ltd.,
2016-11-09,1500-1700,DJ Stace,DJ Stace,The National,Fake Empire,Boxer,Beggars Banquet,
2016-11-09,1500-1700,DJ Stace,DJ Stace,Pj Harvey,Near The Memorials To Vietnam And Lincoln,"Hope Six Demolition Project , The",Island Records,
2016-11-09,1500-1700,DJ Stace,DJ Stace,Stranglers,96 Tears,Peaches,Capitol Records Inc.,
2016-11-09,1500-1700,DJ Stace,DJ Stace,The Young Step,Dark Side Of Town,El Classico,Self-Release,
2016-11-09,1500-1700,DJ Stace,DJ Stace,Elliott Smith,Trouble,[Coll]: Thumbsucker,Hollywood Records (Modern,
2016-11-09,1500-1700,DJ Stace,DJ Stace,Cat Stevens,Where Do the Children Play?,Tea for the Tillerman,A&M Records,
2016-11-09,1500-1700,DJ Stace,DJ Stace,Graham Nash,Better Days,Songs for Beginners,Atlantic Records (Modern),
2016-11-02,1500-1700,DJ Stace,DJ Stace,The Desert Sessions,Teens Of Thailand,Volume 5/6,Man's Ruin Records,
2016-11-02,1500-1700,DJ Stace,DJ Stace,The Arcs,Pistol Made of Bone,"Yours, Dreamily",Nonesuch Records,
2016-11-02,1500-1700,DJ Stace,DJ Stace,The Arcs,Put a Flower In Your Pocket,"Yours, Dreamily",Nonesuch,
2016-11-02,1500-1700,DJ Stace,DJ Stace,The Coathangers,Down Down,Nosebleed Weekend,Suicide Squeeze Records,
2016-11-02,1500-1700,DJ Stace,DJ Stace,Queens of the Stone Age,Go with the Flow,Songs for the Deaf,Interscope Records,
2016-11-02,1500-1700,DJ Stace,DJ Stace,Queens Of The Stone Age,I Sat By The Ocean,...Like Clockwork,Matador Records,
2016-11-02,1500-1700,DJ Stace,DJ Stace,Dinosaur Jr,Goin Down,Give A Glimpse Of What Yer Not,Jagjaguwar,
2016-11-02,1500-1700,DJ Stace,DJ Stace,J Mascis,Waltz #2,Say Yes! A Tribute To Elliott Smith,American Laundromat Records,
2016-11-02,1500-1700,DJ Stace,DJ Stace,Wilco,If I Ever Was A Child,Schmilco,Dbpm,
2016-11-02,1500-1700,DJ Stace,DJ Stace,Edward Sharpe And The Magnetic Zeros,Free Stuff,Person A,Community Music Group,
2016-11-02,1500-1700,DJ Stace,DJ Stace,the Wedding Present,Corduroy,Seamonsters,First Warning,
2016-11-02,1500-1700,DJ Stace,DJ Stace,Wedding Present,Birdsnest,"Going, Going",Scopitones,
2016-11-02,1500-1700,DJ Stace,DJ Stace,The Stargazer Lilies,When With You,Door To The Sun,Graveface Records,
2016-11-02,1500-1700,DJ Stace,DJ Stace,Hart Valley Drifters,All the Good Times Have Past and Gone,Folk Time,ATO Records,
2016-11-02,1500-1700,DJ Stace,DJ Stace,The Police,Roxanne,Outlandos D'amour,A&M Records,
2016-11-02,1500-1700,DJ Stace,DJ Stace,The Police,Message In A Bottle,Reggatta De Blanc,A&M Records,
2016-11-02,1500-1700,DJ Stace,DJ Stace,True Widow,The Trapper And The Trapped,Avvolgere,Relapse Records,
2016-11-02,1500-1700,DJ Stace,DJ Stace,Camper Van Beethoven,Take The Skinheads Bowling,Take The Skinheads Bowling,Rough Trade Records,
2016-11-02,1500-1700,DJ Stace,DJ Stace,Springtime Carnivore,Midnight Room,Midnight Room,Autumn Tone,
2016-11-02,1500-1700,DJ Stace,DJ Stace,Peter Gabriel,Solsbury Hill,"Peter Gabriel (""The Car"")",Atco Records,
2016-11-02,1500-1700,DJ Stace,DJ Stace,Nick Cave & The Bad Seeds,Rings Of Saturn,Skeleton Tree,Bad Seed Ltd.,
2016-11-02,1500-1700,DJ Stace,DJ Stace,Pj Harvey,Near The Memorials To Vietnam And Lincoln,"Hope Six Demolition Project , The",Island Records,
2016-11-02,1500-1700,DJ Stace,DJ Stace,The Suffers,Make Some Room,"Suffers, The",Rhyme & Reason,
2016-11-02,1500-1700,DJ Stace,DJ Stace,Tom Waits,The Soul Of A Man,God Don't Never Change,Alligator,
2016-11-02,1500-1700,DJ Stace,DJ Stace,Nirvana,Smells Like Teen Spirit,Nevermind,Sub Pop Records,
2016-11-02,1500-1700,DJ Stace,DJ Stace,Devendra Banhart,Fancy Man,Ape In Pink Marble,Nonesuch Records,
2016-11-02,1500-1700,DJ Stace,DJ Stace,The Young Step,When I Was Young,El Classico,Self,
2016-10-26,1500-1700,DJ Stace,DJ Stace,My Morning Jacket,Run Thru,It Still Moves (Deluxe Reissue),Ato Records,
2016-10-26,1500-1700,DJ Stace,DJ Stace,Dinosaur Jr,Left/Right,Give A Glimpse Of What Yer Not,Jagjaguwar,
2016-10-26,1500-1700,DJ Stace,DJ Stace,Spoon,Anything You Want,Girls Can Tell,Merge Records,
2016-10-26,1500-1700,DJ Stace,DJ Stace,Pj Harvey,The Wheel,"Hope Six Demolition Project , The",Island Records,
2016-10-26,1500-1700,DJ Stace,DJ Stace,Wedding Present,Birdsnest,"Going, Going",Scopitones,
2016-10-26,1500-1700,DJ Stace,DJ Stace,Warpaint,Heads Up,Heads Up,Rough Trade Records,
2016-10-26,1500-1700,DJ Stace,DJ Stace,Edward Sharpe And The Magnetic Zeros,Free Stuff,Person A,Community Music Group,
2016-10-26,1500-1700,DJ Stace,DJ Stace,Moonbell,Silent Treatment,Supernumerary E.P.,Hypnos Recordings,
2016-10-26,1500-1700,DJ Stace,DJ Stace,Cocorosie,Smokey Taboo,Grey Oceans,Sub Pop Records,
2016-10-26,1500-1700,DJ Stace,DJ Stace,Alabama Shakes,Dunes,Sound & Color,Ato Records,
2016-10-26,1500-1700,DJ Stace,DJ Stace,Wilco,Quarters,Schmilco,Dbpm,
2016-10-26,1500-1700,DJ Stace,DJ Stace,The National,Fake Empire,Boxer,Beggars Banquet,
2016-10-26,1500-1700,DJ Stace,DJ Stace,Nick Cave & The Bad Seeds,Rings Of Saturn,Skeleton Tree,Bad Seed Ltd.,
2016-10-26,1500-1700,DJ Stace,DJ Stace,The Young Step,Dark Side Of Town,El Classico,Self,
2016-10-26,1500-1700,DJ Stace,DJ Stace,Slaves,Are You Satisfied?,Are You Satisfied?,Virgin EMI,
2016-10-26,1500-1700,DJ Stace,DJ Stace,J Mascis,Waltz #2,Say Yes! A Tribute To Elliott Smith,American Laundromat Records,
2016-10-26,1500-1700,DJ Stace,DJ Stace,Elliott Smith,Trouble,[Coll]: Thumbsucker,Hollywood Records (Modern,
2016-10-26,1500-1700,DJ Stace,DJ Stace,Elliott Smith,A Fond Farewell,From a Basement on the Hill,Anti-,
2016-10-26,1500-1700,DJ Stace,DJ Stace,The Stargazer Lilies,A Beautiful Space,Door To The Sun,Graveface Records,
2016-10-26,1500-1700,DJ Stace,DJ Stace,My Bloody Valentine,Only Shallow,Loveless,Creation Records Limited,
2016-10-26,1500-1700,DJ Stace,DJ Stace,Lush,Lost Boy,Blind Spot,Edamame Records,
2016-10-26,1500-1700,DJ Stace,DJ Stace,Merchandise,Shadow Of The Truth,A Corpse Wired For Sound,4AD,
2016-10-26,1500-1700,DJ Stace,DJ Stace,The Pleasure Routine,Two Artists,Sugar Mountain,Self,
2016-10-26,1500-1700,DJ Stace,DJ Stace,Votaries,Delusion,Psychometry,Wharf Cat Records,
2016-10-26,1500-1700,DJ Stace,DJ Stace,The Black Angels,Black Grease,Passover,Light In The Attic Records,
2016-10-26,1500-1700,DJ Stace,DJ Stace,Teenage Wrist,Mirror Talk,Dazed,Pale Wave,
2016-10-26,1500-1700,DJ Stace,DJ Stace,Hit School,Variables With The Habitat,Hit School,Already Dead Tapes,
2016-10-26,1500-1700,DJ Stace,DJ Stace,Scratch Acid,Greatest Gift,"Greatest Gift, The",Touch and Go,
2016-10-26,1500-1700,DJ Stace,DJ Stace,Juliana Hatfield,Needle In The Hay,Say Yes! A Tribute To Elliott Smith,American Laundromat Records,
2016-10-19,1500-1700,DJ Stace,DJ Stace,Bob Dylan,Like a Rolling Stone,Highway 61 Revisited,Columbia Legacy,
2016-10-19,1500-1700,DJ Stace,DJ Stace,Bob Dylan,Who Killed Davey Moore,Live 1964,Columbia Legacy,
2016-10-19,1500-1700,DJ Stace,DJ Stace,True Widow,Theurgist,Avvolgere,Relapse Records,
2016-10-19,1500-1700,DJ Stace,DJ Stace,The Coathangers,Down Down,Nosebleed Weekend,Suicide Squeeze Records,
2016-10-19,1500-1700,DJ Stace,DJ Stace,Pj Harvey,The Wheel,"Hope Six Demolition Project , The",Island Records,
2016-10-19,1500-1700,DJ Stace,DJ Stace,Nick Cave & The Bad Seeds,Rings Of Saturn,Skeleton Tree,Bad Seed Ltd.,
2016-10-19,1500-1700,DJ Stace,DJ Stace,Bob Dylan,Lay Lady Lay,Nashville Skyline,Columbia,
2016-10-19,1500-1700,DJ Stace,DJ Stace,Merchandise,Flower Of Sex,A Corpse Wired For Sound,4AD,
2016-10-19,1500-1700,DJ Stace,DJ Stace,Sisters of Mercy,First and Last and Always,First and Last and Always,Warner Music Group,
2016-10-19,1500-1700,DJ Stace,DJ Stace,The Pleasure Routine,Two Artists,Sugar Mountain,Self,
2016-10-19,1500-1700,DJ Stace,DJ Stace,My Morning Jacket,Mahgeetah,It Still Moves (Deluxe Reissue),Ato Records,
2016-10-19,1500-1700,DJ Stace,DJ Stace,Spoon,Lines In The Suit,Girls Can Tell,Merge Records,
2016-10-19,1500-1700,DJ Stace,DJ Stace,Moonwalks,Ufo Factory (Bonus Track),In Light (The Scales In The Frame),Self-Release,
2016-10-19,1500-1700,DJ Stace,DJ Stace,The Black Angels,Young Men Dead,Passover,Light In The Attic Records,
2016-10-19,1500-1700,DJ Stace,DJ Stace,Devendra Banhart,Saturday Night,Ape In Pink Marble,Nonesuch Records,
2016-10-19,1500-1700,DJ Stace,DJ Stace,Graham Nash,Better Days,Songs for Beginners,Atlantic Records (Modern),
2016-10-19,1500-1700,DJ Stace,DJ Stace,Damien Jurado,Go First,Caught in the Trees,Secretly Canadian,
2016-10-19,1500-1700,DJ Stace,DJ Stace,Bob Dylan,Lonesome Death of Hattie Car,Live 1964,Columbia Legacy,
2016-10-19,1500-1700,DJ Stace,DJ Stace,Bad Brains,I Against I,I Against I,SST Records,
2016-10-19,1500-1700,DJ Stace,DJ Stace,Dinosaur Jr,Left/Right,Give A Glimpse Of What Yer Not,Jagjaguwar,
2016-10-19,1500-1700,DJ Stace,DJ Stace,Guided By Voices,My Kind of Soldier,"Best Of, the",Matador Records,
2016-10-19,1500-1700,DJ Stace,DJ Stace,Wilco,Normal American Kids,Schmilco,Dbpm,
2016-10-19,1500-1700,DJ Stace,DJ Stace,Bob Dylan,The Times They Are A-Changin',"Best Of Bob Dylan, The",Columbia Legacy,
2016-10-12,1500-1700,DJ Stace,DJ Stace,My Morning Jacket,Mahgeetah,It Still Moves (Deluxe Reissue),Ato Records,
2016-10-12,1500-1700,DJ Stace,DJ Stace,The Strokes,Last Night,"Strokes, The",Bmg Music,
2016-10-12,1500-1700,DJ Stace,DJ Stace,Pj Harvey,The Wheel,"Hope Six Demolition Project , The",Island Records,
2016-10-12,1500-1700,DJ Stace,DJ Stace,Warpaint,The Stall,Heads Up,Rough Trade Records,
2016-10-12,1500-1700,DJ Stace,DJ Stace,Massive Attack,Teardrop,Mezzanine,Circa Records,
2016-10-12,1500-1700,DJ Stace,DJ Stace,Tricky,Christansands,Pre-Millennium Tension,Island Records (Modern),
2016-10-12,1500-1700,DJ Stace,DJ Stace,Nick Cave & The Bad Seeds,Jesus Alone,Skeleton Tree,Self,
2016-10-12,1500-1700,DJ Stace,DJ Stace,Johnny Cash,The Mercy Seat,Solitary Man,American Recordings,
2016-10-12,1500-1700,DJ Stace,DJ Stace,Nick Cave And The Bad Seeds,The Mercy Seat,Tender Prey,Mute Records,
2016-10-12,1500-1700,DJ Stace,DJ Stace,Flight of the Conchords,Business Time,Flight of the Conchords,Sub Pop,
2016-10-12,1500-1700,DJ Stace,DJ Stace,The Young Step,Nature Man,El Classico,Self,
2016-10-12,1500-1700,DJ Stace,DJ Stace,Wedding Present,Birdsnest,"Going, Going",Scopitones,
2016-10-12,1500-1700,DJ Stace,DJ Stace,The Coathangers,Down Down,Nosebleed Weekend,Suicide Squeeze Records,
2016-10-12,1500-1700,DJ Stace,DJ Stace,A Tribe Called Red,Stadium Pow Wow (feat. Black Bear),Stadium Pow Wow (feat. Black Bear),Radicalized Records,
2016-10-12,1500-1700,DJ Stace,DJ Stace,Flat Worms,Red Hot Sand,Red Hot Sand (3-Song Ep),Volar Records,
2016-10-12,1500-1700,DJ Stace,DJ Stace,Thee Oh Sees,Plastic Plant,A Weird Exits,Castle Face Records,
2016-10-12,1500-1700,DJ Stace,DJ Stace,Elvis Depressedly,Pepsi/Coke Suicide,Holo Pleasures / California Dreamin',Run For Cover,
2016-10-12,1500-1700,DJ Stace,DJ Stace,Wilco,If I Ever Was A Child,Schmilco,Dbpm,
2016-10-12,1500-1700,DJ Stace,DJ Stace,Devendra Banhart,Fancy Man,Ape In Pink Marble,Nonesuch Records,
2016-10-12,1500-1700,DJ Stace,DJ Stace,Damien Jurado,Go First,Caught in the Trees,Secretly Canadian,
2016-10-12,1500-1700,DJ Stace,DJ Stace,Love,Alone Again or,Forever Changes,Elektra Records (West Coast),
2016-10-12,1500-1700,DJ Stace,DJ Stace,The Damned,"Alone Again, Or",Anything,MCA Records,
2016-10-12,1500-1700,DJ Stace,DJ Stace,The Clash,Train In Vain,Rockers Galore,Epic Records,
2016-10-12,1500-1700,DJ Stace,DJ Stace,Blacktop,I Think It's Going To Rain,Up All Night,Au Go Go,
2016-10-12,1500-1700,DJ Stace,DJ Stace,Deap Vally,Royal Jelly,Femejism,Nevado Records,
2016-10-12,1500-1700,DJ Stace,DJ Stace,Deerhoof,Nurse Me,"Magic, The",Polyvinyl Record Co.,
2016-10-05,1500-1700,DJ Stace,DJ Stace,The Pleasure Routine,Ruins,Sugar Mountain,Self,
2016-10-05,1500-1700,DJ Stace,DJ Stace,My Morning Jacket,Run Thru,It Still Moves (Deluxe Reissue),Ato Records,
2016-10-05,1500-1700,DJ Stace,DJ Stace,Wedding Present,Birdsnest,"Going, Going",Scopitones,
2016-10-05,1500-1700,DJ Stace,DJ Stace,The Coathangers,Down Down,Nosebleed Weekend,Suicide Squeeze Records,
2016-10-05,1500-1700,DJ Stace,DJ Stace,Dinosaur Jr,Left/Right,Give A Glimpse Of What Yer Not,Jagjaguwar,
2016-10-05,1500-1700,DJ Stace,DJ Stace,Guided By Voices,Class Clown Spots A Ufo,Class Clown Spots A Ufo,Rockathon Records,
2016-10-05,1500-1700,DJ Stace,DJ Stace,Guided By Voices,Hold on Hope,Do the Collapse,Tvt Records,
2016-10-05,1500-1700,DJ Stace,DJ Stace,City and Colour,The Girl,Bring Me Your Love,Vagrant Records,
2016-10-05,1500-1700,DJ Stace,DJ Stace,Deerhoof,Debut,"Magic, The",Polyvinyl Record Co.,
2016-10-05,1500-1700,DJ Stace,DJ Stace,Eurythmics,Sweet Dreams (Are Made Of This),Sweet Dreams (Are Made Of This),Rca Records (Original Vinyl),
2016-10-05,1500-1700,DJ Stace,DJ Stace,Edward Sharpe And The Magnetic Zeros,Free Stuff,Person A,Community Music Group,
2016-10-05,1500-1700,DJ Stace,DJ Stace,The Arcs,Put a Flower In Your Pocket,"Yours, Dreamily",Nonesuch,
2016-10-05,1500-1700,DJ Stace,DJ Stace,The Black Keys,Little Black Submarines,El Camino,Nonesuch Records,
2016-10-05,1500-1700,DJ Stace,DJ Stace,Okkervil River,R.I.P. Okkervil River,Away,ATO Records,
2016-10-05,1500-1700,DJ Stace,DJ Stace,David Bowie,The Bewlay Brothers,Sound + Vision I,Rykodisc,
2016-10-05,1500-1700,DJ Stace,DJ Stace,Wilco,Normal American Kids,Schmilco,Dbpm,
2016-10-05,1500-1700,DJ Stace,DJ Stace,Pretenders,Tattooed Love Boys,Pretenders,Sire Records,
2016-10-05,1500-1700,DJ Stace,DJ Stace,13th Floor Elevators,You're Gonna Miss Me,Absolutely The Best Of The 13th Floor Elevators,Fuel 2000,
2016-10-05,1500-1700,DJ Stace,DJ Stace,Adam and the Ants,Never Trust a Man(With Egg O,Dirk Wears White Sox,Epic Records (Modern),
2016-10-05,1500-1700,DJ Stace,DJ Stace,Devendra Banhart,Fancy Man,Ape In Pink Marble,Nonesuch Records,
2016-10-05,1500-1700,DJ Stace,DJ Stace,Sturgill Simpson,In Bloom,A Sailor's Guide to Earth,Capitol Records,
2016-10-05,1500-1700,DJ Stace,DJ Stace,Nick Cave & The Bad Seeds,Rings Of Saturn,Skeleton Tree,Self,
2016-10-05,1500-1700,DJ Stace,DJ Stace,The Pleasure Routine,Two Artists,Sugar Mountain,Self,
2016-09-29,0700-0900,DJ Stace,DJ Stace,Gavin Bryars,Tramp and Tom Waits With Full Orchestra,Jesus' Blood Never Failed Me Yet,Point Music,
2016-09-29,0700-0900,DJ Stace,DJ Stace,Pj Harvey,The Wheel,"Hope Six Demolition Project , The",Island Records,
2016-09-29,0700-0900,DJ Stace,DJ Stace,Hanni El Khatib,Pay No Mind,Head in the Dirt,Innovative Leisure Records,
2016-09-29,0700-0900,DJ Stace,DJ Stace,My Morning Jacket,Mahgeetah,It Still Moves (Deluxe Reissue),Ato Records,
2016-09-29,0700-0900,DJ Stace,DJ Stace,New Model Army,The Charge,Thunder & Consolation,Capital Records,
2016-09-29,0700-0900,DJ Stace,DJ Stace,Edward Sharpe And The Magnetic Zeros,Free Stuff,Person A,Community Music Group,
2016-09-29,0700-0900,DJ Stace,DJ Stace,Peter Bjorn And John,A Long Goodbye,Breakin' Point,Pbj Musik Ab,
2016-09-29,0700-0900,DJ Stace,DJ Stace,Electric Eye,Bless,Different Sun,Total Recluse,
2016-09-29,0700-0900,DJ Stace,DJ Stace,Iggy And The Stooges,Shake Appeal,Raw Power - Legacy Edition,Sony Music,
2016-09-29,0700-0900,DJ Stace,DJ Stace,Clipping.,Shooter,Wriggle.,Sub Pop Records,
2016-09-29,0700-0900,DJ Stace,DJ Stace,Depeche Mode,Stripped,Black Celebration,Sire Records (Modern),
2016-09-29,0700-0900,DJ Stace,DJ Stace,The Cavemen,Mentally Ill,"Cavemen, The",Dirty Water Records,
2016-09-29,0700-0900,DJ Stace,DJ Stace,Warpaint,The Stall,Heads Up,Rough Trade Records,
2016-09-29,0700-0900,DJ Stace,DJ Stace,Spoon,I Turn My Camera on,Gimme Fiction,Merge Records,
2016-09-29,0700-0900,DJ Stace,DJ Stace,Wedding Present,Birdsnest,"Going, Going",Scopitones,
2016-09-29,0700-0900,DJ Stace,DJ Stace,Husker Du,Makes No Sense At All,Eight Miles High/Makes No Sense (4 track single),SST Records,
2016-09-29,0700-0900,DJ Stace,DJ Stace,Husker Du,Love Is All Around (Mary Tyler Moore Theme),Eight Miles High/Makes No Sense (4 track single),SST Records,
2016-09-29,0700-0900,DJ Stace,DJ Stace,Yeasayer,Silly Me,Amen & Goodbye,Mute Records,
2016-09-29,0700-0900,DJ Stace,DJ Stace,Devendra Banhart,Fancy Man,Ape in Pink Marble,Nonesuch,
2016-09-29,0700-0900,DJ Stace,DJ Stace,Gary Numan,Down in the Park,Pleasure Principle Live,Mortal Records,
2016-09-29,0700-0900,DJ Stace,DJ Stace,The Coathangers,Down Down,Nosebleed Weekend,Suicide Squeeze Records,
2016-09-29,0700-0900,DJ Stace,DJ Stace,Total Slacker,Community College Hero,Parallels,Verge,
2016-09-29,0700-0900,DJ Stace,DJ Stace,Wilco,If I Ever Was A Child,Schmilco,Dbpm,
2016-09-29,0700-0900,DJ Stace,DJ Stace,Dinosaur Jr,Left/Right,Give A Glimpse Of What Yer Not,Jagjaguwar,
2016-09-29,0700-0900,DJ Stace,DJ Stace,Guided By Voices,Tractor Rape Chain,Bee Thousand,Matador Records,
2016-09-29,0700-0900,DJ Stace,DJ Stace,She Keeps Bees,Saturn Return,Dig On,Self,
2016-09-29,0700-0900,DJ Stace,DJ Stace,The Dirtbombs,Do You See My Love (For You Growing),Ultraglide In Black,In the Red Records,
2016-09-29,0700-0900,DJ Stace,DJ Stace,Beirut,August Holland,No No No,4AD,
2016-09-29,0700-0900,DJ Stace,DJ Stace,UNKLE,Restless (feat. Joshe Homme),War Stories,"Traffic, Inc.",
2016-09-29,0700-0900,DJ Stace,DJ Stace,Daft Punk,Technologic,Human After All,Virgin Records (Modern),
2016-09-29,0700-0900,DJ Stace,DJ Stace,Daft Punk,Technologic,Human After All,Virgin Records (Modern),
2016-09-28,1500-1800,DJ Stace,DJ Stace,Pj Harvey,The Wheel,"Hope Six Demolition Project , The",Island Records,
2016-09-28,1500-1800,DJ Stace,DJ Stace,The Arcs,Put a Flower In Your Pocket,"Yours, Dreamily",Nonesuch,
2016-09-28,1500-1800,DJ Stace,DJ Stace,Tom Waits,"Cold, Cold Ground (Live)",Beautiful Maladies,Island Records,
2016-09-28,1500-1800,DJ Stace,DJ Stace,The Pleasure Routine,Two Artists,Sugar Mountain,Self,
2016-09-28,1500-1800,DJ Stace,DJ Stace,Joy Division,She's Lost Control,Unknown Pleasures (Collector's Edition),Rhino Records,
2016-09-28,1500-1800,DJ Stace,DJ Stace,Franz Ferdinand,Album Version,Take Me Out,Domino Records,
2016-09-28,1500-1800,DJ Stace,DJ Stace,Thee Oh Sees,Plastic Plant,A Weird Exits,Castle Face Records,
2016-09-28,1500-1800,DJ Stace,DJ Stace,The Black Angels,Better Off Alone,Passover,Light In The Attic Records,
2016-09-28,1500-1800,DJ Stace,DJ Stace,The Coathangers,Down Down,Nosebleed Weekend,Suicide Squeeze Records,
2016-09-28,1500-1800,DJ Stace,DJ Stace,Peter Bjorn And John,Dominos,Breakin' Point,Pbj Musik Ab,
2016-09-28,1500-1800,DJ Stace,DJ Stace,Mr. Gnome,Mustangs,"Heart Of A Dark Star, The",El Marko Records,
2016-09-28,1500-1800,DJ Stace,DJ Stace,A Tribe Called Red,Stadium Pow Wow (feat. Black Bear),Stadium Pow Wow (feat. Black Bear),Tribal Spirit,
2016-09-28,1500-1800,DJ Stace,DJ Stace,Clipping.,Shooter,Wriggle.,Sub Pop Records,
2016-09-28,1500-1800,DJ Stace,DJ Stace,Ratatat,Loud Pipes,Classics,Xl Recording,
2016-09-28,1500-1800,DJ Stace,DJ Stace,Deerhoof,Acceptance Speech,"Magic, The",Polyvinyl Record Co.,
2016-09-28,1500-1800,DJ Stace,DJ Stace,the Breeders,Cannonball,Last Splash,4AD,
2016-09-28,1500-1800,DJ Stace,DJ Stace,Field Mouse,Out Of Context,Episodic,Topshelf Records,
2016-09-28,1500-1800,DJ Stace,DJ Stace,Deap Vally,Royal Jelly,Femejism,Nevado Records,
2016-09-28,1500-1800,DJ Stace,DJ Stace,Dinosaur Jr,Thumb,Green Mind,Sire Records,
2016-09-28,1500-1800,DJ Stace,DJ Stace,Dinosaur Jr,Left/Right,Give A Glimpse Of What Yer Not,Jagjaguwar,
2016-09-28,1500-1800,DJ Stace,DJ Stace,Guided By Voices,Much Better Mr. Buckles,Do the Collapse,Tvt Records,
2016-09-28,1500-1800,DJ Stace,DJ Stace,Nirvana,Smells Like Teen Spirit,Nevermind,Sub Pop Records,
2016-09-28,1500-1800,DJ Stace,DJ Stace,My Morning Jacket,Run Thru,It Still Moves (Deluxe Reissue),Ato Records,
2016-09-28,1500-1800,DJ Stace,DJ Stace,Devendra Banhart,Fancy Man,Ape in Pink Marble,Nonesuch,
2016-09-28,1500-1800,DJ Stace,DJ Stace,Warpaint,The Stall,Heads Up,Rough Trade Records,
2016-09-28,1500-1800,DJ Stace,DJ Stace,Elvis Depressedly,Pepsi/Coke Suicide,Holo Pleasures / California Dreamin',Run For Cover,
2016-09-28,1500-1800,DJ Stace,DJ Stace,My Bloody Valentine,Only Shallow,Loveless,Creation Records Limited,
2016-09-28,1500-1800,DJ Stace,DJ Stace,the Magnetic Fields,It's Only Time,I,Nonesuch Records,
2016-09-28,1500-1800,DJ Stace,DJ Stace,The Drones,They Came For Me,Feelin Kinda Free,Tfs Records,
2016-09-28,1500-1800,DJ Stace,DJ Stace,Wilco,Normal American Kids,Schmilco,Dbpm,
2016-09-28,1500-1800,DJ Stace,DJ Stace,City and Colour,The Girl,Bring Me Your Love,Dine Alone Records,
2016-09-28,1500-1800,DJ Stace,DJ Stace,Black Mountain,Crucify Me,Iv,Jagjaguwar,
2016-09-28,1500-1800,DJ Stace,DJ Stace,Nick Cave & The Bad Seeds,Rings Of Saturn,Skeleton Tree,Self,
2016-09-28,1500-1800,DJ Stace,DJ Stace,Wedding Present,Birdsnest,"Going, Going",Scopitones,
2016-09-28,1500-1800,DJ Stace,DJ Stace,Coeur De Pirate,Carry On,Roses,Care To Care Records,
2016-09-28,1500-1800,DJ Stace,DJ Stace,The Avalanches,Saturday Night Inside Out (Featuring Father John Misty And David Berman),Wildflower,Xl Recordings,
2016-09-15,0700-0900,DJ Stace,DJ Stace,Cocteau Twins,Ivo,Treasure,(Unknown),
2016-09-15,0700-0900,DJ Stace,DJ Stace,Cocteau Twins,Lorelei,Treasure,(Unknown),
2016-09-15,0700-0900,DJ Stace,DJ Stace,Cocteau Twins,Beatrix,Treasure,(Unknown),
2016-09-15,0700-0900,DJ Stace,DJ Stace,Cocteau Twins,Persephone,Treasure,(Unknown),
2016-09-15,0700-0900,DJ Stace,DJ Stace,Cocteau Twins,Pandora (For Cindy),Treasure,(Unknown),
2016-09-15,0700-0900,DJ Stace,DJ Stace,Hanni El Khatib,Pay No Mind,Head in the Dirt,Innovative Leisure,
2016-09-15,0700-0900,DJ Stace,DJ Stace,Lard,Power of Lard,Power of Lard (EP),Alternative Tentacles,
2016-09-15,0700-0900,DJ Stace,DJ Stace,My Morning Jacket,Mahgeetah,It Still Moves (Deluxe Reissue),Ato Records,
2016-09-15,0700-0900,DJ Stace,DJ Stace,Jack White,Sixteen Saltines,Blunderbuss,Third Man Records,
2016-09-15,0700-0900,DJ Stace,DJ Stace,Dinosaur Jr,Goin Down,Give A Glimpse Of What Yer Not,Jagjaguwar,
2016-09-15,0700-0900,DJ Stace,DJ Stace,The Jesus And Mary Chain,Blues From A Gun,Automatic,Warner Bros. Records,
2016-09-15,0700-0900,DJ Stace,DJ Stace,The Coathangers,Down Down,Nosebleed Weekend,Suicide Squeeze Records,
2016-09-15,0700-0900,DJ Stace,DJ Stace,Soundgarden,Drawing Flies,Badmotorfinger,(Unknown),
2016-09-15,0700-0900,DJ Stace,DJ Stace,Big Business,Regulars,Command Your Weather,Joyful Noise Recordings,
2016-09-15,0700-0900,DJ Stace,DJ Stace,Melvins,Going Blind,Houdini,Atlantic Records (Modern),
2016-09-15,0700-0900,DJ Stace,DJ Stace,Glitter Wizard,Abaca,Solar Hits,Captcha Records,
2016-09-15,0700-0900,DJ Stace,DJ Stace,Wilco,If I Ever Was a Child,Schmilco,Dbpm Records,
2016-09-15,0700-0900,DJ Stace,DJ Stace,Wilco,Heavy Metal Drummer,Yankee Hotel Foxtrot,Nonesuch Records,
2016-09-15,0700-0900,DJ Stace,DJ Stace,Thee Oh Sees,Plastic Plant,A Weird Exits,Castle Face Records,
2016-09-15,0700-0900,DJ Stace,DJ Stace,The Black Angels,Black Grease,Passover,Light In The Attic Records,
2016-09-15,0700-0900,DJ Stace,DJ Stace,"Lee Harvey Oswald,The",Surrender Earthlings,Blastronaut,Touch and Go,
2016-09-15,0700-0900,DJ Stace,DJ Stace,The Avett Brothers,Aint No Man,True Sadness,Republic Records,
2016-09-15,0700-0900,DJ Stace,DJ Stace,"Avett Brothers, The",January Wedding,I and Love and You,American Recordings,
2016-09-15,0700-0900,DJ Stace,DJ Stace,Edward Sharpe And The Magnetic Zeros,Free Stuff,Person A,Community Music Group,
2016-09-15,0700-0900,DJ Stace,DJ Stace,The Tallest Man On Earth,King Of Spain,"Wild Hunt, The",Dead Oceans,
2016-09-15,0700-0900,DJ Stace,DJ Stace,Deerhoof,Kafe Mania!,"Magic, The",Polyvinyl Record Co.,
2016-09-15,0700-0900,DJ Stace,DJ Stace,Wedding Present,Birdsnest,"Going, Going",Scopitones,
2016-09-15,0700-0900,DJ Stace,DJ Stace,PJ Harvey,The Wheel,The Hope Six Demolition Project,Vagrant Records,
2016-09-15,0700-0900,DJ Stace,DJ Stace,Yeasayer,Silly Me,Amen & Goodbye,Mute Records,
2016-09-15,0700-0900,DJ Stace,DJ Stace,Radiohead,Burn The Witch,A Moon Shaped Pool,Xl Recordings,
2016-09-15,0700-0900,DJ Stace,DJ Stace,The Cramps,Goo Goo Muck,Bad Music For Bad People,A & M Records,
2016-09-15,0700-0900,DJ Stace,DJ Stace,Stiff Little Fingers,78 Rpm,All The Best,One Way Records,
2016-09-15,0700-0900,DJ Stace,DJ Stace,Spoon,Inside Out,They Want My Soul,Anti-,
2016-09-15,0700-0900,DJ Stace,DJ Stace,Beirut,Gibraltar,No No No,4AD,
2016-09-14,1500-1800,DJ Stace,DJ Stace,The Coathangers,Down Down,Nosebleed Weekend,Suicide Squeeze Records,
2016-09-14,1500-1800,DJ Stace,DJ Stace,My Morning Jacket,Run Thru,It Still Moves (Deluxe Reissue),Ato Records,
2016-09-14,1500-1800,DJ Stace,DJ Stace,Tom Waits,Jockey Full Of Bourbon,Beautiful Maladies,Island Records,
2016-09-14,1500-1800,DJ Stace,DJ Stace,Wilco,Normal American Kids,Schmilco,Dbpm Records,
2016-09-14,1500-1800,DJ Stace,DJ Stace,Wilco,If I Ever Was a Child,Schmilco,Dbpm Records,
2016-09-14,1500-1800,DJ Stace,DJ Stace,Dinosaur Jr,Goin Down,Give A Glimpse Of What Yer Not,Jagjaguwar,
2016-09-14,1500-1800,DJ Stace,DJ Stace,T Rex,20Th Century Boy,Cd Sampler of Essential Coll.,(Unknown),
2016-09-14,1500-1800,DJ Stace,DJ Stace,Black Mountain,Crucify Me,Iv,Jagjaguwar,
2016-09-14,1500-1800,DJ Stace,DJ Stace,Love And Rockets,Haunted When The Minutes Drag,Seventh Dream Of Teenage Heaven,Beggars Banquet,
2016-09-14,1500-1800,DJ Stace,DJ Stace,Angel Olsen,Shut Up Kiss Me,My Woman,Jagjaguwar,
2016-09-14,1500-1800,DJ Stace,DJ Stace,Wilco,Cry all Night,Schmilco,Dbpm Records,
2016-09-14,1500-1800,DJ Stace,DJ Stace,Wilco,Common Sense,Schmilco,Dbpm Records,
2016-09-14,1500-1800,DJ Stace,DJ Stace,St. Paul and the Broken Bones,Burning Rome,Sea of Noise,Records LLC,
2016-09-14,1500-1800,DJ Stace,DJ Stace,Bob Dylan,To Ramona,Live 1964,Columbia Legacy,
2016-09-14,1500-1800,DJ Stace,DJ Stace,Nick Cave & the Bad Seeds,Jesus Alone,Skeleton Tree,Bad Seed Ltd.,
2016-09-14,1500-1800,DJ Stace,DJ Stace,The Pleasure Routine,Two Artists,Sugar Mountain,Self,
2016-09-14,1500-1800,DJ Stace,DJ Stace,Yeasayer,Silly Me,Amen & Goodbye,Mute Records,
2016-09-14,1500-1800,DJ Stace,DJ Stace,Thee Oh Sees,Dead Man's Gun,A Weird Exits,Castle Face Records,
2016-09-14,1500-1800,DJ Stace,DJ Stace,The Avett Brothers,May It Last,True Sadness,Republic Records,
2016-09-14,1500-1800,DJ Stace,DJ Stace,"Avett Brothers, The",I and Love and You,I and Love and You,American Recordings,
2016-09-14,1500-1800,DJ Stace,DJ Stace,Cass Mccombs,Medusa's Outhouse,Mangy Love,Anti-,
2016-09-14,1500-1800,DJ Stace,DJ Stace,Dinosaur Jr,Left/Right,Give A Glimpse Of What Yer Not,Jagjaguwar,
2016-09-14,1500-1800,DJ Stace,DJ Stace,Guided By Voices,Bulldog Skin,Mag Earwhig!,Matador Records,
2016-09-14,1500-1800,DJ Stace,DJ Stace,Wilco,Nope,Schmilco,Dbpm Records,
2016-09-14,1500-1800,DJ Stace,DJ Stace,Wilco,Someone to Lose,Schmilco,Dbpm Records,
2016-09-14,1500-1800,DJ Stace,DJ Stace,A Tribe Called Red,Stadium Pow Wow (feat. Black Bear),Stadium Pow Wow (feat. Black Bear),Pirates Blend Records Inc.,
2016-09-14,1500-1800,DJ Stace,DJ Stace,Big Business,Regulars,Command Your Weather,Joyful Noise Recordings,
2016-09-14,1500-1800,DJ Stace,DJ Stace,Melvins,A History of Bad Men,(A) Senile Animal,Ipecac Records,
2016-09-14,1500-1800,DJ Stace,DJ Stace,Wedding Present,Birdsnest,"Going, Going",Scopitones,
2016-09-14,1500-1800,DJ Stace,DJ Stace,Wilco,Happiness,Schmilco,Dbpm Records,
2016-09-14,1500-1800,DJ Stace,DJ Stace,Wilco,Quarters,Schmilco,Dbpm Records,
2016-09-14,1500-1800,DJ Stace,DJ Stace,Yael Naim,Walk Walk,Older,Self,
2016-09-14,1500-1800,DJ Stace,DJ Stace,Edward Sharpe And The Magnetic Zeros,Free Stuff,Person A,Community Music Group,
2016-09-14,1500-1800,DJ Stace,DJ Stace,Wilco,Locator,Schmilco,Dbpm Records,
2016-09-14,1500-1800,DJ Stace,DJ Stace,Wilco,Shrug & Destroy,Schmilco,Dbpm Records,
2016-09-14,1500-1800,DJ Stace,DJ Stace,Sonic Youth,Kool Thing,Goo,Dgc,
2016-09-14,1500-1800,DJ Stace,DJ Stace,Radiohead,Decks Dark,A Moon Shaped Pool,Xl Recordings,
2016-09-14,1500-1800,DJ Stace,DJ Stace,Joy Division,Love Will Tear Us Apart,Substance,Qwest,
2016-09-14,1500-1800,DJ Stace,DJ Stace,Wilco,We Aren't the World (Safety Girl),Schmilco,Dbpm Records,
2016-09-14,1500-1800,DJ Stace,DJ Stace,Wilco,Just Say Goodbye,Schmilco,Dbpm Records,
2016-09-08,0700-0900,DJ Stace,DJ Stace,Built to Spill,Cortez the Killer,Live,Warner Brothers (Modern),
2016-09-08,0700-0900,DJ Stace,DJ Stace,The Arcs,Put a Flower In Your Pocket,"Yours, Dreamily",Nonesuch,
2016-09-08,0700-0900,DJ Stace,DJ Stace,The Coathangers,Down Down,Nosebleed Weekend,Suicide Squeeze Records,
2016-09-08,0700-0900,DJ Stace,DJ Stace,Mr. Gnome,Mustangs,The Heart of a Dark Star,El Marko,
2016-09-08,0700-0900,DJ Stace,DJ Stace,PJ Harvey,Near the Memorial to Vietnam and Lincoln,The Hope Six Demolition Project,Vagrant Records,
2016-09-08,0700-0900,DJ Stace,DJ Stace,Neutral Milk Hotel,In the Aeroplane Over the Se,In the Aeroplane Over the Sea,Merge Records,
2016-09-08,0700-0900,DJ Stace,DJ Stace,The Gromble,Desole Pt. I,Jayus,Self,
2016-09-08,0700-0900,DJ Stace,DJ Stace,The Gromble,Desole Pt. Ii,Jayus,Self,
2016-09-08,0700-0900,DJ Stace,DJ Stace,The Avalanches,Saturday Night Inside Out (Featuring Father John Misty And David Berman),Wildflower,Xl Recordings,
2016-09-08,0700-0900,DJ Stace,DJ Stace,Father John Misty,Funtimes In Babylon,Fear Fun,Sub Pop Records,
2016-09-08,0700-0900,DJ Stace,DJ Stace,Nick Cave & the Bad Seeds,Jesus Alone,Jesus Alone (CD Single),Bad Seed Ltd.,
2016-09-08,0700-0900,DJ Stace,DJ Stace,Arctic Monkeys,Red RIght Hand,Crying Lightning, Domino,
2016-09-08,0700-0900,DJ Stace,DJ Stace,Okkervil River,R.I.P. Okkervil River,R.I.P. Okkervil River,ATO,
2016-09-08,0700-0900,DJ Stace,DJ Stace,Janis Joplin,Me and Bobby Mcgee,Pearl,Columbia Legacy,
2016-09-08,0700-0900,DJ Stace,DJ Stace,Iggy Pop,Lust for Life,Lust for Life,Virgin Records (Modern),
2016-09-08,0700-0900,DJ Stace,DJ Stace,Hanni El Khatib,Pay No Mind,Head in the Dirt,Innovative Leisure,
2016-09-08,0700-0900,DJ Stace,DJ Stace,Dinosaur Jr,Mirror,Give A Glimpse Of What Yer Not,Jagjaguwar,
2016-09-08,0700-0900,DJ Stace,DJ Stace,Trolls of Amsterdam,Ford Fiesta,Trolls of Amsterdam,Juan Nebula,
2016-09-08,0700-0900,DJ Stace,DJ Stace,Slaves,Are You Satisfied?,Are You Satisfied?,Virgin EMI,
2016-09-08,0700-0900,DJ Stace,DJ Stace,Wedding Present,Birdsnest,"Going, Going",Scopitones,
2016-09-08,0700-0900,DJ Stace,DJ Stace,Wilco,If I Ever Was a Child,If I Ever Was a Child (Single),Nonesuch,
2016-09-08,0700-0900,DJ Stace,DJ Stace,Wilco,I'm The Man Who Loves You,Yankee Hotel Foxtrot,Nonesuch Records,
2016-09-08,0700-0900,DJ Stace,DJ Stace,Black Mountain,Crucify Me,Iv,Jagjaguwar,
2016-09-08,0700-0900,DJ Stace,DJ Stace,Gary Numan,Cars,Pleaseure Principle,Atco,
2016-09-08,0700-0900,DJ Stace,DJ Stace,Radiohead,Burn The Witch,A Moon Shaped Pool,Xl Recordings,
2016-09-07,1500-1800,DJ Stace,DJ Stace,Thee Oh Sees,Dead Man's Gun,A Weird Exits,Castle Face Records,
2016-09-07,1500-1800,DJ Stace,DJ Stace,Deerhoof,Model Behavior,"Magic, The",Polyvinyl Record Co.,
2016-09-07,1500-1800,DJ Stace,DJ Stace,Florence & the Machine,Kiss with a Fist,Lungs,Universal Republic Records,
2016-09-07,1500-1800,DJ Stace,DJ Stace,The Coathangers,Down Down,Nosebleed Weekend,Suicide Squeeze Records,
2016-09-07,1500-1800,DJ Stace,DJ Stace,She Keeps Bees, Feather Lighter,Eight Houses, BB*ISLAND,
2016-09-07,1500-1800,DJ Stace,DJ Stace,The Stooges,No Fun,"Stooges, The", Uncrowned City,
2016-09-07,1500-1800,DJ Stace,DJ Stace,Wedding Present,Greenland,"Going, Going",Scopitones,
2016-09-07,1500-1800,DJ Stace,DJ Stace,The Pleasure Routine,Two Artists,Sugar Mountain,Self,
2016-09-07,1500-1800,DJ Stace,DJ Stace,The Xx,Intro,Xx,True Panther Sounds,
2016-09-07,1500-1800,DJ Stace,DJ Stace,Nick Cave & the Bad Seeds,Jesus Alone,Jesus Alone (CD Single),Bad Seed Ltd.,
2016-09-07,1500-1800,DJ Stace,DJ Stace,Radiohead,Decks Dark,A Moon Shaped Pool,Xl Recordings,
2016-09-07,1500-1800,DJ Stace,DJ Stace,Pink Floyd,When the Tigers Broke Free,"Final Cut, The",Columbia,
2016-09-07,1500-1800,DJ Stace,DJ Stace,My Morning Jacket,Run Thru,It Still Moves (Deluxe Reissue),Ato Records,
2016-09-07,1500-1800,DJ Stace,DJ Stace,The Psychedelic Furs,All Of This And Nothing,All Of This And Nothing,Columbia,
2016-09-07,1500-1800,DJ Stace,DJ Stace,The Gromble,Desole Pt. Ii,Jayus,Self,
2016-09-07,1500-1800,DJ Stace,DJ Stace,Cold War Kids,Hospital Beds,Robbers & Cowards,Downtown Records,
2016-09-07,1500-1800,DJ Stace,DJ Stace,A Tribe Called Red,Stadium Pow Wow (feat. Black Bear),Stadium Pow Wow (feat. Black Bear),Tribal Spirit,
2016-09-07,1500-1800,DJ Stace,DJ Stace,Big Business,Regulars,Command Your Weather,Joyful Noise Recordings,
2016-09-07,1500-1800,DJ Stace,DJ Stace,The Last Shadow Puppets,Aviation,Everything You've Come To Expect,Domino,
2016-09-07,1500-1800,DJ Stace,DJ Stace,Buzzcocks,You Say You Don't Love Me (Demo),A Different Kind of Tension,United Artists Records,
2016-09-07,1500-1800,DJ Stace,DJ Stace,Adam and the Ants,"""Antmusic""",Kings of the Wild Frontier,Epic Records (Modern),
2016-09-07,1500-1800,DJ Stace,DJ Stace,Thee Oh Sees,Plastic Plant,A Weird Exits,Castle Face Records,
2016-09-07,1500-1800,DJ Stace,DJ Stace,Wedding Present,Birdsnest,"Going, Going",Scopitones,
2016-09-07,1500-1800,DJ Stace,DJ Stace,The Heavy,How You Like Me Now? Featuring the Dap Kings,How You Like Me Now? EP,Counter,
2016-09-07,1500-1800,DJ Stace,DJ Stace,Charles Bradley,Change For The World,Changes,Dunham,
2016-09-07,1500-1800,DJ Stace,DJ Stace,Phantogram,Cruel World,Third,Republic Records,
2016-09-07,1500-1800,DJ Stace,DJ Stace,Phantogram,Mouthful Of Diamonds,Eyelid Movies,Barsuk Records,
2016-09-07,1500-1800,DJ Stace,DJ Stace,Mountains & Rainbows,Sycamour Tree,Particles,Castle Face Records,
2016-09-07,1500-1800,DJ Stace,DJ Stace,Time Zone,World Destruction,Bio-Dome,Priority Records,
2016-09-07,1500-1800,DJ Stace,DJ Stace,Guided By Voices,Teenage Fbi,"Best Of, the",Matador Records,
2016-09-07,1500-1800,DJ Stace,DJ Stace,Wilco,If I Ever Was a Child,If I Ever Was a Child (Single),dBPm,
2016-09-07,1500-1800,DJ Stace,DJ Stace,Wilco,True Love Will Find You In The End (Daniel Johnston cover),Alpha Mike Foxtrot: Rare Tracks 1994 - 2014,Nonesuch,
2016-09-07,1500-1800,DJ Stace,DJ Stace,Phosphorescent,Can I Sleep In Your Arms,To Willie,Dead Oceans,
2016-09-07,1500-1800,DJ Stace,DJ Stace,Matt Sweeney & Bonnie Prince,My Home Is the Sea,Superwolf,Drag City,
2016-09-07,1500-1800,DJ Stace,DJ Stace,"Bonnie ""Prince"" Billy",The Dragon Song,Pete's Dragon Soundtrack,Disney,
2016-09-07,1500-1800,DJ Stace,DJ Stace,Spoon,The Way We Get By,Kill The Moonlight,Merge Records,
2016-09-07,1500-1800,DJ Stace,DJ Stace,Love,"Alone Again, Or",Forever Changes,Elektra Records,
2016-09-07,1500-1800,DJ Stace,DJ Stace,Cloak Of Organs,Blood Moon,Cloak Of Organs,Self,
2016-09-07,1500-1800,DJ Stace,DJ Stace,PJ Harvey,The Wheel,The Hope Six Demolition Project,Vagrant Records,
2016-09-07,1500-1800,DJ Stace,DJ Stace,Dinosaur Jr,Mirror,Give A Glimpse Of What Yer Not,Jagjaguwar,
2016-09-07,1500-1800,DJ Stace,DJ Stace,Dinosaur Jr,Thumb,Green Mind,Sire Records,
2016-09-07,1500-1800,DJ Stace,DJ Stace,Deap Vally,Royal Jelly,Royal Jelly (Single),Deap Vally,
2016-09-07,1500-1800,DJ Stace,DJ Stace,Black Mountain,Florian Saucer Attack,Iv,Jagjaguwar,
2016-09-07,1500-1800,DJ Stace,DJ Stace,the Jim Carroll Band,People Who Died,"Basketball Diaries: Original Motion Picture Soundtrack, The",Island Records (Modern),
2016-09-01,0700-0900,DJ Stace,DJ Stace,the American Analog Set,Diana Slowburner Ii,"Fun of Watching Fireworks, the",Emperor Jones,
2016-09-01,0700-0900,DJ Stace,DJ Stace,the American Analog Set,On My Way,"Fun of Watching Fireworks, the",Emperor Jones,
2016-09-01,0700-0900,DJ Stace,DJ Stace,Dr. John,Everybody Want to Git Rich (Rite Away),What It is! Funky Soul and Rare Grooves: 1967-1977,Rhino,
2016-09-01,0700-0900,DJ Stace,DJ Stace,Charles Bradley,Change For The World,Changes,Dunham,
2016-09-01,0700-0900,DJ Stace,DJ Stace,Field Mouse,Out Of Context,Episodic,Topshelf Records,
2016-09-01,0700-0900,DJ Stace,DJ Stace,Deap Vally,Royal Jelly,Royal Jelly,Deap Vally,
2016-09-01,0700-0900,DJ Stace,DJ Stace,Wedding Present,Birdsnest,Birdsnest (single),Scopitones,
2016-09-01,0700-0900,DJ Stace,DJ Stace,the Wedding Present,Gazebo,Watusi,Island Records (World),
2016-09-01,0700-0900,DJ Stace,DJ Stace,Siouxsie & The Banshees,Cities in Dust,Twice Upon a Time/The Singles,Geffen Records,
2016-09-01,0700-0900,DJ Stace,DJ Stace,Deerhoof,Kafe Mania!,"Magic, The",Polyvinyl Record Co.,
2016-09-01,0700-0900,DJ Stace,DJ Stace,Weezer,My Name Is Jonas,Weezer,Geffen Records,
2016-09-01,0700-0900,DJ Stace,DJ Stace,Charles Bradley,The World (Is Going Up In Flames),No Time For Dreaming,Daptone Records,
2016-09-01,0700-0900,DJ Stace,DJ Stace,The Coathangers,Down Down,Nosebleed Weekend,Suicide Squeeze Records,
2016-09-01,0700-0900,DJ Stace,DJ Stace,A Tribe Called Red,Electric Power Drum,A Tribe Called Red,Tribal Spirit,
2016-09-01,0700-0900,DJ Stace,DJ Stace,Cold War Kids,Hospital Beds,Robbers & Cowards,Downtown Rocords,
2016-09-01,0700-0900,DJ Stace,DJ Stace,Echo & The Bunnymen,The Killing Moon,Songs To Learn & Sing,Korova Records,
2016-09-01,0700-0900,DJ Stace,DJ Stace,Thee Oh Sees,Dead Man's Gun,A Weird Exits,Castle Face Records,
2016-09-01,0700-0900,DJ Stace,DJ Stace,The Zig Zags,Lizard,Running Out Of Red,Castle Face Records,
2016-09-01,0700-0900,DJ Stace,DJ Stace,The Jesus Lizard,Nub,Goat,Touch and Go,
2016-09-01,0700-0900,DJ Stace,DJ Stace,Scratch Acid,Greatest Gift,"Greatest Gift, The",Touch and Go,
2016-09-01,0700-0900,DJ Stace,DJ Stace,Pogues,If I Should Fall From Grace With God,If I Should Fall From Grace With God,Island Records,
2016-09-01,0700-0900,DJ Stace,DJ Stace,Radiohead,Decks Dark,A Moon Shaped Pool,Xl Recordings,
2016-09-01,0700-0900,DJ Stace,DJ Stace,PJ Harvey,The Wheel,The Hope Six Demolition Project,Vagrant Records,
2016-09-01,0700-0900,DJ Stace,DJ Stace,A Tribe Called Red,Stadium Pow Wow (feat. Black Bear),Stadium Pow Wow (feat. Black Bear),Tribal Spirit,
2016-09-01,0700-0900,DJ Stace,DJ Stace,My Morning Jacket,Mahgeetah,It Still Moves (Deluxe Reissue),Ato Records,
2016-09-01,0700-0900,DJ Stace,DJ Stace,Father John Misty,Hollywood Forever Cemetery Sings,Fear Fun,Sub Pop Records,
2016-09-01,0700-0900,DJ Stace,DJ Stace,The Pleasure Routine,Two Artists,Sugar Mountain,Self,
2016-09-01,0700-0900,DJ Stace,DJ Stace,Twin River,Antony,Passing Shade,Light Organ Records,
2016-09-01,0700-0900,DJ Stace,DJ Stace,Phantogram,Cruel World,Cruel World (CD Single),Republic Records,
2016-09-01,0700-0900,DJ Stace,DJ Stace,Black Mountain,Constellations,Iv,Jagjaguwar,
2016-09-01,0700-0900,DJ Stace,DJ Stace,Jane's Addiction,Mountain Song,Nothing's Shocking,Warner Bros. Records,
2016-09-01,0700-0900,DJ Stace,DJ Stace,Earthings?,Stungun,Earthlings?,Man's Ruin,
2016-09-01,0700-0900,DJ Stace,DJ Stace,the Desert Sessions,I Wanna Make It Wit Chu,Volumes 9 & 10,Ipecac Records,
2016-09-01,0700-0900,DJ Stace,DJ Stace,The National,Fake Empire,Boxer,Beggars Banquet,
2016-09-01,0700-0900,DJ Stace,DJ Stace,The Psychedelic Furs,All That Money Wants,All Of This And Nothing,Columbia,
2016-08-31,1500-1800,DJ Stace,DJ Stace,The Arcs,Put a Flower In Your Pocket,"Yours, Dreamily",Nonesuch,
2016-08-31,1500-1800,DJ Stace,DJ Stace,Dan Auerback,"Heartbroken, In Disrepair",Keep It Hid,Nonesuch Records,
2016-08-31,1500-1800,DJ Stace,DJ Stace,My Morning Jacket,Mahgeetah,It Still Moves (Deluxe Reissue),Ato Records,
2016-08-31,1500-1800,DJ Stace,DJ Stace,Television,Marquee Moon,Marquee Moon,Elektra Records (West Coast),
2016-08-31,1500-1800,DJ Stace,DJ Stace,the Wedding Present,Corduroy,Seamonsters,First Warning,
2016-08-31,1500-1800,DJ Stace,DJ Stace,Wedding Present,Birdsnest,Birdsnest (single),Scopitones,
2016-08-31,1500-1800,DJ Stace,DJ Stace,Rakta,A Busca Do Círculo,Intenção,Dama Da Noite Discos/Nada Nada Discos,
2016-08-31,1500-1800,DJ Stace,DJ Stace,Deerhoof,Nurse Me,"Magic, The",Polyvinyl Record Co.,
2016-08-31,1500-1800,DJ Stace,DJ Stace,Ween,Push Th' Little Daisies (Shi,Push Th' Little Daisies,Elektra Records (Local),
2016-08-31,1500-1800,DJ Stace,DJ Stace,the Art of Noise,Close (To the Edit),Who's Afraid Of?,(Unknown),
2016-08-31,1500-1800,DJ Stace,DJ Stace,Black Mountain,Crucify Me,Iv,Jagjaguwar,
2016-08-31,1500-1800,DJ Stace,DJ Stace,Bedhead,Living Well,Whatfunlifewas,Trance Syndicate Records,
2016-08-31,1500-1800,DJ Stace,DJ Stace,Devendra Banhart,Will Is My Friend,Rejoicing in the Hands,Young God Records,
2016-08-31,1500-1800,DJ Stace,DJ Stace,She Keeps Bees,Saturn Return,Dig On,Self,
2016-08-31,1500-1800,DJ Stace,DJ Stace,Låpsley,Love Is Blind,Long Way Home,Xl Recordings,
2016-08-31,1500-1800,DJ Stace,DJ Stace,Billy Bragg and Wilco,California Stars,Mermaid Avenue,Elektra Classics,
2016-08-31,1500-1800,DJ Stace,DJ Stace,Sly & the Family Stone,Underdog,"Essential, the",Epic Records,
2016-08-31,1500-1800,DJ Stace,DJ Stace,Thee Oh Sees,Plastic Plant,A Weird Exits,Castle Face Records,
2016-08-31,1500-1800,DJ Stace,DJ Stace,Jack White (feat. Alicia Keys),Another Way to Die,Another Way to Die,Third Man Records,
2016-08-31,1500-1800,DJ Stace,DJ Stace,The Gromble,Desole Pt. Ii,Jayus,Self,
2016-08-31,1500-1800,DJ Stace,DJ Stace,Radiohead,Decks Dark,A Moon Shaped Pool,Xl Recordings,
2016-08-31,1500-1800,DJ Stace,DJ Stace,Slint,"Good Morning, Captain",Spiderland,Touch & Go Records,
2016-08-31,1500-1800,DJ Stace,DJ Stace,Bleached,Wednesday Night Melody,Welcome The Worms,Dead Oceans,
2016-08-31,1500-1800,DJ Stace,DJ Stace,Big Business,Regulars,Command Your Weather,Joyful Noise Recordings,
2016-08-31,1500-1800,DJ Stace,DJ Stace,Alt-J,Left Hand Free,This Is All Yours,Infectious,
2016-08-31,1500-1800,DJ Stace,DJ Stace,A Tribe Called Red,Stadium Pow Wow (feat. Black Bear),Stadium Pow Wow (feat. Black Bear),Radicalized Records,
2016-08-31,1500-1800,DJ Stace,DJ Stace,Coil,Windowpane,Love's Secret Domain,!K7 Records,
2016-08-31,1500-1800,DJ Stace,DJ Stace,Bauhaus,She's In Parties,Singles: 1979-1983 Volume Two,Beggars Banquet,
2016-08-31,1500-1800,DJ Stace,DJ Stace,Wall,Milk,Wall,Wharf Cat Records,
2016-08-31,1500-1800,DJ Stace,DJ Stace,The Coathangers,Down Down,Nosebleed Weekend,Suicide Squeeze Records,
2016-08-31,1500-1800,DJ Stace,DJ Stace,Pj Harvey,The Wheel,The Hope Six Demolition Project,Vagrant Records,
2016-08-31,1500-1800,DJ Stace,DJ Stace,Mountains & Rainbows,Dad Rock!,Particles,Castle Face Records,
2016-08-31,1500-1800,DJ Stace,DJ Stace,Sturgill Simpson,In Bloom,A Sailor's Guide to Earth,"RJ Records, Inc.",
2016-08-31,1500-1800,DJ Stace,DJ Stace,"Hooker, John Lee",Drug Store Woman,"Cream, The",Fuel 2000,
2016-08-31,1500-1800,DJ Stace,DJ Stace,Deap Vally,Royal Jelly,Royal Jelly,Deap Vally,
2016-08-31,1500-1800,DJ Stace,DJ Stace,The Pleasure Routine,Two Artists,Sugar Mountain,Self,
2016-08-31,1500-1800,DJ Stace,DJ Stace,Interpol,C'mere,Antics,Matador Records,
2016-08-31,1500-1800,DJ Stace,DJ Stace,Broods,Heartlines,Conscious,Capitol Records,
2016-08-31,1500-1800,DJ Stace,DJ Stace,the Flaming Lips,She Don't Use Jelly,Transmissions From the Satelli,Warner Brothers (Modern),
2016-08-31,1500-1800,DJ Stace,DJ Stace,The Avalanches,Saturday Night Inside Out (Featuring Father John Misty And David Berman),Wildflower,Xl Recordings,
2016-08-31,1500-1800,DJ Stace,DJ Stace,Phantogram,Cruel World,Cruel World,Republic Records,
2016-08-31,1500-1800,DJ Stace,DJ Stace,Mr. Gnome,Sleepwalker,Monster's Heart,El Marko,
2016-08-31,1500-1800,DJ Stace,DJ Stace,Thee Oh Sees,Dead Man's Gun,A Weird Exits,Castle Face Records,
2016-08-25,0700-0900,DJ Stace,DJ Stace,Coil,Hellraiser Theme,"Unreleased Themes For Hellraiser, The",Threshold Records,
2016-08-25,0700-0900,DJ Stace,DJ Stace,Coil,The Hellbound Heart,"Unreleased Themes For Hellraiser, The",Threshold Records,
2016-08-25,0700-0900,DJ Stace,DJ Stace,Coil,Box Theme,"Unreleased Themes For Hellraiser, The",Threshold Records,
2016-08-25,0700-0900,DJ Stace,DJ Stace,Coil,No New World,"Unreleased Themes For Hellraiser, The",Threshold Records,
2016-08-25,0700-0900,DJ Stace,DJ Stace,Coil,Attack Of The Sennapods,"Unreleased Themes For Hellraiser, The",Threshold Records,
2016-08-25,0700-0900,DJ Stace,DJ Stace,Coil,Main Title,"Unreleased Themes For Hellraiser, The",Threshold Records,
2016-08-25,0700-0900,DJ Stace,DJ Stace,Arcade Fire,Wake Up,Funeral,Merge Records,
2016-08-25,0700-0900,DJ Stace,DJ Stace,The Sonics,Have Love Will Travel,Here Are The Sonics,Norton Records,
2016-08-25,0700-0900,DJ Stace,DJ Stace,Arctic Monkeys,R U Mine?,Am,Domino,
2016-08-25,0700-0900,DJ Stace,DJ Stace,The Coathangers,Down Down,Nosebleed Weekend,Suicide Squeeze Records,
2016-08-25,0700-0900,DJ Stace,DJ Stace,Charles Bradley,Change For The World,Changes,Dunham,
2016-08-25,0700-0900,DJ Stace,DJ Stace,TV on the Radio,Wolf Like Me,Return to Cookie Mountain,4AD,
2016-08-25,0700-0900,DJ Stace,DJ Stace,The Hives,Hate To Say I Told You So,Your New Favorite Band,Poptones,
2016-08-25,0700-0900,DJ Stace,DJ Stace,Son Little,The River,Things I forgot,ANTI-,
2016-08-25,0700-0900,DJ Stace,DJ Stace,Mountains & Rainbows,How You Spend Your Time,Particles,Castle Face Records,
2016-08-25,0700-0900,DJ Stace,DJ Stace,Camper Van Beethoven,Take The Skinheads Bowling,Telephone Free Landslide Victory,Rough Trade,
2016-08-25,0700-0900,DJ Stace,DJ Stace,UNKLE,Restless (feat. Joshe Homme),War Stories,"Traffic, Inc.",
2016-08-25,0700-0900,DJ Stace,DJ Stace,David Bowie,Rebel Rebel [Rare Single Version],Sound + Vision Ii,Rykodisc,
2016-08-25,0700-0900,DJ Stace,DJ Stace,Thee Oh Sees,Plastic Plant,A Weird Exits,Castle Face Records,
2016-08-25,0700-0900,DJ Stace,DJ Stace,"Spencer, Jon Blues Explosion",Ole Man Trouble,Mo' Width,Au Go Go,
2016-08-25,0700-0900,DJ Stace,DJ Stace,Radiohead,Burn The Witch,A Moon Shaped Pool,Xl Recordings,
2016-08-25,0700-0900,DJ Stace,DJ Stace,The Arcs,Put a Flower In Your Pocket,"Yours, Dreamily",Nonesuch,
2016-08-25,0700-0900,DJ Stace,DJ Stace,Field Mouse,Out Of Context,Episodic,Topshelf Records,
2016-08-25,0700-0900,DJ Stace,DJ Stace,PJ Harvey,The Wheel,The Hope Six Demolition Project,Vagrant Records,
2016-08-25,0700-0900,DJ Stace,DJ Stace,Swans,Can't Find My Way Home,"Burning World, the",Uni Distribution Corp.,
2016-08-25,0700-0900,DJ Stace,DJ Stace,the Delta 72,Rich Girls Like to Steal,"R&B of Membership, the",Touch and Go,
2016-08-25,0700-0900,DJ Stace,DJ Stace,Whitney,No Matter Where We Go,Light Upon The Lake,Secretly Canadian Records,
2016-08-25,0700-0900,DJ Stace,DJ Stace,Hanni El Khatib,Pay No Mind,Head in the Dirt, Innovative Leisure Records,
2016-08-25,0700-0900,DJ Stace,DJ Stace,Spoon,Lines In The Suit,Girls Can Tell,Merge Records,
2016-08-25,0700-0900,DJ Stace,DJ Stace,Big Business,Regulars,Command Your Weather,Joyful Noise Recordings,
2016-08-25,0700-0900,DJ Stace,DJ Stace,Built To Spill,Wherever You Go,You In Reverse,Warner Brothers (Modern),
2016-08-24,1500-1800,DJ Stace,DJ Stace,the Grifters,Boho/Alt,Ain't My Lookout,Sub Pop Records,
2016-08-24,1500-1800,DJ Stace,DJ Stace,Thee Oh Sees,Plastic Plant,A Weird Exits,Castle Face Records,
2016-08-24,1500-1800,DJ Stace,DJ Stace,Queens Of The Stone Age,You're So Vague,Feel Good Hit Of The Summer,Interscope Records,
2016-08-24,1500-1800,DJ Stace,DJ Stace,Queens Of The Stone Age,I Sat By The Ocean,...Like Clockwork,Matador Records,
2016-08-24,1500-1800,DJ Stace,DJ Stace,Ben Harper & The Innocent Criminals,Pink Balloon,Call It What It Is,Stax Records,
2016-08-24,1500-1800,DJ Stace,DJ Stace,Field Mouse,Out Of Context,Episodic,Topshelf Records,
2016-08-24,1500-1800,DJ Stace,DJ Stace,PJ Harvey,The Wheel,The Hope Six Demolition Project,Vagrant Records,
2016-08-24,1500-1800,DJ Stace,DJ Stace,The Pleasure Routine,Two Artists,Sugar Mountain,Self,
2016-08-24,1500-1800,DJ Stace,DJ Stace,Interpol,Evil,Antics,Matador Records,
2016-08-24,1500-1800,DJ Stace,DJ Stace,Nick Cave and the Bad Seeds,"Brother, My Cup Is Empty",Henry's Dream,Mute Records,
2016-08-24,1500-1800,DJ Stace,DJ Stace,Gallon Drunk,Jake on the Make,From the Heart of Town,Sire Records (Modern),
2016-08-24,1500-1800,DJ Stace,DJ Stace,Radiohead,Burn The Witch,A Moon Shaped Pool,Xl Recordings,
2016-08-24,1500-1800,DJ Stace,DJ Stace,the Shins,Caring Is Creepy,"Oh, Inverted World",Sub Pop Records,
2016-08-24,1500-1800,DJ Stace,DJ Stace,Mitski,Your Best American Girl,Puberty 2,Dead Oceans,
2016-08-24,1500-1800,DJ Stace,DJ Stace,Fialta,Queen Of The Night,Shadow Of A Drought,Self,
2016-08-24,1500-1800,DJ Stace,DJ Stace,the Wedding Present,Big Rat,Watusi,Island Records (World),
2016-08-24,1500-1800,DJ Stace,DJ Stace,Glitter Wizard,Mirror Man,Solar Hits,Captcha Records,
2016-08-24,1500-1800,DJ Stace,DJ Stace,Big Business,Regulars,Command Your Weather,Joyful Noise Recordings,
2016-08-24,1500-1800,DJ Stace,DJ Stace,White Zombie,Black Sunshine,La Sexorcisto: Devil Music 1,Geffen Records,
2016-08-24,1500-1800,DJ Stace,DJ Stace,Ac/Dc,Ride On,Dirty Deeds Done Dirt Cheap,Atlantic Records,
2016-08-24,1500-1800,DJ Stace,DJ Stace,The Police,Roxanne,Outlandos D'amour,A&M Records,
2016-08-24,1500-1800,DJ Stace,DJ Stace,Joe Strummer and the Mescaler,Coma Girl,Streetcore,Hellcat Records,
2016-08-24,1500-1800,DJ Stace,DJ Stace,Big Audio Dynamite,The Bottom Line,This Is Big Audio Dynamite,Columbia,
2016-08-24,1500-1800,DJ Stace,DJ Stace,The Kills,Love is a Deserter,No Wow,Domino Recording Company,
2016-08-24,1500-1800,DJ Stace,DJ Stace,Yeah Yeah Yeahs,Maps,Fever to Tell,Interscope Records,
2016-08-24,1500-1800,DJ Stace,DJ Stace,Arcade Fire,My Body Is A Cage,Neon Bible,Merge Records,
2016-08-24,1500-1800,DJ Stace,DJ Stace,Replacements,I Will Dare,Let It Be,Twin/Tone Records,
2016-08-24,1500-1800,DJ Stace,DJ Stace,Big Star,Ballad of El Goodo,Big Star #1,Big Beat Records,
2016-08-24,1500-1800,DJ Stace,DJ Stace,the White Stripes,Hello Operator,De Stijl,Sympathy For The Record Industry,
2016-08-24,1500-1800,DJ Stace,DJ Stace,The Cramps,Primitive,Psychedelic Jungle,I.R.S. Records,
2016-08-24,1500-1800,DJ Stace,DJ Stace,Hank Williams,Jambalaya (On The Bayou),"Complete Hank Williams Sampler, The",Mercury Records,
2016-08-24,1500-1800,DJ Stace,DJ Stace,Television,Marquee Moon,Marquee Moon,Elektra Records (West Coast),
2016-08-24,1500-1800,DJ Stace,DJ Stace,Mountains & Rainbows,Dying To Meet You,Particles,Castle Face Records,
2016-08-24,1500-1800,DJ Stace,DJ Stace,Thee Oh Sees,Dead Man's Gun,A Weird Exits,Castle Face Records,
2016-08-24,1500-1800,DJ Stace,DJ Stace,Lou Reed,Walk on the Wild Side,Transformer,Rca Records (Modern),
2016-08-24,1500-1800,DJ Stace,DJ Stace,The Black Angels,Better Off Alone,Passover,Light In The Attic Records,
2016-08-24,1500-1800,DJ Stace,DJ Stace,Bauhaus,St. Vitus Dance,In The Flat Field,4AD,
2016-08-24,1500-1800,DJ Stace,DJ Stace,The Coathangers,Down Down,Nosebleed Weekend,Suicide Squeeze Records,
2016-08-24,1500-1800,DJ Stace,DJ Stace,Wire,Numbered,Nocturnal Koreans,Pinkflag,
2016-08-24,1500-1800,DJ Stace,DJ Stace,Swans,God Damn the Sun,"Burning World, the",Uni Distribution Corp.,
2016-08-18,0700-0900,DJ Stace,DJ Stace,Mazzy Star,Bells Ring,So Tonight that I Might See,Capitol Records (Jazz),
2016-08-18,0700-0900,DJ Stace,DJ Stace,Mazzy Star,Blue Light,So Tonight that I Might See,Capitol Records (Jazz),
2016-08-18,0700-0900,DJ Stace,DJ Stace,The Arcs,Outta My Mind,"Yours, Dreamily",Nonesuch,
2016-08-18,0700-0900,DJ Stace,DJ Stace,Spoon,The Underdog,Ga Ga Ga Ga Ga,Merge Records,
2016-08-18,0700-0900,DJ Stace,DJ Stace,Spoon,I Turn My Camera on,Gimme Fiction,Merge Records,
2016-08-18,0700-0900,DJ Stace,DJ Stace,Field Mouse,Out Of Context,Episodic,Topshelf Records,
2016-08-18,0700-0900,DJ Stace,DJ Stace,The Coathangers,Watch Your Back,Nosebleed Weekend,Suicide Squeeze Records,
2016-08-18,0700-0900,DJ Stace,DJ Stace,the Pixies,Where Is My Mind?,Surfer Rosa,4AD,
2016-08-18,0700-0900,DJ Stace,DJ Stace,Frank Black and the Catholics,California Bound,Black Letter Days,spinART,
2016-08-18,0700-0900,DJ Stace,DJ Stace,The Reverend Horton Heat,Love Whip,Smoke 'em If You Got 'em,Sub Pop Records,
2016-08-18,0700-0900,DJ Stace,DJ Stace,Cage the Elephant,Come a Little Closer,Melophobia,RCA Records,
2016-08-18,0700-0900,DJ Stace,DJ Stace,Squeeze,Tempted,Singles,A & M Records,
2016-08-18,0700-0900,DJ Stace,DJ Stace,Thee Oh Sees,Unwrap The Fiend Pt. 2,A Weird Exits,Castle Face Records,
2016-08-18,0700-0900,DJ Stace,DJ Stace,Radiohead,Burn The Witch,A Moon Shaped Pool,Xl Recordings,
2016-08-18,0700-0900,DJ Stace,DJ Stace,Soundgarden,Burden in My Hand,Down on the Upside,A&M Records (Metal),
2016-08-18,0700-0900,DJ Stace,DJ Stace,Mr. Gnome,Mustangs,"Heart Of A Dark Star, The",El Marko Records,
2016-08-18,0700-0900,DJ Stace,DJ Stace,PJ Harvey,The Wheel,The Hope Six Demolition Project,Vagrant Records,
2016-08-18,0700-0900,DJ Stace,DJ Stace,The Soul Explosives,Tryin' To Get Down,"Soul Explosives (45), The",Big Crown,
2016-08-18,0700-0900,DJ Stace,DJ Stace,the Wedding Present,Corduroy,Seamonsters,First Warning,
2016-08-18,0700-0900,DJ Stace,DJ Stace,Courtney Barnett,Pedestrian At Best,"Sometimes I Sit And Think, And Sometimes I Just Sit",Mom + Pop,
2016-08-18,0700-0900,DJ Stace,DJ Stace,Jimi Hendrix,Driving South,BBC Sessions,BBC Sessions,
2016-08-18,0700-0900,DJ Stace,DJ Stace,"Weiss, Chuck E.",Devil with Blue Suede Shoes,Extremely Cool,Rykodisc,
2016-08-18,0700-0900,DJ Stace,DJ Stace,Tom Waits,Chocolate Jesus,Mule Variations,Epitaph Records,
2016-08-18,0700-0900,DJ Stace,DJ Stace,Willie Nelson,Whiskey River,Greatest Hits (& Some That Will Be),Columbia Records,
2016-08-18,0700-0900,DJ Stace,DJ Stace,Franz Ferdinand,Album Version,Take Me Out,Domino Records,
2016-08-18,0700-0900,DJ Stace,DJ Stace,Charles Bradley,Change For The World,Changes,Dunham,
2016-08-18,0700-0900,DJ Stace,DJ Stace,Jack White,Sixteen Saltines,Blunderbuss,Third Man Records,
2016-08-18,0700-0900,DJ Stace,DJ Stace,The Pleasure Routine,Sugar Mountain,Sugar Mountain,Self,
2016-08-17,1500-1800,DJ Stace,DJ Stace,The Black Angels,Deer-Ree-Shee,Directions To See A Ghost,Light In The Attic Records,
2016-08-17,1500-1800,DJ Stace,DJ Stace,R.E.M.,What If We Give It Away?,Lifes Rich Pageant,I.R.S. Records,
2016-08-17,1500-1800,DJ Stace,DJ Stace,R.E.M.,Crush with Eyeliner,Monster,Warner Brothers (Modern),
2016-08-17,1500-1800,DJ Stace,DJ Stace,Hammock,Dissonance,Everything And Nothing,Hammock Music,
2016-08-17,1500-1800,DJ Stace,DJ Stace,Wire,Forward Position,Nocturnal Koreans,Pinkflag,
2016-08-17,1500-1800,DJ Stace,DJ Stace,Radiohead,Burn The Witch,A Moon Shaped Pool,Xl Recordings,
2016-08-17,1500-1800,DJ Stace,DJ Stace,Bedhead,Bedside Table,Whatfunlifewas,Trance Syndicate Records,
2016-08-17,1500-1800,DJ Stace,DJ Stace,Field Mouse,Out Of Context,Episodic,Topshelf Records,
2016-08-17,1500-1800,DJ Stace,DJ Stace,the Breeders,Happiness Is a Warm Gun,Pod,Elektra Records (Local),
2016-08-17,1500-1800,DJ Stace,DJ Stace,Augustines,When Things Fall Apart,This Is Your Life,Pias Recordings,
2016-08-17,1500-1800,DJ Stace,DJ Stace,Broken Social Scene,Stars And Sons,You Forgot It In People,Arts & Crafts,
2016-08-17,1500-1800,DJ Stace,DJ Stace,The Arcs,Velvet Ditch,"Yours, Dreamily",Nonesuch,
2016-08-17,1500-1800,DJ Stace,DJ Stace,The Black Keys,The Only One,Brothers,Nonesuch Records,
2016-08-17,1500-1800,DJ Stace,DJ Stace,Dr. John,Revolution,Locked Down,Nonesuch Records,
2016-08-17,1500-1800,DJ Stace,DJ Stace,Blood Orange,Best To You,Freetown Sound,Domino Recording Company,
2016-08-17,1500-1800,DJ Stace,DJ Stace,Aphex Twin,2x202-St5,Cheetah Ep,Warp Records,
2016-08-17,1500-1800,DJ Stace,DJ Stace,Kraftwerk,Tour De France (Remix Version),Tour De France (Single),Warner Bros. Records,
2016-08-17,1500-1800,DJ Stace,DJ Stace,Skinny Puppy,Love,Mind: The Perpetual Intercourse,Nettwerk Records,
2016-08-17,1500-1800,DJ Stace,DJ Stace,Tom Waits,Jockey Full Of Bourbon,Beautiful Maladies,Island Records,
2016-08-17,1500-1800,DJ Stace,DJ Stace,Gallon Drunk,Not Before Time,From the Heart of Town,Sire Records (Modern),
2016-08-17,1500-1800,DJ Stace,DJ Stace,Thee Oh Sees,Plastic Plant,A Weird Exits,Castle Face Records,
2016-08-17,1500-1800,DJ Stace,DJ Stace,Big Business,Regulars,Command Your Weather,Hydra Head Records,
2016-08-17,1500-1800,DJ Stace,DJ Stace,Melvins,A History of Bad Men,(A) Senile Animal,Ipecac Records,
2016-08-17,1500-1800,DJ Stace,DJ Stace,Thee Oh Sees,Dead Man's Gun,A Weird Exits,Castle Face Records,
2016-08-17,1500-1800,DJ Stace,DJ Stace,"Lee Harvey Oswald,The",Surrender Earthlings,Blastronaut,Touch and Go,
2016-08-17,1500-1800,DJ Stace,DJ Stace,Barkmarket,The Patsy,Vegas Throat,Def American (Metal),
2016-08-17,1500-1800,DJ Stace,DJ Stace,The Pleasure Routine,Two Artists,Sugar Mountain,Self,
2016-08-17,1500-1800,DJ Stace,DJ Stace,The Clash,Train In Vain,Rockers Galore,Epic Records,
2016-08-17,1500-1800,DJ Stace,DJ Stace,Iggy Pop,Turn Blue,Lust for Life,Virgin Records (Modern),
2016-08-17,1500-1800,DJ Stace,DJ Stace,Mountains & Rainbows,Am 580,Particles,Castle Face Records,
2016-08-17,1500-1800,DJ Stace,DJ Stace,PJ Harvey,The Wheel,The Hope Six Demolition Project,Vagrant Records,
2016-08-17,1500-1800,DJ Stace,DJ Stace,Mudhoney,Sweet Young Thing Ain't Sweet No More,Superfuzz Big Muff (Re-Issue),Supa Crucial Recordings,
2016-08-17,1500-1800,DJ Stace,DJ Stace,The Coathangers,Watch Your Back,Nosebleed Weekend,Suicide Squeeze Records,
2016-08-17,1500-1800,DJ Stace,DJ Stace,Thee Shams,Never Did Nothing,Please Yourself,Fat Possum Records,
2016-08-17,1500-1800,DJ Stace,DJ Stace,Queens of the Stone Age,No One Knows,Songs for the Deaf,Interscope Records,
2016-08-17,1500-1800,DJ Stace,DJ Stace,The Jesus Lizard,Nub,Goat,Touch and Go,
2016-08-17,1500-1800,DJ Stace,DJ Stace,Wall,Milk,Wall,Wharf Cat Records,
2016-08-17,1500-1800,DJ Stace,DJ Stace,Rakta,A Busca Do Círculo,Intenção,Dama Da Noite Discos/Nada Nada Discos,
2016-08-04,0700-0900,DJ Stace,DJ Stace,Cocteau Twins & Harold Budd,"Sea, Swallow Me","Moon and the Melodies, the",4AD,
2016-08-04,0700-0900,DJ Stace,DJ Stace,Cocteau Twins & Harold Budd,Memory Gongs,"Moon and the Melodies, the",4AD,
2016-08-04,0700-0900,DJ Stace,DJ Stace,Cocteau Twins & Harold Budd,Why Do You Love Me,"Moon and the Melodies, the",4AD,
2016-08-04,0700-0900,DJ Stace,DJ Stace,Yello,Oh Yeah,Essential,Smash Records,
2016-08-04,0700-0900,DJ Stace,DJ Stace,Earthlings?,Stungun,Earthings?,Man's Ruin,
2016-08-04,0700-0900,DJ Stace,DJ Stace,Thee Oh Sees,Toe Cutter Thumb Buster,Live In San Francisco,Castle Face Records,
2016-08-04,0700-0900,DJ Stace,DJ Stace,Arctic Monkeys,R U Mine?,Am,Domino,
2016-08-04,0700-0900,DJ Stace,DJ Stace,Whitney,No Matter Where We Go,Light Upon The Lake,Secretly Canadian Records,
2016-08-04,0700-0900,DJ Stace,DJ Stace,Son Little,The River,Things I forgot,Anti-,
2016-08-04,0700-0900,DJ Stace,DJ Stace,The Soul Explosives,Ain't No Sunshine,"Soul Explosives (45), The",Big Crown,
2016-08-04,0700-0900,DJ Stace,DJ Stace,"Spencer, Jon Blues Explosion",Ole Man Trouble,Extra Width,Matador Records,
2016-08-04,0700-0900,DJ Stace,DJ Stace,Iggy Pop,Lust for Life,Lust for Life,Virgin Records (Modern),
2016-08-04,0700-0900,DJ Stace,DJ Stace,Charles Bradley,Change For The World,Changes,Dunham,
2016-08-04,0700-0900,DJ Stace,DJ Stace,Queens of the Stone Age,In the Fade,R,Interscope Records,
2016-08-04,0700-0900,DJ Stace,DJ Stace,UNKLE,Restless (feat. Joshe Homme),War Stories,Traffic Inc.,
2016-08-04,0700-0900,DJ Stace,DJ Stace,Spoon,The Way We Get By,Kill The Moonlight,Merge Records,
2016-08-04,0700-0900,DJ Stace,DJ Stace,The Arcs,Lake Superior,Lake Superior,The Arcs,
2016-08-04,0700-0900,DJ Stace,DJ Stace,Radiohead,Burn The Witch,A Moon Shaped Pool,Xl Recordings,
2016-08-04,0700-0900,DJ Stace,DJ Stace,Mr. Gnome,Mustangs,"Heart Of A Dark Star, The",El Marko Records,
2016-08-04,0700-0900,DJ Stace,DJ Stace,R.E.M.,(Don't Go Back To) Rockville,(Don't Go Back To) Rockville,I.R.S. Records,
2016-08-04,0700-0900,DJ Stace,DJ Stace,the Mountain Goats,Up the Wolves,"Sunset Tree, the",4AD,
2016-08-04,0700-0900,DJ Stace,DJ Stace,Jack White,Sixteen Saltines,Blunderbuss,Third Man Records,
2016-08-04,0700-0900,DJ Stace,DJ Stace,Thee Shams,Never Did Nothing,Please Yourself,Fat Possum Records,
2016-08-04,0700-0900,DJ Stace,DJ Stace,Les Rita Mitsouko,C'est Comme Ca,Bestov Les Rita Mitsouko,Delabel,
2016-08-04,0700-0900,DJ Stace,DJ Stace,Grace Jones,La Vie en Rose,Portfolio,Island Records,
2016-08-04,0700-0900,DJ Stace,DJ Stace,Mitski,Your Best American Girl,Puberty 2,Dead Oceans,
2016-08-04,0700-0900,DJ Stace,DJ Stace,Pink Floyd,Fearless,Meddle,Harvest Records,
2016-08-04,0700-0900,DJ Stace,DJ Stace,Califone,Tripped On Your Cape,Insect Courage,Future Oak Record Co.,
2016-08-04,0700-0900,DJ Stace,DJ Stace,Tuft,Nothing,Look Look,Self,
2016-08-03,1500-1800,DJ Stace,DJ Stace,Pil,Ease,Public Image Ltd,Virgin Records Ltd,
2016-08-03,1500-1800,DJ Stace,DJ Stace,Wire,Forward Position,Nocturnal Koreans,Pinkflag,
2016-08-03,1500-1800,DJ Stace,DJ Stace,Vallens,Consent,Consent,Hand Drawn Dracula,
2016-08-03,1500-1800,DJ Stace,DJ Stace,The Police,Bombs Away,Zenyatta Mondatta,A&M Records,
2016-08-03,1500-1800,DJ Stace,DJ Stace,The Cars,Let the Good Times Roll,The Cars,Elektra,
2016-08-03,1500-1800,DJ Stace,DJ Stace,Guided By Voices,Much Better Mr. Buckles,Do the Collapse,Tvt Records,
2016-08-03,1500-1800,DJ Stace,DJ Stace,Radiohead,Burn The Witch,A Moon Shaped Pool,Xl Recordings,
2016-08-03,1500-1800,DJ Stace,DJ Stace,The Black Angels,Entrance Song,Phosphene Dream,Blue Horizon Records Inc.,
2016-08-03,1500-1800,DJ Stace,DJ Stace,PJ Harvey,The Wheel,The Hope Six Demolition Project,Vagrant Records,
2016-08-03,1500-1800,DJ Stace,DJ Stace,Ministry,Stigmata,"Land of Rape and Honey, the",Sire Records (Modern),
2016-08-03,1500-1800,DJ Stace,DJ Stace,Firewater,Another Perfect Catastrophe,"Ponzi Scheme, the",Jetset Records,
2016-08-03,1500-1800,DJ Stace,DJ Stace,Slaves,Are You Satisfied?,Are You Satisfied?,Virgin EMI,
2016-08-03,1500-1800,DJ Stace,DJ Stace,Mitski,Your Best American Girl,Puberty 2,Dead Oceans,
2016-08-03,1500-1800,DJ Stace,DJ Stace,David Bowie,Rebel Rebel [Rare Single Version],Sound + Vision Ii,Rykodisc,
2016-08-03,1500-1800,DJ Stace,DJ Stace,The Black Keys,Sinister Kid,Brothers,Nonesuch Records,
2016-08-03,1500-1800,DJ Stace,DJ Stace,Charles Bradley,Change For The World,Changes,Dunham,
2016-08-03,1500-1800,DJ Stace,DJ Stace,The Arcs,Put a Flower in Your Pocket,"Yours, Dreamily",Nonesuch,
2016-08-03,1500-1800,DJ Stace,DJ Stace,Pixies,Wave Of Mutilation,Doolittle,4AD,
2016-08-03,1500-1800,DJ Stace,DJ Stace,True Widow,Creeper,Circumambulation,Relapse Records,
2016-08-03,1500-1800,DJ Stace,DJ Stace,Soundgarden,Mind Riot,Badmotorfinger,(Unknown),
2016-08-03,1500-1800,DJ Stace,DJ Stace,Fu Manchu,Mongoose,Eatin' Dust,Man's Ruin Records,
2016-08-03,1500-1800,DJ Stace,DJ Stace,Glitter Wizard,Abaca,Solar Hits,Captcha Records,
2016-08-03,1500-1800,DJ Stace,DJ Stace,Duran Duran,The Chauffer,Rio,Capital Records,
2016-08-03,1500-1800,DJ Stace,DJ Stace,Whitney,No Matter Where We Go,Light Upon The Lake,Secretly Canadian Records,
2016-08-03,1500-1800,DJ Stace,DJ Stace,Those Bastard Souls,The Train From Terminal Bore,Twentieth Century Chemical,Darla Records,
2016-08-03,1500-1800,DJ Stace,DJ Stace,Spoon,I Turn My Camera on,Gimme Fiction,Merge Records,
2016-08-03,1500-1800,DJ Stace,DJ Stace,Pale Dian,Evan Evan,Narrow Birth,Manifesto Records,
2016-08-03,1500-1800,DJ Stace,DJ Stace,Luna,Tiger Lily,Bewitched,Elektra Records (West Coast),
2016-08-03,1500-1800,DJ Stace,DJ Stace,Ben Harper & The Innocent Criminals,Shine,Call It What It Is,Stax Records,
2016-08-03,1500-1800,DJ Stace,DJ Stace,Sturgill Simpson,In Bloom,A Sailor's Guide to Earth,Atlantic Records,
2016-08-03,1500-1800,DJ Stace,DJ Stace,the Wedding Present,Big Rat,Watusi,Island Records (World),
2016-08-03,1500-1800,DJ Stace,DJ Stace,Califone,Tripped On Your Cape,Insect Courage,Future Oak Record Co.,
2016-08-03,1500-1800,DJ Stace,DJ Stace,Talking Heads,Once In A Lifetime,Popular Favorites: Sand In The Vaseline (Disc One),Warner Brothers (Modern),
2016-08-03,1500-1800,DJ Stace,DJ Stace,Daisy Chainsaw,Dog with Sharper Teeth,Eleventeen,A&M Records (Alternative),
2016-08-03,1500-1800,DJ Stace,DJ Stace,Radiohead,True Love Waits,A Moon Shaped Pool,Xl Recordings,
2016-08-03,1500-1800,DJ Stace,DJ Stace,Radiohead,"Ceremony (Joy Division Cover, Live)",YouTube,YouTube,
2016-08-03,1500-1800,DJ Stace,DJ Stace,Tuft,Nothing,Look Look,Self,
2016-07-28,0700-0900,DJ Stace,DJ Stace,Courtney Barnett,Pedestrian At Best,"Sometimes I Sit And Think, And Sometimes I Just Sit",Mom + Pop,
2016-07-28,0700-0900,DJ Stace,DJ Stace,Sharon Jones & The Dap-Kings,"100 Days, 100 Nights","100 Days, 100 Nights",Daptone Records,
2016-07-28,0700-0900,DJ Stace,DJ Stace,Spoon,The Underdog,Ga Ga Ga Ga Ga,Merge Records,
2016-07-28,0700-0900,DJ Stace,DJ Stace,New Order,Bizarre Love Triangle,Substance [Disc 1],Qwest,
2016-07-28,0700-0900,DJ Stace,DJ Stace,Mr. Gnome,Mustangs,"Heart Of A Dark Star, The",El Marko Records,
2016-07-28,0700-0900,DJ Stace,DJ Stace,The Clash,Straight To Hell,Rockers Galore,Epic Records,
2016-07-28,0700-0900,DJ Stace,DJ Stace,Beastie Boys,Intergalatic,Hello Nasty,Capitol Records (Hip-Hop),
2016-07-28,0700-0900,DJ Stace,DJ Stace,Radiohead,The Numbers,A Moon Shaped Pool,Xl Recordings,
2016-07-28,0700-0900,DJ Stace,DJ Stace,The Black Keys,Strange Desire,Magic Potion,Nonesuch Records,
2016-07-28,0700-0900,DJ Stace,DJ Stace,The Arcs,Outta My Mind,"Yours, Dreamily",Nonesuch,
2016-07-28,0700-0900,DJ Stace,DJ Stace,Charles Bradley,Change For The World,Changes,Dunham,
2016-07-28,0700-0900,DJ Stace,DJ Stace,The Arcs,Velvet Ditch,"Yours, Dreamily",Nonesuch,
2016-07-28,0700-0900,DJ Stace,DJ Stace,Woods,Shining,With Light And With Love,Woodsist,
2016-07-28,0700-0900,DJ Stace,DJ Stace,the Shins,Caring Is Creepy,"Oh, Inverted World",Sub Pop Records,
2016-07-28,0700-0900,DJ Stace,DJ Stace,Radiohead,Burn The Witch,A Moon Shaped Pool,Xl Recordings,
2016-07-28,0700-0900,DJ Stace,DJ Stace,Jane's Addiction,Jane Says,Jane's Addiction,Triple X Records,
2016-07-28,0700-0900,DJ Stace,DJ Stace,J.D. Mcpherson,North Side Gal,Signs & Signifiers,Rounder Records,
2016-07-28,0700-0900,DJ Stace,DJ Stace,Whitney,No Matter Where We Go,Light Upon The Lake,Secretly Canadian Records,
2016-07-28,0700-0900,DJ Stace,DJ Stace,Father John Misty,Hollywood Forever Cemetery Sings,Fear Fun,Sub Pop Records,
2016-07-28,0700-0900,DJ Stace,DJ Stace,"Spencer, Jon Blues Explosion",Afro,Extra Width,Matador Records,
2016-07-28,0700-0900,DJ Stace,DJ Stace,Gang Of Youths,Poison Drum,"Positions, The",Sony Music,
2016-07-28,0700-0900,DJ Stace,DJ Stace,The Dirtbombs,Ode To A Black Man,Ultraglide In Black,In the Red Records,
2016-07-28,0700-0900,DJ Stace,DJ Stace,the Wedding Present,Corduroy,Seamonsters,First Warning,
2016-07-28,0700-0900,DJ Stace,DJ Stace,Love And Rockets,Motorcycle,Love And Rockets,Beggars Banquet,
2016-07-28,0700-0900,DJ Stace,DJ Stace,Ween,The Mollusk,"Mollusk, the",Elektra Records (Local),
2016-07-28,0700-0900,DJ Stace,DJ Stace,Califone,Tripped On Your Cape,Insect Courage,Future Oak Record Co.,
2016-07-27,1500-1800,DJ Stace,DJ Stace,The Jam,That's Entertainment,Beat Surrender,Polydor Ltd.,
2016-07-27,1500-1800,DJ Stace,DJ Stace,Radiohead,Burn The Witch,A Moon Shaped Pool,Xl Recordings,
2016-07-27,1500-1800,DJ Stace,DJ Stace,Charles Bradley,Change For The World,Changes,Dunham,
2016-07-27,1500-1800,DJ Stace,DJ Stace,Nothing But Thieves,Hostage,Nothing But Thieves,Sony Music,
2016-07-27,1500-1800,DJ Stace,DJ Stace,Killing Joke,Money Is not Our God,"Extremities, Dirt and Various",(Unknown),
2016-07-27,1500-1800,DJ Stace,DJ Stace,Pj Harvey,We Float,"Stories From The City, Stories From The Sea",Island Records,
2016-07-27,1500-1800,DJ Stace,DJ Stace,PJ Harvey,The Wheel,The Hope Six Demolition Project,Vagrant,
2016-07-27,1500-1800,DJ Stace,DJ Stace,Dinosaur Jr,Thumb,Green Mind,Sire Records,
2016-07-27,1500-1800,DJ Stace,DJ Stace,Leon Bridges,River,Coming Home,Columbia,
2016-07-27,1500-1800,DJ Stace,DJ Stace,Great American Canyon Band,Never Fade Away,Only You Remain,Six Degrees Records,
2016-07-27,1500-1800,DJ Stace,DJ Stace,Big Star,Ballad of El Goodo,Big Star #1,Ardent Records,
2016-07-27,1500-1800,DJ Stace,DJ Stace,Whitney,No Matter Where We Go,Light Upon The Lake,Secretly Canadian Records,
2016-07-27,1500-1800,DJ Stace,DJ Stace,M. Ward,Girl from Conejo Valley,Girl from Conejo Valley,Merge Records,
2016-07-27,1500-1800,DJ Stace,DJ Stace,Wilco,I'm The Man Who Loves You,Yankee Hotel Foxtrot,Nonesuch Records,
2016-07-27,1500-1800,DJ Stace,DJ Stace,Califone,Tripped On Your Cape,Insect Courage,Future Oak Record Co.,
2016-07-27,1500-1800,DJ Stace,DJ Stace,Billy Bragg and Wilco,California Stars,Mermaid Avenue,Elektra Classics,
2016-07-27,1500-1800,DJ Stace,DJ Stace,Fruit Bats,Humbug Mountain Song,Absolute Loser,Easy Sound Recording Company,
2016-07-27,1500-1800,DJ Stace,DJ Stace,The Astounds,Favorite Truth,"Astounds, The",Self,
2016-07-27,1500-1800,DJ Stace,DJ Stace,Guided By Voices,Bulldog Skin,"Best Of, the",Matador Records,
2016-07-27,1500-1800,DJ Stace,DJ Stace,Quicksand,Thorn in My Side,Manic Compression,Island Records (Modern),
2016-07-27,1500-1800,DJ Stace,DJ Stace,Fugazi,Waiting Room,13 Songs,Dischord Records,
2016-07-27,1500-1800,DJ Stace,DJ Stace,Scratch Acid,Greatest Gift,"Greatest Gift, The",Touch and Go,
2016-07-27,1500-1800,DJ Stace,DJ Stace,Brant Bjork,Toot,Jalamanta,Man's Ruin Records,
2016-07-27,1500-1800,DJ Stace,DJ Stace,Radiohead,Tinker Tailor Soldier Sailor Rich Man Poor Man Beggar Man Thief,A Moon Shaped Pool,Xl Recordings,
2016-07-27,1500-1800,DJ Stace,DJ Stace,Nick Cave and the Bad Seeds,Jubilee Street,Push the Sky Away,Bad Seed Ltd.,
2016-07-27,1500-1800,DJ Stace,DJ Stace,Maserati,Rehumanizer Ii,Rehumanizer,Temporary Residence Ltd.,
2016-07-27,1500-1800,DJ Stace,DJ Stace,Slint,"Good Morning, Captain",Spiderland,Touch and Go Records,
2016-07-27,1500-1800,DJ Stace,DJ Stace,The Desert Sessions,Teens Of Thailand,Volume 5/6,Man's Ruin Records,
2016-07-27,1500-1800,DJ Stace,DJ Stace,Pale Dian,Evan Evan,Narrow Birth,Manifesto Records,
2016-07-27,1500-1800,DJ Stace,DJ Stace,Swans,Love Will Save You,White Light From The Mouth Of Infinity,Young God Records,
2016-07-27,1500-1800,DJ Stace,DJ Stace,Betty Black,Dandelion,Valley Low,Kid,
2016-07-27,1500-1800,DJ Stace,DJ Stace,My Bloody Valentine,Only Shallow,Loveless,Creation Records Limited,
2016-07-27,1500-1800,DJ Stace,DJ Stace,Grifters,Tupelo Moan,One Sock Missing,Shangri-La Records,
2016-07-27,1500-1800,DJ Stace,DJ Stace,The Arcs,Searching the Blue,"Yours, Dreamily",Nonesuch,
2016-07-27,1500-1800,DJ Stace,DJ Stace,The Clash,Train In Vain,Rockers Galore,Epic Records,
2016-07-27,1500-1800,DJ Stace,DJ Stace,Spoon,Lines In The Suit,Girls Can Tell,Merge Records,
2016-07-27,1500-1800,DJ Stace,DJ Stace,Misfits,Hollywood Babylon,Misfits I,Caroline Records,
2016-07-27,1500-1800,DJ Stace,DJ Stace,The Soul Explosives,Ain't No Sunshine,"Soul Explosives (45), The",Big Crown,
2016-07-27,1500-1800,DJ Stace,DJ Stace,Sonic Youth,Schizophrenia,Sister,Goofin Records,
2016-07-21,0700-0900,DJ Stace,DJ Stace,Bauhaus,All We Ever Wanted,Singles: 1979-1983 Volume Two,Beggars Banquet,
2016-07-21,0700-0900,DJ Stace,DJ Stace,Mazzy Star,Fade Into You,Fade Into You,Capitol Records (Jazz),
2016-07-21,0700-0900,DJ Stace,DJ Stace,The Dirtbombs,Ode To A Black Man,Ultraglide In Black,In the Red Records,
2016-07-21,0700-0900,DJ Stace,DJ Stace,"Spencer, Jon Blues Explosion",Like A Hawk,Crypt Style,Crypt Records,
2016-07-21,0700-0900,DJ Stace,DJ Stace,The Heavy,What Happened To The Love?,Hurt & The Merciless,Counter Records,
2016-07-21,0700-0900,DJ Stace,DJ Stace,J.D. Mcpherson,North Side Gal,Signs & Signifiers,Rounder Records,
2016-07-21,0700-0900,DJ Stace,DJ Stace,Spoon,The Underdog,Ga Ga Ga Ga Ga,Merge Records,
2016-07-21,0700-0900,DJ Stace,DJ Stace,Beirut,Perth,No No No,4AD,
2016-07-21,0700-0900,DJ Stace,DJ Stace,Violent Femmes,I Could Be Anything,We Can Do Anything,Pias America,
2016-07-21,0700-0900,DJ Stace,DJ Stace,The Arcs,Put a Flower in Your Pocket,"Yours, Dreamily",Nonesuch,
2016-07-21,0700-0900,DJ Stace,DJ Stace,PJ Harvey,The Wheel,The Hope Six Demolition Project,Vagrant,
2016-07-21,0700-0900,DJ Stace,DJ Stace,The Strokes,Last Night,"Strokes, The",Bmg Music,
2016-07-21,0700-0900,DJ Stace,DJ Stace,Talking Heads,Burning Down The House,Speaking In Tongues,Sire Records,
2016-07-21,0700-0900,DJ Stace,DJ Stace,Charles Bradley,Change For The World,Changes,Dunham,
2016-07-21,0700-0900,DJ Stace,DJ Stace,Future Clouds & Radar,Birds of Prey,Future Clouds & Radar  1,Star Apple Kingdom,
2016-07-21,0700-0900,DJ Stace,DJ Stace,Foxtails Brigade,Nun But The Lost,Foxtails Brigade,Oim Records,
2016-07-21,0700-0900,DJ Stace,DJ Stace,the Magnetic Fields,I Wish I Had An Evil Twin,I,Nonesuch Records,
2016-07-21,0700-0900,DJ Stace,DJ Stace,Radiohead,Burn The Witch,A Moon Shaped Pool,Xl Recordings,
2016-07-21,0700-0900,DJ Stace,DJ Stace,Adam and the Ants,Never Trust a Man(With Egg O,Dirk Wears White Sox,Epic Records (Modern),
2016-07-21,0700-0900,DJ Stace,DJ Stace,The White Stripes,Stop Breaking Down,"White Stripes, The",Sympathy For The Record Industry,
2016-07-21,0700-0900,DJ Stace,DJ Stace,Tom Tom Club,Genius of Love,Tom Tom Club,Island Records,
2016-07-21,0700-0900,DJ Stace,DJ Stace,Blondie,Rapture,Breakdance,Cold Front,
2016-07-21,0700-0900,DJ Stace,DJ Stace,The Moonlandingz,Lay Yer Head Down On The Road,Expanded Ep,Chimera Records,
2016-07-21,0700-0900,DJ Stace,DJ Stace,Ween,The Mollusk,"Mollusk, the",Elektra Records (Local),
2016-07-21,0700-0900,DJ Stace,DJ Stace,Willie Nelson,Whiskey River,Greatest Hits (& Some That Will Be),Columbia Records,
2016-07-21,0700-0900,DJ Stace,DJ Stace,The Hives,Here We Go Again,Your New Favorite Band,Poptones,
2016-07-21,0700-0900,DJ Stace,DJ Stace,Son Little,The River,Things I Forgot,ANTI,
2016-07-21,0700-0900,DJ Stace,DJ Stace,Califone,Tripped On Your Cape,Insect Courage,Future Oak Record Co.,
2016-07-20,1500-1800,DJ Stace,DJ Stace,Devo,Through Being Cool,Greatest Hits,Warner Bros. Records,
2016-07-20,1500-1800,DJ Stace,DJ Stace,Pil,Rise,Public Image Ltd,Virgin Records Ltd,
2016-07-20,1500-1800,DJ Stace,DJ Stace,Whitney,No Matter Where We Go,Light Upon The Lake,Secretly Canadian Records,
2016-07-20,1500-1800,DJ Stace,DJ Stace,The Arcs,Velvet Ditch,"Yours, Dreamily",Nonesuch,
2016-07-20,1500-1800,DJ Stace,DJ Stace,Black Keys,Her Eyes Are A Blue Million Miles,"Covered, A Revolution In Sound: Warner Bros. Records",Warner Bros. Records,
2016-07-20,1500-1800,DJ Stace,DJ Stace,Captain Beefheart And The Magic Band,Her Eyes Are A Blue Million Miles,Clear Spot,Reprise Records,
2016-07-20,1500-1800,DJ Stace,DJ Stace,Built to Spill,Cortez the Killer,Live,Warner Brothers (Modern),
2016-07-20,1500-1800,DJ Stace,DJ Stace,Built To Spill,Wherever You Go,You In Reverse,Warner Brothers (Modern),
2016-07-20,1500-1800,DJ Stace,DJ Stace,Echo & the Bunnymen,Lips Like Sugar,Echo & the Bunnymen,Sire Records,
2016-07-20,1500-1800,DJ Stace,DJ Stace,Ben Harper & The Innocent Criminals,Call It What Is Is,Call It What It Is,Stax Records,
2016-07-20,1500-1800,DJ Stace,DJ Stace,Third Eye Blind,Jumper,Third Eye Blind,Elektra Records (West Coast),
2016-07-20,1500-1800,DJ Stace,DJ Stace,the Mountain Goats,This Year,"Sunset Tree, the",4AD,
2016-07-20,1500-1800,DJ Stace,DJ Stace,Wreckless Eric,Whole Wide World,Stranger Than Fiction,Columbia Records (College Radio),
2016-07-20,1500-1800,DJ Stace,DJ Stace,Guided By Voices,Surgical Focus,"Best Of, the",Matador Records,
2016-07-20,1500-1800,DJ Stace,DJ Stace,The Astounds,Miss Bubble Universes,"Astounds, The",Self,
2016-07-20,1500-1800,DJ Stace,DJ Stace,Inxs,Don't Change,Shabooh Shoobah,Atco Records,
2016-07-20,1500-1800,DJ Stace,DJ Stace,Radiohead,Ful Stop,A Moon Shaped Pool,Xl Recordings,
2016-07-20,1500-1800,DJ Stace,DJ Stace,Cold War Kids,Hospital Beds,Robbers & Cowards,Downtown Records,
2016-07-20,1500-1800,DJ Stace,DJ Stace,The Moonlandingz,Sweet Saturn Mine,Expanded Ep,Chimera Records,
2016-07-20,1500-1800,DJ Stace,DJ Stace,Earthlings?,Saving Up For My Spaceship,Earthlings?,Crippled Dick Hot Wax!,
2016-07-20,1500-1800,DJ Stace,DJ Stace,PJ Harvey,The Wheel,The Hope Six Demolition Project,Vagrant,
2016-07-20,1500-1800,DJ Stace,DJ Stace,PJ Harvey,Guilty,Guilty (CD Single),Island Records,
2016-07-20,1500-1800,DJ Stace,DJ Stace,Hanni El Khatib,Mexico,Moonlight,Because Music,
2016-07-20,1500-1800,DJ Stace,DJ Stace,R.E.M.,Swan Swan H,Lifes Rich Pageant,I.R.S. Records,
2016-07-20,1500-1800,DJ Stace,DJ Stace,Beach House,The Traveller,Thank Your Lucky Stars,Sub Pop Records,
2016-07-20,1500-1800,DJ Stace,DJ Stace,Hammock,Dissonance,Everything And Nothing,Hammock Music,
2016-07-20,1500-1800,DJ Stace,DJ Stace,Radiohead,The Numbers,A Moon Shaped Pool,Xl Recordings,
2016-07-20,1500-1800,DJ Stace,DJ Stace,Thao And The Get Down Stay Down,Nobody Dies,A Man Alive,Ribbon Music,
2016-07-20,1500-1800,DJ Stace,DJ Stace,Charles Bradley,God Bless America,Changes,Dunham,
2016-07-20,1500-1800,DJ Stace,DJ Stace,The Heavy,Since You Been Gone,Hurt & The Merciless,Counter Records,
2016-07-20,1500-1800,DJ Stace,DJ Stace,Califone,Tripped On Your Cape,Insect Courage,Future Oak Record Co.,
2016-07-20,1500-1800,DJ Stace,DJ Stace,Graham Nash,Better Days,Songs for Beginners,Atlantic Records (Modern),
2016-07-20,1500-1800,DJ Stace,DJ Stace,Bauhaus,Who Killed Mr. Moonlight?,Singles: 1979-1983 Volume Two,Beggars Banquet,
2016-07-20,1500-1800,DJ Stace,DJ Stace,Mountains & Rainbows,Particles,Particles,Castle Face Records,
2016-07-20,1500-1800,DJ Stace,DJ Stace,The Fall,New Big Prince,I Am Kurious Oranj,Beggars Banquet,
2016-07-20,1500-1800,DJ Stace,DJ Stace,Swans,God Damn the Sun,"Burning World, the",Uni Distribution Corp.,
2016-07-14,0700-0900,DJ Stace,DJ Stace,Tindersticks,Petites Gouttes D'eau,Nénette Et Boni: Original Music From The Film,Bar/None Records,
2016-07-14,0700-0900,DJ Stace,DJ Stace,Cocteau Twins,Wax And Wane,Garlands,4AD,
2016-07-14,0700-0900,DJ Stace,DJ Stace,The Dirtbombs,Ode To A Black Man,Ultraglide In Black,In the Red Records,
2016-07-14,0700-0900,DJ Stace,DJ Stace,the Delta 72,Rich Girls Like to Steal,"R&B of Membership, the",Touch and Go,
2016-07-14,0700-0900,DJ Stace,DJ Stace,Ra Ra Riot,Water,Need Your Light,Barsuk Records,
2016-07-14,0700-0900,DJ Stace,DJ Stace,The Astounds,Canvasses You Happen To,"Astounds, The",Self,
2016-07-14,0700-0900,DJ Stace,DJ Stace,Guided By Voices,Motor Away,"Best Of, the",Matador Records,
2016-07-14,0700-0900,DJ Stace,DJ Stace,Skinny Puppy,Dig It,Mind: The Perpetual Intercourse,Nettwerk Records,
2016-07-14,0700-0900,DJ Stace,DJ Stace,Kraftwerk,Boing Boom Tschak,Electric Cafe,Elektra/Asylum,
2016-07-14,0700-0900,DJ Stace,DJ Stace,Dead Kennedys,Holiday In Cambodia,Give Me Convenience Or Give Me Death,Alternative Tentacles Records,
2016-07-14,0700-0900,DJ Stace,DJ Stace,The Sonics,Have Love Will Travel,Here Are The Sonics,Norton Records,
2016-07-14,0700-0900,DJ Stace,DJ Stace,Wire,Numbered,Nocturnal Koreans,Pinkflag,
2016-07-14,0700-0900,DJ Stace,DJ Stace,White Fang,I Love School,Chunks,Burger Records,
2016-07-14,0700-0900,DJ Stace,DJ Stace,the Black Keys,Just Couldn't Tie Me Down,Rubber Factory,Fat Possum Records,
2016-07-14,0700-0900,DJ Stace,DJ Stace,Andrew W.K.,Party Hard,I Get Wet,Island Records,
2016-07-14,0700-0900,DJ Stace,DJ Stace,The Hives,Hate To Say I Told You So,Your New Favorite Band,Poptones,
2016-07-14,0700-0900,DJ Stace,DJ Stace,Screaming Trees,Nearly Lost You,Sweet Oblivion,Epic Records (Modern),
2016-07-14,0700-0900,DJ Stace,DJ Stace,The Arcs,Put a Flower in Your Pocket,"Yours, Dreamily",Nonesuch,
2016-07-14,0700-0900,DJ Stace,DJ Stace,Panteon Rococo,Asesinos,A la Izquierda de la Tierra,Sony-BMG,
2016-07-14,0700-0900,DJ Stace,DJ Stace,"Spencer, Jon Blues Explosion",Do You Wanna Get Heavy?,Acme,Matador Records,
2016-07-14,0700-0900,DJ Stace,DJ Stace,PJ Harvey,The Wheel,The Hope Six Demolition Project,Vagrant Records,
2016-07-14,0700-0900,DJ Stace,DJ Stace,Gang Of Youths,Poison Drum,"Positions, The",Sony Music,
2016-07-14,0700-0900,DJ Stace,DJ Stace,Fruit Bats,Humble Mountain Song,Absolute Losers,Perishable,
2016-07-14,0700-0900,DJ Stace,DJ Stace,Santigold,Chasing Shadows,99¢,Atlantic Records,
2016-07-14,0700-0900,DJ Stace,DJ Stace,Whitney,No Matter Where We Go,Light Upon The Lake,Secretly Canadian Records,
2016-07-13,1500-1800,DJ Stace,DJ Stace,Edward Sharpe & The Magnetic Zeros,Home,Up From Below,Vagrant Records,
2016-07-13,1500-1800,DJ Stace,DJ Stace,Queens of the Stone Age,Regular John,Queens Of The Stone Age,Loosegroove Records,
2016-07-13,1500-1800,DJ Stace,DJ Stace,Andre Williams,Hu-Matic Man,Hoods & Shades,Bloodshot Records,
2016-07-13,1500-1800,DJ Stace,DJ Stace,Brant Bjork,Toot,Jalamanta,Man's Ruin Records,
2016-07-13,1500-1800,DJ Stace,DJ Stace,Tricky,Christansands,Pre-Millennium Tension,Island Records (Modern),
2016-07-13,1500-1800,DJ Stace,DJ Stace,Spoon,Eddie's Ragga,Ga Ga Ga Ga Ga,Merge Records,
2016-07-13,1500-1800,DJ Stace,DJ Stace,Foxtails Brigade,No Fate,Foxtails Brigade,Oim Records,
2016-07-13,1500-1800,DJ Stace,DJ Stace,Califone,Tripped On Your Cape,Insect Courage,Future Oak Record Co.,
2016-07-13,1500-1800,DJ Stace,DJ Stace,Wilco,Muzzle of Bees,A Ghost Is Born,Nonesuch Records,
2016-07-13,1500-1800,DJ Stace,DJ Stace,Violent Femmes,I Could Be Anything,We Can Do Anything,Pias America,
2016-07-13,1500-1800,DJ Stace,DJ Stace,the White Stripes,Fell in Love with a Girl,White Blood Cells,Sympathy For The Record Industry,
2016-07-13,1500-1800,DJ Stace,DJ Stace,The Moonlandingz,Sweet Saturn Mine,Expanded Ep,Chimera Records,
2016-07-13,1500-1800,DJ Stace,DJ Stace,Ronnie Heart,Groovitate,You(R) Mine,New Media,
2016-07-13,1500-1800,DJ Stace,DJ Stace,The Dirtbombs,Do You See My Love (For You Growing),Ultraglide In Black,In the Red Records,
2016-07-13,1500-1800,DJ Stace,DJ Stace,Father John Misty,Hollywood Forever Cemetery Sings,Fear Fun,Sub Pop Records,
2016-07-13,1500-1800,DJ Stace,DJ Stace,PJ Harvey,The Wheel,The Hope Six Demolition Project,Vagrant Records,
2016-07-13,1500-1800,DJ Stace,DJ Stace,Gold Panda,Time Eater,Good Luck And Do Your Best,City Slang,
2016-07-13,1500-1800,DJ Stace,DJ Stace,The Beach Boys,God Only Knows,Pet Sounds,Capitol Records (Jazz),
2016-07-13,1500-1800,DJ Stace,DJ Stace,Modest Mouse,Horn Intro,Good News For People Who Love Bad News,Epic Records,
2016-07-13,1500-1800,DJ Stace,DJ Stace,Modest Mouse,The World at Large,Good News For People Who Love Bad News,Epic Records,
2016-07-13,1500-1800,DJ Stace,DJ Stace,Willie Nelson,I'd Have To Be Crazy,Greatest Hits (& Some That Will Be),Columbia Records,
2016-07-13,1500-1800,DJ Stace,DJ Stace,Death Cab For Cutie,I Will Follow You Into The Dark,Plans,Atlantic Records (Modern),
2016-07-13,1500-1800,DJ Stace,DJ Stace,Ben Harper & The Innocent Criminals,Call It What Is Is,Call It What It Is,Stax Records,
2016-07-13,1500-1800,DJ Stace,DJ Stace,Big Star,Ballad of El Goodo,Big Star #1,Ardent Records,
2016-07-13,1500-1800,DJ Stace,DJ Stace,Ra Ra Riot,Water,Need Your Light,Barsuk Records,
2016-07-13,1500-1800,DJ Stace,DJ Stace,Beirut,August Holland,No No No,4AD,
2016-07-13,1500-1800,DJ Stace,DJ Stace,Beck's Record Club,Never Tear Us Apart (INXS Cover),No. 4. 'Kick',Beck's Record Club,
2016-07-13,1500-1800,DJ Stace,DJ Stace,The Black Angels,Young Men Dead,Passover,Light In The Attic Records,
2016-07-13,1500-1800,DJ Stace,DJ Stace,Old 97'S,Big Brown Eyes,Wreck Your Life,Bloodshot Records,
2016-07-13,1500-1800,DJ Stace,DJ Stace,The Arcs,Velvet Ditch,"Yours, Dreamily",Nonesuch,
2016-07-13,1500-1800,DJ Stace,DJ Stace,Queens of the Stone Age,Go with the Flow,Songs for the Deaf,Interscope Records,
2016-07-13,1500-1800,DJ Stace,DJ Stace,Glitter Wizard,Abaca,Solar Hits,Captcha Records,
2016-07-13,1500-1800,DJ Stace,DJ Stace,Melvins,A History of Bad Men,(A) Senile Animal,Ipecac Records,
2016-07-13,1500-1800,DJ Stace,DJ Stace,Fu Manchu,Laserbl'ast!,"Action Is Go, the",Mammoth Records,
2016-07-13,1500-1800,DJ Stace,DJ Stace,The Zig Zags,The Sadist,Running Out Of Red,Castle Face Records,
2016-07-13,1500-1800,DJ Stace,DJ Stace,Gang Of Youths,Poison Drum,"Positions, The",Sony Music,
2016-07-13,1500-1800,DJ Stace,DJ Stace,Whitney,No Matter Where We Go,Light Upon The Lake,Secretly Canadian Records,
2016-07-13,1500-1800,DJ Stace,DJ Stace,The Buzzcocks,What Do I Get?,Singles Going Steady,I.R.S. Records,
2016-07-13,1500-1800,DJ Stace,DJ Stace,Nick Cave and the Bad Seeds,The Ship Song,The Good Son,Mute,
2016-07-07,0700-0900,DJ Stace,DJ Stace,Tones on Tail,Rain,Pspyched!,Beggars Banquet,
2016-07-07,0700-0900,DJ Stace,DJ Stace,Delta 72,Go Go Kitty,Flaming Burnout,Man's Ruin Records,
2016-07-07,0700-0900,DJ Stace,DJ Stace,Blur,Song 2,Blur: The Best Of,Virgin Records America,
2016-07-07,0700-0900,DJ Stace,DJ Stace,Delta Spirit,Parade,Ode to Sunshine,Rounder Records,
2016-07-07,0700-0900,DJ Stace,DJ Stace,Spoon,The Way We Get By,Kill The Moonlight,Merge Records,
2016-07-07,0700-0900,DJ Stace,DJ Stace,Ra Ra Riot,Water,Need Your Light,Barsuk Records,
2016-07-07,0700-0900,DJ Stace,DJ Stace,Mr. Gnome,Mustangs,"Heart Of A Dark Star, The",El Marko Records,
2016-07-07,0700-0900,DJ Stace,DJ Stace,The Heavy,Not The One,Hurt & The Merciless,Counter Records,
2016-07-07,0700-0900,DJ Stace,DJ Stace,Hanni El Khatib,Pay No Mind,Head in the Dirt,Innovative Leisure Records,
2016-07-07,0700-0900,DJ Stace,DJ Stace,Whitney,No Matter Where We Go,Light Upon The Lake,Secretly Canadian Records,
2016-07-07,0700-0900,DJ Stace,DJ Stace,Big Star,In the Street,Big Star #1,Ardent Records,
2016-07-07,0700-0900,DJ Stace,DJ Stace,R.E.M.,Its The End Of The World As We Know It (And I Feel Fine),Its The End Of The World As We Know It (And I Feel Fine),I.R.S. Records,
2016-07-07,0700-0900,DJ Stace,DJ Stace,PJ Harvey,The Wheel,The Hope Six Demolition Project,Vagrant Records,
2016-07-07,0700-0900,DJ Stace,DJ Stace,Mitski,Your Best American Girl,Puberty 2,Dead Oceans,
2016-07-07,0700-0900,DJ Stace,DJ Stace,Sonic Youth,Schizophrenia,Sister,Goofin Records,
2016-07-07,0700-0900,DJ Stace,DJ Stace,The Arcs,Velvet Ditch,"Yours, Dreamily",Nonesuch,
2016-07-07,0700-0900,DJ Stace,DJ Stace,The Arcs,Searching the Blue,"Yours, Dreamily",Nonesuch,
2016-07-07,0700-0900,DJ Stace,DJ Stace,Dr John,Everybody Want to Git Rich (Rite Away),What It is! Funky Soul and Rare Grooves: 1967-1977,Rhino Records,
2016-07-07,0700-0900,DJ Stace,DJ Stace,the Meters,Cissy Strut,Very Best Of...,Rhino Records,
2016-07-07,0700-0900,DJ Stace,DJ Stace,Joe Pug,Stay and Dance,Windfall,Loose Music,
2016-07-07,0700-0900,DJ Stace,DJ Stace,Jose Gonzalez,Lovestain,Veneer,Imperial Recordings,
2016-07-07,0700-0900,DJ Stace,DJ Stace,Nick Cave and the Bad Seeds,"Brother, My Cup Is Empty",Henry's Dream,Mute Records,
2016-07-07,0700-0900,DJ Stace,DJ Stace,Sheer Mag,Hard Lovin,"7""/Ii 7""/Iii 7""",Static Shock,
2016-07-07,0700-0900,DJ Stace,DJ Stace,Magnetic Fields,All My Little Words,69 Love Songs,Nonesuch,
2016-07-07,0700-0900,DJ Stace,DJ Stace,the Magnetic Fields,I Wish I Had An Evil Twin,I,Nonesuch Records,
2016-07-07,0700-0900,DJ Stace,DJ Stace,M. Ward,Girl from Conejo Valley,More Rain,Merge Records,
2016-07-07,0700-0900,DJ Stace,DJ Stace,The Jam,That's Entertainment,Beat Surrender,Polydor Ltd.,
2016-07-07,0700-0900,DJ Stace,DJ Stace,Cat Stevens,Trouble,Classics Volume 24,A & M Records,
2016-07-07,0700-0900,DJ Stace,DJ Stace,Booker T and the Mg's,Hip Hug-Her,Rock Instrumental Clas,Rhino Records,
2016-07-07,0700-0900,DJ Stace,DJ Stace,The Black Keys,Little Black Submarines,El Camino,Nonesuch Records,
2016-07-06,1500-1800,DJ Stace,DJ Stace,Santigold,Chasing Shadows,99¢,Atlantic Records,
2016-07-06,1500-1800,DJ Stace,DJ Stace,Devo,Gates Of Steel,Greatest Hits,Warner Bros. Records,
2016-07-06,1500-1800,DJ Stace,DJ Stace,PJ Harvey,The Wheel,The Hope Six Demolition Project,Vagrant Records,
2016-07-06,1500-1800,DJ Stace,DJ Stace,The Wolfgang Press,Mama Told Me Not To Come,Mama Told Me Not To Come,4AD,
2016-07-06,1500-1800,DJ Stace,DJ Stace,Panic Is Perfect,Too Up Close,Cellspace,Strange Loop,
2016-07-06,1500-1800,DJ Stace,DJ Stace,Honey,Monk,Love Is Hard,Wharf Cat Records,
2016-07-06,1500-1800,DJ Stace,DJ Stace,Frightened Rabbit,Lump Street,Painting Of A Panic Attack,Atlantic Records,
2016-07-06,1500-1800,DJ Stace,DJ Stace,Built to Spill,Distopian Dream Girl,There's Nothing Wrong with Lov,Up Records,
2016-07-06,1500-1800,DJ Stace,DJ Stace,the Delta 72,Scratch,"Soul of a New Machine, the",Touch and Go,
2016-07-06,1500-1800,DJ Stace,DJ Stace,Violent Femmes,I Could Be Anything,We Can Do Anything,Pias America,
2016-07-06,1500-1800,DJ Stace,DJ Stace,Califone,Tripped On Your Cape,Insect Courage,Future Oak Record Co.,
2016-07-06,1500-1800,DJ Stace,DJ Stace,Sin Ropas,(Tripped on Your Cape) You'll Take the Knife Out,Three Cherries,Perishable,
2016-07-06,1500-1800,DJ Stace,DJ Stace,New Order,Ceremony,Substance [Disc 1],Qwest,
2016-07-06,1500-1800,DJ Stace,DJ Stace,Nick Cave and the Bad Seeds,Jubilee Street,Push the Sky Away,Bad Seed Ltd.,
2016-07-06,1500-1800,DJ Stace,DJ Stace,the Flaming Lips,Psychiatric Explorations of,Clouds Taste Metallic,Warner Brothers (Modern),
2016-07-06,1500-1800,DJ Stace,DJ Stace,The Moonlandingz,Sweet Saturn Mine,Expanded Ep,Chimera Records,
2016-07-06,1500-1800,DJ Stace,DJ Stace,Snowpony,Easy Way Down,"Slow-Motion World Of Snowpony, The",Radioactive Records,
2016-07-06,1500-1800,DJ Stace,DJ Stace,Queen,Another One Bites The Dust,"Game, The",Elektra/Asylum,
2016-07-06,1500-1800,DJ Stace,DJ Stace,Gold Panda,Autumn Fall,Good Luck And Do Your Best,City Slang,
2016-07-06,1500-1800,DJ Stace,DJ Stace,Spoon,The Underdog,Ga Ga Ga Ga Ga,Merge Records,
2016-07-06,1500-1800,DJ Stace,DJ Stace,Cat Stevens,On The Road To Find Out,Footsteps In The Dark (Greatest Hits Volume 2),A&M Records,
2016-07-06,1500-1800,DJ Stace,DJ Stace,Elliott Smith,Trouble,[Coll]: Thumbsucker,Hollywood Records (Modern,
2016-07-06,1500-1800,DJ Stace,DJ Stace,Love and Rockets,Lazy,Earth Sun Moon,Big Time,
2016-07-06,1500-1800,DJ Stace,DJ Stace,The Arcs,Velvet Ditch,"Yours, Dreamily",Nonesuch,
2016-07-06,1500-1800,DJ Stace,DJ Stace,The Arcs,Put a Flower in Your Pocket,"Yours, Dreamily",Nonesuch,
2016-07-06,1500-1800,DJ Stace,DJ Stace,Virgin Prunes,Sweethome (Under White Clouds),"Hidden Lie (Live In Paris 6/6/86), The",Baby Records,
2016-07-06,1500-1800,DJ Stace,DJ Stace,White Lung,Below,Paradise,Domino Recording Company,
2016-07-06,1500-1800,DJ Stace,DJ Stace,Johnny Cash,Personal Jesus,American 4: the Man Comes Arou,Lost Highway Records,
2016-07-06,1500-1800,DJ Stace,DJ Stace,Ben Harper & The Innocent Criminals,Pink Balloon,Call It What It Is,Stax Records,
2016-07-06,1500-1800,DJ Stace,DJ Stace,The Cure,The Caterpillar,Staring At The Sea: The Singles,Elektra/Asylum,
2016-07-06,1500-1800,DJ Stace,DJ Stace,the Grifters,Boho/Alt,Ain't My Lookout,Sub Pop Records,
2016-07-06,1500-1800,DJ Stace,DJ Stace,Whitney,No Matter Where We Go,Light Upon The Lake,Secretly Canadian Records,
2016-07-06,1500-1800,DJ Stace,DJ Stace,Gang Of Youths,Poison Drum,"Positions, The",Sony Music,
2016-07-06,1500-1800,DJ Stace,DJ Stace,The Astounds,Canvasses You Happen To,"Astounds, The",Self,
2016-07-06,1500-1800,DJ Stace,DJ Stace,Robert Pollard,My Daughter Yes She Knows,Of Course You Are,Matador,
2016-07-06,1500-1800,DJ Stace,DJ Stace,Guided By Voices,Tractor Rape Chain,Bee Thousand,Matador Records,
2016-07-06,1500-1800,DJ Stace,DJ Stace,Sturgill Simpson,In Bloom,A Sailor's Guide to Earth,Atlantic,
2016-06-30,0700-0900,DJ Stace,DJ Stace,Santigold,Chasing Shadows,99¢,Atlantic Records,
2016-06-30,0700-0900,DJ Stace,DJ Stace,Mr. Gnome,Mustangs,"Heart Of A Dark Star, The",El Marko Records,
2016-06-30,0700-0900,DJ Stace,DJ Stace,Ra Ra Riot,Water,Need Your Light,Barsuk Records,
2016-06-30,0700-0900,DJ Stace,DJ Stace,The Charlatans Uk,The Only One I Know,"Only One I Know, The",Beggars Banquet,
2016-06-30,0700-0900,DJ Stace,DJ Stace,Parquet Courts,Dust,Human Performance,Rough Trade Records,
2016-06-30,0700-0900,DJ Stace,DJ Stace,Robert Pollard,My Daughter Yes She Knows,Of Course You Are,Matador Records,
2016-06-30,0700-0900,DJ Stace,DJ Stace,Violent Femmes,I Could Be Anything,We Can Do Anything,Pias America,
2016-06-30,0700-0900,DJ Stace,DJ Stace,Whiskerman,Otis,Nomad,Oim Records,
2016-06-30,0700-0900,DJ Stace,DJ Stace,David Bowie,The Bewlay Brothers,Hunky Dory,Rykodisc,
2016-06-30,0700-0900,DJ Stace,DJ Stace,Tom Waits,"Cold, Cold Ground (Live)",Beautiful Maladies,Island Records,
2016-06-30,0700-0900,DJ Stace,DJ Stace,Devendra Banhart,Korean Dogwood,Cripple Crow,Xl Recordings,
2016-06-30,0700-0900,DJ Stace,DJ Stace,Firewater,Another Perfect Catastrophe,"Ponzi Scheme, the",Jetset Records,
2016-06-30,0700-0900,DJ Stace,DJ Stace,Panic Is Perfect,Too Up Close,Cellspace,Strange Loop,
2016-06-30,0700-0900,DJ Stace,DJ Stace,Radiohead,Burn the Witch,A Moon Shaped Pool,XL Recordings,
2016-06-30,0700-0900,DJ Stace,DJ Stace,The Stone Roses,Fools Gold,"Stone Roses, The",Silvertone Records Us,
2016-06-30,0700-0900,DJ Stace,DJ Stace,"Spencer, Jon Blues Explosion",Ice Cream Killer,Meat And Bone,Boombox Productions,
2016-06-30,0700-0900,DJ Stace,DJ Stace,Frightened Rabbit,Break,Painting Of A Panic Attack,Atlantic Records,
2016-06-30,0700-0900,DJ Stace,DJ Stace,Gang Of Youths,Poison Drum,"Positions, The",Sony Music,
2016-06-30,0700-0900,DJ Stace,DJ Stace,The Arcs,Put a Flower in Your Pocket,"Yours, Dreamily",Nonesuch,
2016-06-30,0700-0900,DJ Stace,DJ Stace,Isaac Ahyes,Walk on By,Dead Presidents,Capitol Records (Jazz),
2016-06-30,0700-0900,DJ Stace,DJ Stace,Tricky,Ghetto Youth,Pre-Millennium Tension,Island Records (Modern),
2016-06-30,0700-0900,DJ Stace,DJ Stace,The Heavy,What Happened To The Love?,Hurt & The Merciless,Counter Records,
2016-06-30,0700-0900,DJ Stace,DJ Stace,The Heavy,How You Like Me Now? Featuring the Dap Kings,How You Like Me Now? EP,Counter Records,
2016-06-30,0700-0900,DJ Stace,DJ Stace,"Spencer, Jon Blues Explosion",Do You Wanna Get Heavy?,Heavy,Mute Records,
2016-06-29,1500-1800,DJ Stace,DJ Stace,Dinosaur Jr,Thumb,Green Mind,Sire Records,
2016-06-29,1500-1800,DJ Stace,DJ Stace,Fat White Family,Love Is The Crack,Songs For Our Mothers,Fat Possum Records,
2016-06-29,1500-1800,DJ Stace,DJ Stace,Love And Rockets,Haunted When The Minutes Drag,Seventh Dream Of Teenage Heaven,Beggars Banquet,
2016-06-29,1500-1800,DJ Stace,DJ Stace,Bauhaus,She's In Parties,Burning From The Inside,Beggars Banquet,
2016-06-29,1500-1800,DJ Stace,DJ Stace,Beach House,Rough Song,Thank Your Lucky Stars,Sub Pop Records,
2016-06-29,1500-1800,DJ Stace,DJ Stace,Parquet Courts,Dust,Human Performance,Rough Trade Records,
2016-06-29,1500-1800,DJ Stace,DJ Stace,Beastie Boys,Sabrosa,"In Sound From Way Out!, The",Capitol Records,
2016-06-29,1500-1800,DJ Stace,DJ Stace,Dr. John,(Everybody Wanna Get Rich) Rite Away,What It is! Funky Soul and Rare Grooves: 1967-1977,Rhino Records,
2016-06-29,1500-1800,DJ Stace,DJ Stace,"Spencer, Jon Blues Explosion",Like A Hawk,Crypt Style,Crypt Records,
2016-06-29,1500-1800,DJ Stace,DJ Stace,Iggy Pop,In The Lobby,Post Pop Depression,Loma Vista,
2016-06-29,1500-1800,DJ Stace,DJ Stace,Queens of the Stone Age,Make It Wit Chu,Era Vulgaris,Interscope,
2016-06-29,1500-1800,DJ Stace,DJ Stace,Brant Bjork,Toot,Jalamanta,Man's Ruin,
2016-06-29,1500-1800,DJ Stace,DJ Stace,The Heavy,Not The One,Hurt & The Merciless,Counter Records,
2016-06-29,1500-1800,DJ Stace,DJ Stace,Gang Of Youths,Poison Drum,"Positions, The",Sony Music,
2016-06-29,1500-1800,DJ Stace,DJ Stace,The Call,The Walls Came Down,Modern Romans,Polygram Records (Modern),
2016-06-29,1500-1800,DJ Stace,DJ Stace,King Gizzard And The Lizard Wizard,Mr.Beat,Nonagon Infinity,Ato Records,
2016-06-29,1500-1800,DJ Stace,DJ Stace,Honey,Monk,Love Is Hard,Wharf Cat Records,
2016-06-29,1500-1800,DJ Stace,DJ Stace,Fugazi,Waiting Room,13 Songs,Dischord Records,
2016-06-29,1500-1800,DJ Stace,DJ Stace,The Hives,Hate To Say I Told You So,Your New Favorite Band,Poptones,
2016-06-29,1500-1800,DJ Stace,DJ Stace,Panic Is Perfect,Too Up Close,Cellspace,Strange Loop,
2016-06-29,1500-1800,DJ Stace,DJ Stace,Whiskerman,Consistency Of Grace,Nomad,Oim Records,
2016-06-29,1500-1800,DJ Stace,DJ Stace,Nick Cave & the Bad Seeds,Jubilee Street,Jubilee Street,Bad Seed Ltd.,
2016-06-29,1500-1800,DJ Stace,DJ Stace,Sturgill Simpson,In Bloom,A Sailor's Guide to Earth,Atlantic,
2016-06-29,1500-1800,DJ Stace,DJ Stace,Cyndi Lauper,Night Life,Detour,Rhino Humpers,
2016-06-29,1500-1800,DJ Stace,DJ Stace,Leon Bridges,Coming Home,Coming Home,Columbia Records,
2016-06-29,1500-1800,DJ Stace,DJ Stace,Ben Harper & The Innocent Criminals,Call It What Is Is,Call It What It Is,Stax Records,
2016-06-29,1500-1800,DJ Stace,DJ Stace,Concret Blonde,Still in Hollywood,Concrete Blonde,I.R.S.,
2016-06-29,1500-1800,DJ Stace,DJ Stace,Violent Femmes,Big Car,We Can Do Anything,Pias America,
2016-06-29,1500-1800,DJ Stace,DJ Stace,Wire,Still,Nocturnal Koreans,Pinkflag,
2016-06-29,1500-1800,DJ Stace,DJ Stace,Wire,Ahead,"Ideal Copy, The",Enigma Records,
2016-06-29,1500-1800,DJ Stace,DJ Stace,The Arcs,Put a Flower In Your Pocket,"Yours, Dreamily",Nonesuch,
2016-06-29,1500-1800,DJ Stace,DJ Stace,The Arcs,Searching the Blue,"Yours, Dreamily",Nonesuch,
2016-06-29,1500-1800,DJ Stace,DJ Stace,The Black Angels,Black Grease,Passover,Light In The Attic Records,
2016-06-29,1500-1800,DJ Stace,DJ Stace,They Might Be Giants,C Is for Conifers,Here Are the ABCs,Disney Sound,
2016-06-29,1500-1800,DJ Stace,DJ Stace,Swervedriver,Rave Down,Raise,Creation Records,
2016-06-29,1500-1800,DJ Stace,DJ Stace,Hammock,Clarity,Everything And Nothing,Hammock Music,
2016-06-29,1500-1800,DJ Stace,DJ Stace,White Lung,Narcoleptic,Paradise,Domino Recording Company,
2016-06-29,1500-1800,DJ Stace,DJ Stace,Ra Ra Riot,Bad Times,Need Your Light,Barsuk Records,
2016-06-29,1500-1800,DJ Stace,DJ Stace,Santigold,Chasing Shadows,99¢,Atlantic Records,
2016-06-29,1500-1800,DJ Stace,DJ Stace,Frightened Rabbit,Break,Painting Of A Panic Attack,Atlantic Records,
2016-06-21,1000-1300,DJ Stace,DJ Stace,The Strokes,Last Night,"Strokes, The",Bmg Music,
2016-06-21,1000-1300,DJ Stace,DJ Stace,Thao And The Get Down Stay Down,Nobody Dies,A Man Alive,Ribbon Music,
2016-06-21,1000-1300,DJ Stace,DJ Stace,All Them Witches,Open Passageways,Dying Surfer Meets His Maker,New West Records,
2016-06-21,1000-1300,DJ Stace,DJ Stace,Lnzndrf,Beneath The Black Sea,Lnzndrf,4AD,
2016-06-21,1000-1300,DJ Stace,DJ Stace,Husker Du,Makes No Sense At All,Flig Your Wip,Sst Records/New Alliance,
2016-06-21,1000-1300,DJ Stace,DJ Stace,The Moonlandingz,Sweet Saturn Mine,Expanded Ep,Chimera Records,
2016-06-21,1000-1300,DJ Stace,DJ Stace,Crater,Holy Ground,Talk To Me So I Can Fall Asleep,Help Yourself Records,
2016-06-21,1000-1300,DJ Stace,DJ Stace,Those Bastard Souls,The Train From Terminal Bore,Twentieth Century Chemical,Darla Records,
2016-06-21,1000-1300,DJ Stace,DJ Stace,Grifters,Bronze Cast,Crappin' You Negative,Shangri-La Records,
2016-06-21,1000-1300,DJ Stace,DJ Stace,Dead Milkmen,Punk Rock Girl,Beelzebubba,Fever,
2016-06-21,1000-1300,DJ Stace,DJ Stace,Violent Femmes,Foothills,We Can Do Anything,Pias America,
2016-06-21,1000-1300,DJ Stace,DJ Stace,The Arcs,Put a Flower in Your Pocket,"Yours, Dreamily",Nonesuch,
2016-06-21,1000-1300,DJ Stace,DJ Stace,Kraftwerk,The Model,"Machine/Computer World, The",Elektra Classics,
2016-06-21,1000-1300,DJ Stace,DJ Stace,the Beastie Boys,Fight for Your Right,X Games Volume 1,Tommy Boy,
2016-06-21,1000-1300,DJ Stace,DJ Stace,The Clash,Rock The Casbah,Rockers Galore,Epic Records,
2016-06-21,1000-1300,DJ Stace,DJ Stace,Panic Is Perfect,Too Up Close,Cellspace,Strange Loop,
2016-06-21,1000-1300,DJ Stace,DJ Stace,The Heavy,Since You Been Gone,Hurt & The Merciless,Counter Records,
2016-06-21,1000-1300,DJ Stace,DJ Stace,The Heavy,How You Like Me Now? Featuring the Dap Kings,How You Like Me Now? EP,Counter Records,
2016-06-21,1000-1300,DJ Stace,DJ Stace,Robert Pollard,My Daughter Yes She Knows,Of Course You Are,Fire Records,
2016-06-21,1000-1300,DJ Stace,DJ Stace,Guided By Voices,Hold on Hope,Do the Collapse,Tvt Records,
2016-06-21,1000-1300,DJ Stace,DJ Stace,Guided By Voices,Bulldog Skin,"Best Of, the",Matador Records,
2016-06-21,1000-1300,DJ Stace,DJ Stace,Tacocat,I Hate The Weekend (Clean Edit),Lost Time,Hardly Art,
2016-06-21,1000-1300,DJ Stace,DJ Stace,The Sonics,Have Love Will Travel,Here Are The Sonics,Norton Records,
2016-06-21,1000-1300,DJ Stace,DJ Stace,Mr. Gnome,Mustangs,"Heart Of A Dark Star, The",El Marko Records,
2016-06-21,1000-1300,DJ Stace,DJ Stace,Mr. Gnome,Winter,Madness In Miniature,El Marko Records,
2016-06-21,1000-1300,DJ Stace,DJ Stace,Cat Power,Cross Bones Style,Moon Pix,Matador Records,
2016-06-21,1000-1300,DJ Stace,DJ Stace,Cocorosie,Smokey Taboo,Grey Oceans,Sub Pop Records,
2016-06-21,1000-1300,DJ Stace,DJ Stace,Tindersticks,How He Entered,"Waiting Room, The",City Slang,
2016-06-21,1000-1300,DJ Stace,DJ Stace,Brightblack Morning Light,Fry Bread,Brightblack Morning Light,Matador Records,
2016-06-21,1000-1300,DJ Stace,DJ Stace,the Breakestra,Cramp Your Style,"Live Mix Part 2, the",Stones Throw,
2016-06-21,1000-1300,DJ Stace,DJ Stace,Slaves,Are You Satisfied?,Are you Satisfied?,Virgin,
2016-06-21,1000-1300,DJ Stace,DJ Stace,Jose Casimiro,Marti Sta Bidjacu,Space Echo,Analog Africa,
2016-06-21,1000-1300,DJ Stace,DJ Stace,Frightened Rabbit,Death Dream,Painting Of A Panic Attack,Atlantic Records,
2016-06-21,1000-1300,DJ Stace,DJ Stace,Phosphorescent,Can I Sleep In Your Arms,To Willie,Dead Oceans,
2016-06-21,1000-1300,DJ Stace,DJ Stace,Jeff Buckley,Hallelujah,Grace,Columbia Records (Hiphop),
2016-06-21,1000-1300,DJ Stace,DJ Stace,Love And Rockets,Kundalini Express,Express,Big Time,
2016-06-21,1000-1300,DJ Stace,DJ Stace,The Rolling Stones,Sympathy For The Devil,Beggars Banquet,London Records,
2016-06-21,1000-1300,DJ Stace,DJ Stace,The Sonics,Bad Betty,This Is The Sonics,Revox Records,
2016-06-21,1000-1300,DJ Stace,DJ Stace,Iggy Pop,In The Lobby,Post Pop Depression,Loma Vista,
2016-06-21,1000-1300,DJ Stace,DJ Stace,Santigold,Chasing Shadows,99¢,Atlantic Records,
2016-06-21,1000-1300,DJ Stace,DJ Stace,T Rex,20Th Century Boy,Cd Sampler of Essential Coll.,(Unknown),
2016-06-21,1000-1300,DJ Stace,DJ Stace,Damned,Nasty,Nasty Damned,Lilith,
2016-06-21,1000-1300,DJ Stace,DJ Stace,the Smiths,How Soon Is Now?,Meat Is Murder,Sire Records (Modern),
2016-06-21,1000-1300,DJ Stace,DJ Stace,the Black Keys,Just Couldn't Tie Me Down,Rubber Factory,Fat Possum Records,
2016-06-07,1000-1300,DJ Stace,DJ Stace,Devo,Freedom Of Choice,Greatest Hits,Warner Bros. Records,
2016-06-07,1000-1300,DJ Stace,DJ Stace,Teen,All About Us,Love Yes,Carpark Records,
2016-06-07,1000-1300,DJ Stace,DJ Stace,Tacocat,I Hate The Weekend (Clean Edit),Lost Time,Hardly Art,
2016-06-07,1000-1300,DJ Stace,DJ Stace,Guides,Pictures On Pictures,Abstract Mind,Self,
2016-06-07,1000-1300,DJ Stace,DJ Stace,The Arcs,Put a Flower in Your Pocket,"Yours, Dreamily",Nonesuch,
2016-06-07,1000-1300,DJ Stace,DJ Stace,Talking Heads,Psycho Killer,Popular Favorites: Sand In The Vaseline (Disc One),Warner Brothers (Modern),
2016-06-07,1000-1300,DJ Stace,DJ Stace,Parquet Courts,Dust,Human Performance,Rough Trade Records,
2016-06-07,1000-1300,DJ Stace,DJ Stace,New Order,Ceremony,Total,Rhino Entertainment,
2016-06-07,1000-1300,DJ Stace,DJ Stace,Bob Dylan,Only A Pawn In Their Game,"Times They Are A-Changin', The",Columbia Records,
2016-06-07,1000-1300,DJ Stace,DJ Stace,Beach House,Rough Song,Thank Your Lucky Stars,Sub Pop Records,
2016-06-07,1000-1300,DJ Stace,DJ Stace,Sneaker Pimps,6 Underground (Nellee Hooper,Becoming,Virgin Records (Modern),
2016-06-07,1000-1300,DJ Stace,DJ Stace,Mr. Gnome,Mustangs,"Heart Of A Dark Star, The",El Marko Records,
2016-06-07,1000-1300,DJ Stace,DJ Stace,Pity Sex,What Might Soothe You?,White Hot Moon,Run For Cover,
2016-06-07,1000-1300,DJ Stace,DJ Stace,Rapeman,Just Got Paid,Two Nuns And A Pack Mule,Touch and Go,
2016-06-07,1000-1300,DJ Stace,DJ Stace,The Stranglers,(Get a) Grip (On Yourself),The Stranglers - The Collection 1977-1982,Liberty,
2016-06-07,1000-1300,DJ Stace,DJ Stace,Sonic Youth,Teenage Riot,Daydream Nation,Enigma,
2016-06-07,1000-1300,DJ Stace,DJ Stace,The Cramps,Goo Goo Muck,Bad Music For Bad People,A & M Records,
2016-06-07,1000-1300,DJ Stace,DJ Stace,Califone,Tripped On Your Cape,Insect Courage,Future Oak Record Co.,
2016-06-07,1000-1300,DJ Stace,DJ Stace,Wilco,I Am Trying To Break Your Heart,Yankee Hotel Foxtrot,Nonesuch Records,
2016-06-07,1000-1300,DJ Stace,DJ Stace,Sturgill Simpson,In Bloom,A Sailor's Guide to Earth,Atlantic Records,
2016-06-07,1000-1300,DJ Stace,DJ Stace,Willie Nelson,I'm a Memory,One Hell Of A Ride,Columbia Legacy,
2016-06-07,1000-1300,DJ Stace,DJ Stace,Big Business,Easter Romantic,Head for the Shallow,Hydra Head,
2016-06-07,1000-1300,DJ Stace,DJ Stace,Melvins,A History of Bad Men,(A) Senile Animal,Ipecac Records,
2016-06-07,1000-1300,DJ Stace,DJ Stace,Iggy Pop,In The Lobby,Post Pop Depression,Loma Vista,
2016-06-07,1000-1300,DJ Stace,DJ Stace,White Lung,Below,Paradise,Domino Recording Company,
2016-06-07,1000-1300,DJ Stace,DJ Stace,The Jesus And Mary Chain,Head On,Automatic,Warner Bros. Records,
2016-06-07,1000-1300,DJ Stace,DJ Stace,Maserati,Rehumanizer Ii,Rehumanizer,Temporary Residence Ltd.,
2016-06-07,1000-1300,DJ Stace,DJ Stace,Scratch Acid,Greatest Gift,"Greatest Gift, The",Touch and Go,
2016-06-07,1000-1300,DJ Stace,DJ Stace,Butthole Surfers,Sweat Loaf,Locust Abortion Technician,Trance,
2016-06-07,1000-1300,DJ Stace,DJ Stace,Firewater,Another Perfect Catastrophe,"Ponzi Scheme, the",Jetset Records,
2016-06-07,1000-1300,DJ Stace,DJ Stace,Santigold,Chasing Shadows,99¢,Atlantic Records,
2016-06-07,1000-1300,DJ Stace,DJ Stace,Frightened Rabbit,Death Dream,Painting Of A Panic Attack,Atlantic Records,
2016-06-07,1000-1300,DJ Stace,DJ Stace,Tindersticks,How He Entered,"Waiting Room, The",City Slang,
2016-06-07,1000-1300,DJ Stace,DJ Stace,No Smoking Orchestra,Dobrila,Balkan Bazaar 2,Mascom,
2016-06-07,1000-1300,DJ Stace,DJ Stace,Ebo Taylor,Peace on Earth,Twer Nyame,Superfly Records,
2016-06-07,1000-1300,DJ Stace,DJ Stace,The Dirtbombs,Ode To A Black Man,Ultraglide In Black,In the Red Records,
2016-05-31,1000-1300,DJ Stace,DJ Stace,Love And Rockets,Yin And Yang The Flower Pot (Remix),Express,Big Time,
2016-05-31,1000-1300,DJ Stace,DJ Stace,Night Moves,Carl Sagan,Pennied Days,Domino Recording Company,
2016-05-31,1000-1300,DJ Stace,DJ Stace,Savages,Slowing Down The World,Adore Life,Matador Records,
2016-05-31,1000-1300,DJ Stace,DJ Stace,Frightened Rabbit,Lump Street,Painting Of A Panic Attack,Atlantic Records,
2016-05-31,1000-1300,DJ Stace,DJ Stace,The Psychedelic Furs,All That Money Wants,All Of This And Nothing,Columbia,
2016-05-31,1000-1300,DJ Stace,DJ Stace,Ra Ra Riot,Water,Need Your Light,Barsuk Records,
2016-05-31,1000-1300,DJ Stace,DJ Stace,Youth Lagoon,Highway Patrol Stun Gun,Savage Hills Ballroom,Fat Possum Records,
2016-05-31,1000-1300,DJ Stace,DJ Stace,Camper Van Beethoven,Take The Skinheads Bowling,Take The Skinheads Bowling,Rough Trade Records,
2016-05-31,1000-1300,DJ Stace,DJ Stace,Violent Femmes,I Could Be Anything,We Can Do Anything,Pias America,
2016-05-31,1000-1300,DJ Stace,DJ Stace,Panic Is Perfect,Too Up Close,Cellspace,Strange Loop,
2016-05-31,1000-1300,DJ Stace,DJ Stace,the Buzzcocks,What Do I Get,"Manchester, So Much To Answer For",Strange Fruit,
2016-05-31,1000-1300,DJ Stace,DJ Stace,The Jam,In The City,In The City,Polydor,
2016-05-31,1000-1300,DJ Stace,DJ Stace,Gang Of Youths,Vital Signs,"Positions, The",Sony Music,
2016-05-31,1000-1300,DJ Stace,DJ Stace,The Arcs,Stay In My Corner,"Yours, Dreamily",Nonesuch,
2016-05-31,1000-1300,DJ Stace,DJ Stace,Dan Auerback,Whispered Words (Pretty Lies),Keep It Hid,Nonesuch Records,
2016-05-31,1000-1300,DJ Stace,DJ Stace,Sunflower Bean,This Kind Of Feeling,Human Ceremony,Fat Possum Records,
2016-05-31,1000-1300,DJ Stace,DJ Stace,Jimmy Buffet,Ballad of Spider John,Livin' & Dyin' in 3/4 Time,Dunhill Records,
2016-05-31,1000-1300,DJ Stace,DJ Stace,Lnzndrf,Kind Things,Lnzndrf,4AD,
2016-05-31,1000-1300,DJ Stace,DJ Stace,Courtney Barnett,Pedestrian At Best,"Sometimes I Sit And Think, And Sometimes I Just Sit",Mom + Pop,
2016-05-31,1000-1300,DJ Stace,DJ Stace,Mr. Gnome,Mustangs,"Heart Of A Dark Star, The",El Marko Records,
2016-05-31,1000-1300,DJ Stace,DJ Stace,Captain Beefheart,Her Eyes Are a Blue Million,"Big Lebowski, the",Mercury Records,
2016-05-31,1000-1300,DJ Stace,DJ Stace,Pinkshinyultrablast,Grandfeathered,Grandfeathered,Shellshock,
2016-05-31,1000-1300,DJ Stace,DJ Stace,Melvins,A History of Bad Men,(A) Senile Animal,Ipecac Records,
2016-05-31,1000-1300,DJ Stace,DJ Stace,Iggy Pop,German Days,Post Pop Depression,Loma Vista,
2016-05-31,1000-1300,DJ Stace,DJ Stace,Queens of the Stone Age,How to Handle a Rope,Queens Of The Stone Age,Loosegroove Records,
2016-05-31,1000-1300,DJ Stace,DJ Stace,Unkle,Lonely Soul,Psyence Fiction,Mo Wax,
2016-05-31,1000-1300,DJ Stace,DJ Stace,UNKLE,Restless (feat. Joshe Homme),War Stories,Traffic Inc.,
2016-05-31,1000-1300,DJ Stace,DJ Stace,Queens Of The Stone Age,I Sat By The Ocean,...Like Clockwork,Matador Records,
2016-05-31,1000-1300,DJ Stace,DJ Stace,Earthlings?,Stungun,Earthlings?, Crippled Dick Hot Wax,
2016-05-31,1000-1300,DJ Stace,DJ Stace,Blacktop,I Think It's Going To Rain,Up All Night,Au Go Go,
2016-05-31,1000-1300,DJ Stace,DJ Stace,Billy Bragg and Wilco,California Stars,Mermaid Avenue,Elektra Classics,
2016-05-31,1000-1300,DJ Stace,DJ Stace,Pixx,Deplore,Fall In,4AD,
2016-05-31,1000-1300,DJ Stace,DJ Stace,Andrew Bird,Roma Fade,Are You Serious,Loma Vista,
2016-05-31,1000-1300,DJ Stace,DJ Stace,Saintseneca,River,Such Things,Anti-,
2016-05-31,1000-1300,DJ Stace,DJ Stace,Tow'rs,The Kitchen,"Great Minimum, The",Self,
2016-05-31,1000-1300,DJ Stace,DJ Stace,The Heavy,Not The One,Hurt & The Merciless,Counter Records,
2016-05-31,1000-1300,DJ Stace,DJ Stace,Parquet Courts,One Man No City,Human Performance,Rough Trade Records,
2016-05-24,1000-1300,DJ Stace,DJ Stace,Buddy Guy,Baby Please Don't Leave Me,Sweet Tea,Silvertone Records Us,
2016-05-24,1000-1300,DJ Stace,DJ Stace,Elliott Smith,A Fond Farewell,From a Basement on the Hill,Anti-,
2016-05-24,1000-1300,DJ Stace,DJ Stace,the Shins,New Slang,"Oh, Inverted World",Sub Pop Records,
2016-05-24,1000-1300,DJ Stace,DJ Stace,Frightened Rabbit,Death Dream,Painting Of A Panic Attack,Atlantic Records,
2016-05-24,1000-1300,DJ Stace,DJ Stace,All Them Witches,Open Passageways,Dying Surfer Meets His Maker,New West Records,
2016-05-24,1000-1300,DJ Stace,DJ Stace,The Arcs,Lake Superior,Lake Superior,The Arcs,
2016-05-24,1000-1300,DJ Stace,DJ Stace,The Arcs,Put a Flower in Your Pocket,"Yours, Dreamily",Nonesuch,
2016-05-24,1000-1300,DJ Stace,DJ Stace,the Wedding Present,Corduroy,Seamonsters,First Warning,
2016-05-24,1000-1300,DJ Stace,DJ Stace,Tindersticks,Hey Lucinda (Feat. Lhasa De Sela),"Waiting Room, The",City Slang,
2016-05-24,1000-1300,DJ Stace,DJ Stace,Lhasa,El Pajaro,La Llorna,Atlantic Records (Modern),
2016-05-24,1000-1300,DJ Stace,DJ Stace,Tindersticks,El Diablo En El Ojo,Tindersticks,Polygram Records (Modern),
2016-05-24,1000-1300,DJ Stace,DJ Stace,Iggy Pop,In The Lobby,Post Pop Depression,Loma Vista,
2016-05-24,1000-1300,DJ Stace,DJ Stace,Jack White,Another Way to Die,Another Way to Die (Single),Third Man,
2016-05-24,1000-1300,DJ Stace,DJ Stace,The Dirtbombs,Do You See My Love (For You Growing),Ultraglide In Black,In the Red Records,
2016-05-24,1000-1300,DJ Stace,DJ Stace,Dr. John,Revolution,Locked Down,Nonesuch Records,
2016-05-24,1000-1300,DJ Stace,DJ Stace,Dr. John,(Everybody Wanna Get Rich) Rite Away,What It is! Funky Soul and Rare Grooves: 1967-1977,Rhino Records,
2016-05-24,1000-1300,DJ Stace,DJ Stace,Santigold,Chasing Shadows,99¢,Atlantic Records,
2016-05-24,1000-1300,DJ Stace,DJ Stace,Mr. Gnome,Mustangs,"Heart Of A Dark Star, The",El Marko Records,
2016-05-24,1000-1300,DJ Stace,DJ Stace,Beck's Record Club,Never Tear Us Apart (INXS Cover),Kick,Beck's Record Club,
2016-05-24,1000-1300,DJ Stace,DJ Stace,Beck,Debra,Midnite Vultures,Geffen Records,
2016-05-24,1000-1300,DJ Stace,DJ Stace,PJ Harvey,Near the Memorial to Vietnam and Lincoln,The Hope Six Demolition Project,Vagrant Records,
2016-05-24,1000-1300,DJ Stace,DJ Stace,Stiff Little Fingers,Alternative Ulster,All The Best,One Way Records,
2016-05-24,1000-1300,DJ Stace,DJ Stace,Spoon,The Fitted Shirt,Girls Can Tell,Merge Records,
2016-05-24,1000-1300,DJ Stace,DJ Stace,Mr. Gnome,Follow,"Heart Of A Dark Star, The",El Marko Records,
2016-05-24,1000-1300,DJ Stace,DJ Stace,Mr. Gnome,No Place Like Home,"Heart Of A Dark Star, The",El Marko Records,
2016-05-24,1000-1300,DJ Stace,DJ Stace,Swans,Love Will Save You,White Light From The Mouth Of Infinity,Young God Records,
2016-05-24,1000-1300,DJ Stace,DJ Stace,Jeff Mangum,I Love How You Love Me,Orange Twin Records,Orange Twin,
2016-05-24,1000-1300,DJ Stace,DJ Stace,Vashti Bunyan,I Want To Be Alone,Some Things Just Stick In Your Mind: Singles And Demos 1964-1967,Dicristina Stair,
2016-05-24,1000-1300,DJ Stace,DJ Stace,Goat,Talk To God,Commune,Sub Pop Records,
2016-05-24,1000-1300,DJ Stace,DJ Stace,The Black Angels,Entrance Song,Phosphene Dream,Blue Horizon Records Inc.,
2016-05-24,1000-1300,DJ Stace,DJ Stace,Gang Of Youths,Poison Drum,"Positions, The",Sony Music,
2016-05-24,1000-1300,DJ Stace,DJ Stace,Adam and the Ants,Never Trust a Man(With Egg O,Dirk Wears White Sox,Epic Records (Modern),
2016-05-24,1000-1300,DJ Stace,DJ Stace,Parquet Courts,One Man No City,Human Performance,Rough Trade Records,
2016-05-24,1000-1300,DJ Stace,DJ Stace,Pinkshinyultrablast,Grandfeathered,Grandfeathered,Shellshock,
2016-05-24,1000-1300,DJ Stace,DJ Stace,Matt Sweeney & Bonnie Prince,My Home Is the Sea,Superwolf,Drag City,
2016-05-24,1000-1300,DJ Stace,DJ Stace,The Avett Brothers,If It's The Beaches,"Gleam, The",Ramseur Records,
2016-05-24,1000-1300,DJ Stace,DJ Stace,Fat White Family,When Shipman Decides,Songs For Our Mothers,Fat Possum Records,
2016-05-24,1000-1300,DJ Stace,DJ Stace,Guided By Voices,Bulldog Skin,"Best Of, the",Matador Records,
2016-05-24,1000-1300,DJ Stace,DJ Stace,Grifters,Tupelo Moan,One Sock Missing,Shangri-La Records,
2016-05-10,1000-1300,DJ Stace,DJ Stace,Kraftwerk,Techno Pop,Electric Cafe,Elektra/Asylum,
2016-05-10,1000-1300,DJ Stace,DJ Stace,Coil,Love's Secret Domain,Stolen and Contaminated Songs,World Serpent Dist.,
2016-05-10,1000-1300,DJ Stace,DJ Stace,Mr. Gnome,Mustangs,"Heart Of A Dark Star, The",El Marko Records,
2016-05-10,1000-1300,DJ Stace,DJ Stace,The Arcs,Put a Flower in Your Pocket,"Yours, Dreamily",Nonesuch,
2016-05-10,1000-1300,DJ Stace,DJ Stace,The Arcs,Lake Superior,Lake Superior,The Arcs,
2016-05-10,1000-1300,DJ Stace,DJ Stace,Tacocat,I Hate The Weekend (Clean Edit),Lost Time,Hardly Art,
2016-05-10,1000-1300,DJ Stace,DJ Stace,Spoon,The Underdog,Ga Ga Ga Ga Ga,Merge Records,
2016-05-10,1000-1300,DJ Stace,DJ Stace,Santigold,Chasing Shadows,99¢,Atlantic Records,
2016-05-10,1000-1300,DJ Stace,DJ Stace,Lnzndrf,Beneath The Black Sea,Lnzndrf,4AD,
2016-05-10,1000-1300,DJ Stace,DJ Stace,Nick Cave and the Bad Seeds,Jubilee Street,Push the Sky Away,Bad Seed Ltd.,
2016-05-10,1000-1300,DJ Stace,DJ Stace,Gary Numan & the Tubeway Army,Down in the Park,Replicas Redux,Atco,
2016-05-10,1000-1300,DJ Stace,DJ Stace,the Grifters,Spaced Out,Full Blown Possession,Sub Pop Records,
2016-05-10,1000-1300,DJ Stace,DJ Stace,Those Bastard Souls,Subterranean Death Ride Blue,Twentieth Century Chemical,Darla Records,
2016-05-10,1000-1300,DJ Stace,DJ Stace,Thao And The Get Down Stay Down,Nobody Dies,A Man Alive,Ribbon Music,
2016-05-10,1000-1300,DJ Stace,DJ Stace,Brant Bjork,Toot,Jalamanta,Man's Ruin Records,
2016-05-10,1000-1300,DJ Stace,DJ Stace,Iggy Pop,German Days,Post Pop Depression,Loma Vista,
2016-05-10,1000-1300,DJ Stace,DJ Stace,Unkle,Restless (feat. Joshe Homme),War Stories,Traffic Inc.,
2016-05-10,1000-1300,DJ Stace,DJ Stace,Queens Of The Stone Age,I Sat By The Ocean,...Like Clockwork,Matador Records,
2016-05-10,1000-1300,DJ Stace,DJ Stace,13th Floor Elevators,You're Gonna Miss Me,Absolutely The Best Of The 13th Floor Elevators,Fuel 2000,
2016-05-10,1000-1300,DJ Stace,DJ Stace,Skip James,Devil Got My Woman,Blues From The Delta,Vanguard Records,
2016-05-10,1000-1300,DJ Stace,DJ Stace,Matt Sweeney & Bonnie Prince,My Home Is the Sea,Superwolf,Drag City,
2016-05-10,1000-1300,DJ Stace,DJ Stace,M. Ward,Girl from Conejo Valley,Girl from Conejo Valley,Merge Records,
2016-05-10,1000-1300,DJ Stace,DJ Stace,Frightened Rabbit,Death Dream,Painting Of A Panic Attack,Atlantic Records,
2016-05-10,1000-1300,DJ Stace,DJ Stace,Tindersticks,How He Entered,"Waiting Room, The",City Slang,
2016-05-10,1000-1300,DJ Stace,DJ Stace,Devendra Banhart,Will Is My Friend,Rejoicing in the Hands,Young God Records,
2016-05-10,1000-1300,DJ Stace,DJ Stace,Daniel Johnston,True Love Will Find You In The End,Welcome To My World,Eternal Yip Eye Music,
2016-05-10,1000-1300,DJ Stace,DJ Stace,Andrew Bird,Roma Fade,Are You Serious,Loma Vista,
2016-05-10,1000-1300,DJ Stace,DJ Stace,Slaves,Are You Satisfied?,Are You Satisfied,Virgin EMI,
2016-05-10,1000-1300,DJ Stace,DJ Stace,David Bowie,Lazarus [Radio Edit],Blackstar,Columbia,
2016-05-10,1000-1300,DJ Stace,DJ Stace,Sturgill Simpson,In Bloom,A Sailor's Guide to Earth,Atlantic Records,
2016-05-10,1000-1300,DJ Stace,DJ Stace,Pj Harvey,We Float,"Stories From The City, Stories From The Sea",Island Records,
2016-05-10,1000-1300,DJ Stace,DJ Stace,The Dirtbombs,Ode To A Black Man,Ultraglide In Black,In the Red Records,
2016-05-10,1000-1300,DJ Stace,DJ Stace,The Sonics,Have Love Will Travel,Here Are The Sonics,Norton Records,
2016-05-10,1000-1300,DJ Stace,DJ Stace,Hanni El Khatib,Pay No Mind,Head in the Dirt,Innovative Leisure Records,
2016-05-10,1000-1300,DJ Stace,DJ Stace,Savages,Evil,Adore Life,Matador Records,
2016-05-10,1000-1300,DJ Stace,DJ Stace,Ben Millburn,Waste,Strange Love & Consequence,Sunglass Moustache,
2016-05-10,1000-1300,DJ Stace,DJ Stace,Guided By Voices,Teenage Fbi,Do the Collapse,Tvt Records,
2016-05-10,1000-1300,DJ Stace,DJ Stace,Scratch Acid,Greatest Gift,"Greatest Gift, The",Touch and Go,
2016-05-10,1000-1300,DJ Stace,DJ Stace,Devo,Gates Of Steel,Greatest Hits,Warner Bros. Records,
2016-05-10,1000-1300,DJ Stace,DJ Stace,The Black Angels,Manipulation,Passover,Light In The Attic Records,
2016-04-26,1000-1300,DJ Stace,DJ Stace,Buddy Guy,Baby Please Don't Leave Me,Sweet Tea,Silvertone Records Us,
2016-04-26,1000-1300,DJ Stace,DJ Stace,Elliott Smith,A Fond Farewell,From a Basement on the Hill,Anti-,
2016-04-26,1000-1300,DJ Stace,DJ Stace,Mule,To Love Somebody,I'm Hell,Stick Records,
2016-04-26,1000-1300,DJ Stace,DJ Stace,Diiv,Under The Sun,Is The Is Are,Captured Tracks,
2016-04-26,1000-1300,DJ Stace,DJ Stace,Prince,When Doves Cry,Purple Rain (Soundtrack),Warner Bros. Records,
2016-04-26,1000-1300,DJ Stace,DJ Stace,Iggy Pop,Break Into Your Heart,Post Pop Depression,Loma Vista,
2016-04-26,1000-1300,DJ Stace,DJ Stace,Zz Top,Just Got Paid,Rio Grande Mud,London Records,
2016-04-26,1000-1300,DJ Stace,DJ Stace,Queens Of The Stone Age,You're So Vague,Feel Good Hit Of The Summer,Interscope Records,
2016-04-26,1000-1300,DJ Stace,DJ Stace,Dr. John,(Everybody Wanna Get Rich) Rite Away,What It is! Funky Soul and Rare Grooves: 1967-1977,Rhino Records,
2016-04-26,1000-1300,DJ Stace,DJ Stace,Dr. John,Revolution,Locked Down,Nonesuch Records,
2016-04-26,1000-1300,DJ Stace,DJ Stace,Negativland,Special Edit Radio Mix,U2,Sst Records/New Alliance,
2016-04-26,1000-1300,DJ Stace,DJ Stace,Stiletto Feels,Rats On A Sinking Ship,"Big Fist, The",Gtz Records,
2016-04-26,1000-1300,DJ Stace,DJ Stace,Snakefinger,The Man in the Dark Sedan,Greener Postures,East Side Digital,
2016-04-26,1000-1300,DJ Stace,DJ Stace,The Fall,New Big Prinz,I am Curious Oranj,Beggars Banquet,
2016-04-26,1000-1300,DJ Stace,DJ Stace,Dr. Seuss,"You're a Mean One, Mr. Grinc","You're a Mean One, Mr. Grinch",Polygram Records (Modern),
2016-04-26,1000-1300,DJ Stace,DJ Stace,Ty Segall,Breakfast Eggs,Emotional Mugger,Drag City,
2016-04-26,1000-1300,DJ Stace,DJ Stace,Tacocat,I Hate The Weekend (Clean Edit),Lost Time,Hardly Art,
2016-04-26,1000-1300,DJ Stace,DJ Stace,the Wedding Present,Big Rat,Watusi,Island Records (World),
2016-04-26,1000-1300,DJ Stace,DJ Stace,the Wedding Present,Corduroy,Seamonsters,First Warning,
2016-04-26,1000-1300,DJ Stace,DJ Stace,Monster Magnet,Spine of God,Spine of God,(Unknown),
2016-04-26,1000-1300,DJ Stace,DJ Stace,Weezer,In the Garage,Weezer,Geffen Records,
2016-04-26,1000-1300,DJ Stace,DJ Stace,Fat White Family,Satisfied,Songs For Our Mothers,Fat Possum Records,
2016-04-26,1000-1300,DJ Stace,DJ Stace,Cat Power,The Greatest,"Greatest, The",Matador Records,
2016-04-26,1000-1300,DJ Stace,DJ Stace,Beck,Debra,Midnite Vultures,Geffen Records,
2016-04-26,1000-1300,DJ Stace,DJ Stace,Beck's Record Club,Never Tear Us Apart (INXS Cover),Kick,Beck's Record Club,
2016-04-26,1000-1300,DJ Stace,DJ Stace,Les Rita Mitsouko,C'est Comme Ca,Bestov Les Rita Mitsouko,Delabel,
2016-04-26,1000-1300,DJ Stace,DJ Stace,Mr. Gnome,Mustangs,"Heart Of A Dark Star, The",El Marko Records,
2016-04-26,1000-1300,DJ Stace,DJ Stace,The Arcs,Lake Superior,Lake Superior,The Arcs,
2016-04-26,1000-1300,DJ Stace,DJ Stace,The Arcs,Put a Flower in Your Pocket,"Yours, Dreamily",Nonesuch,
2016-04-26,1000-1300,DJ Stace,DJ Stace,Isaac Ahyes,Walk on By,Dead Presidents,Capitol Records (Jazz),
2016-04-26,1000-1300,DJ Stace,DJ Stace,Andrew Bird,Capsized,Are You Serious,Loma Vista,
2016-04-26,1000-1300,DJ Stace,DJ Stace,Sturgill Simpson,In Bloom,A Sailor's Guide to Earth,Atlantic Records,
2016-04-26,1000-1300,DJ Stace,DJ Stace,Leon Bridges,There She Goes,Coming Home,Columbia Records,
2016-04-26,1000-1300,DJ Stace,DJ Stace,Tindersticks,How He Entered,"Waiting Room, The",City Slang,
2016-04-26,1000-1300,DJ Stace,DJ Stace,Holy Wave,Western Playland,Freaks Of Nurture,Reverberation Appreciation Society,
2016-04-26,1000-1300,DJ Stace,DJ Stace,Valerie June,You Can't Be Told,Pushin' Against A Stone,Concord Records,
2016-04-26,1000-1300,DJ Stace,DJ Stace,Beirut,Perth,No No No,4AD,
2016-04-26,1000-1300,DJ Stace,DJ Stace,The Mynabirds,What We Gained In The Fire,What We Lose In The Fire We Gain In The Flood,Saddle Creek,
2016-04-26,1000-1300,DJ Stace,DJ Stace,The Black Angels,Better Off Alone,Passover,Light In The Attic Records,
2016-04-26,1000-1300,DJ Stace,DJ Stace,Prince,1999,1999,Warner Brothers (Modern),
2016-04-19,1000-1300,DJ Stace,DJ Stace,Johnny Cash,Personal Jesus,American 4: the Man Comes Arou,Lost Highway Records,
2016-04-19,1000-1300,DJ Stace,DJ Stace,B.B. and Group,Old Alabama,Prison Songs Vol. 1,Rounder Records,
2016-04-19,1000-1300,DJ Stace,DJ Stace,Ralph Stanley,O Death,O Brother Where Art Thou,Mercury Records,
2016-04-19,1000-1300,DJ Stace,DJ Stace,Son House,John the Revelator,Martin Scorsese Presents,Columbia,
2016-04-19,1000-1300,DJ Stace,DJ Stace,Andrew Bird,Roma Fade,Are You Serious,Loma Vista,
2016-04-19,1000-1300,DJ Stace,DJ Stace,Squirrel Nut Zippers,Lover's Lane,"Inevitable, the",Mammoth Records,
2016-04-19,1000-1300,DJ Stace,DJ Stace,"Weiss, Chuck E.",Devil with Blue Suede Shoes,Extremely Cool,Rykodisc,
2016-04-19,1000-1300,DJ Stace,DJ Stace,13th Floor Elevators,You're Gonna Miss Me,Absolutely The Best Of The 13th Floor Elevators,Fuel 2000,
2016-04-19,1000-1300,DJ Stace,DJ Stace,The Arcs,Put a Flower in Your Pocket,"Yours, Dreamily",Nonesuch,
2016-04-19,1000-1300,DJ Stace,DJ Stace,The Arcs,Lake Superior,Lake Superior,The Arcs,
2016-04-19,1000-1300,DJ Stace,DJ Stace,Dan Auerback,My Last Mistake,Keep It Hid,Nonesuch Records,
2016-04-19,1000-1300,DJ Stace,DJ Stace,Hanni El Khatib,Pay No Mind,Head in the Dirt,Innovative Leisure Records,
2016-04-19,1000-1300,DJ Stace,DJ Stace,Tindersticks,Hey Lucinda (Feat. Lhasa De Sela),"Waiting Room, The",City Slang,
2016-04-19,1000-1300,DJ Stace,DJ Stace,Lhasa,De Cara a La Pared,La Llorna,Atlantic Records (Modern),
2016-04-19,1000-1300,DJ Stace,DJ Stace,Tindersticks,My Sister,Tindersticks,Polygram Records (Modern),
2016-04-19,1000-1300,DJ Stace,DJ Stace,Cocteau Twins,Ivo,Treasure,(Unknown),
2016-04-19,1000-1300,DJ Stace,DJ Stace,Yaz,Midnight,Upstairs at Eric's,Sire,
2016-04-19,1000-1300,DJ Stace,DJ Stace,Shearwater,Only Child,Jet Plane And Oxbow,Sub Pop Records,
2016-04-19,1000-1300,DJ Stace,DJ Stace,Damien Jurado,Go First,Caught in the Trees,Secretly Canadian,
2016-04-19,1000-1300,DJ Stace,DJ Stace,R.E.M.,What If We Give It Away?,Lifes Rich Pageant,I.R.S. Records,
2016-04-19,1000-1300,DJ Stace,DJ Stace,Old 97'S,Big Brown Eyes,Wreck Your Life,Bloodshot Records,
2016-04-19,1000-1300,DJ Stace,DJ Stace,Old 97'S,The Other Shoe,Wreck Your Life,Bloodshot Records,
2016-04-19,1000-1300,DJ Stace,DJ Stace,"Bare, Bobby Jr.",Swollen But Not The Same,A Storm - A Tree - My Mother's Head,Thirty Tigers,
2016-04-19,1000-1300,DJ Stace,DJ Stace,David Bowie,Lazarus,Blackstar,Columbia,
2016-04-19,1000-1300,DJ Stace,DJ Stace,David Bowie,Space Oddity,Sound + Vision I,Rykodisc,
2016-04-19,1000-1300,DJ Stace,DJ Stace,The Stooges,No Fun,"Stooges, The", Uncrowned City,
2016-04-19,1000-1300,DJ Stace,DJ Stace,Iggy Pop,Break Into Your Heart,Post Pop Depression,Loma Vista Recordings,
2016-04-19,1000-1300,DJ Stace,DJ Stace,Queens Of The Stone Age,Never Say Never,Feel Good Hit Of The Summer,Interscope Records,
2016-04-19,1000-1300,DJ Stace,DJ Stace,Mr. Gnome,Mustangs,"Heart Of A Dark Star, The",El Marko Records,
2016-04-19,1000-1300,DJ Stace,DJ Stace,Thao And The Get Down Stay Downs,Slash/Burn,A Man Alive,Ribbon Music,
2016-04-19,1000-1300,DJ Stace,DJ Stace,Sleigh Bells,Rill Rill,Treats,Mom + Pop,
2016-04-19,1000-1300,DJ Stace,DJ Stace,Slaves,Are You Satisfied?,Are You Satisfied,Virgin EMI,
2016-04-19,1000-1300,DJ Stace,DJ Stace,The Dirtbombs,Ode To A Black Man,Ultraglide In Black,In the Red Records,
2016-04-19,1000-1300,DJ Stace,DJ Stace,Shopping,Wind Up,Why Choose,Fatcat Records,
2016-04-19,1000-1300,DJ Stace,DJ Stace,the Faith Healers,Hippy Hole,Lido,Elektra Records (Local),
2016-04-19,1000-1300,DJ Stace,DJ Stace,Honeymoon Killers,Kansas City Milkman,Hung Far Low,Cargo Records,
2016-04-19,1000-1300,DJ Stace,DJ Stace,"Spencer, Jon Blues Explosion",Afro,Extra Width,Matador Records,
2016-04-19,1000-1300,DJ Stace,DJ Stace,Beirut,No No No,No No No,4AD,
2016-04-19,1000-1300,DJ Stace,DJ Stace,Spoon,Lines In The Suit,Girls Can Tell,Merge Records,
2016-04-19,1000-1300,DJ Stace,DJ Stace,Spoon,I Turn My Camera on,Gimme Fiction,Merge Records,
2016-04-19,1000-1300,DJ Stace,DJ Stace,Squeeze,Tempted,Singles,A & M Records,
2016-04-19,1000-1300,DJ Stace,DJ Stace,Tortoise,The Clearing Fills,"Catastrophist, The",Thrill Jockey Records,
2016-04-19,1000-1300,DJ Stace,DJ Stace,Arcade Fire,My Body Is A Cage,Neon Bible,Merge Records,
2016-04-19,1000-1300,DJ Stace,DJ Stace,The Velvet Underground And Nico,Venus In Furs,"Velvet Underground And Nico, The",Polygram Records (Modern),
2016-04-19,1000-1300,DJ Stace,DJ Stace,The Black Angels,Young Men Dead,Passover,Light In The Attic Records,
2016-04-05,1000-1300,DJ Stace,DJ Stace,Bob Dylan,Like A Rolling Stone - Take 5 (6/15/1965),"Cutting Edge: 1965-1966 [The Bootleg Series, Vol. 12 Sampler], The",Columbia Records,
2016-04-05,1000-1300,DJ Stace,DJ Stace,Mr. Gnome,Mustangs,"Heart Of A Dark Star, The",El Marko Records,
2016-04-05,1000-1300,DJ Stace,DJ Stace,Coil,Windowpane,Love's Secret Domain,!K7 Records,
2016-04-05,1000-1300,DJ Stace,DJ Stace,Aphex Twin,Windowlicker,Windowlicker,Warp Records,
2016-04-05,1000-1300,DJ Stace,DJ Stace,Psychic TV,Good Vibrations,Godstar: Thee Director's Cut,Temple Records,
2016-04-05,1000-1300,DJ Stace,DJ Stace,The Beach Boys,God Only Knows,Pet Sounds,Capitol Records (Jazz),
2016-04-05,1000-1300,DJ Stace,DJ Stace,Ty Segall,Breakfast Eggs,Emotional Mugger,Drag City,
2016-04-05,1000-1300,DJ Stace,DJ Stace,the Grifters,Spaced Out,Full Blown Possession,Sub Pop Records,
2016-04-05,1000-1300,DJ Stace,DJ Stace,The Arcs,Stay In My Corner,"Yours, Dreamily",Nonesuch,
2016-04-05,1000-1300,DJ Stace,DJ Stace,The Arcs,Lake Superior,Lake Superior,The Arcs,
2016-04-05,1000-1300,DJ Stace,DJ Stace,Devo,Gates Of Steel,Greatest Hits,Warner Bros. Records,
2016-04-05,1000-1300,DJ Stace,DJ Stace,Laurie Anderson,O Superman,Big Science,Warner Bros. Records,
2016-04-05,1000-1300,DJ Stace,DJ Stace,El Vy,No Time To Crank The Sun,Return To The Moon,4AD,
2016-04-05,1000-1300,DJ Stace,DJ Stace,Tindersticks,Hey Lucinda (Feat. Lhasa De Sela),"Waiting Room, The",City Slang,
2016-04-05,1000-1300,DJ Stace,DJ Stace,Lhasa,De Cara a La Pared,La Llorna,Atlantic Records (Modern),
2016-04-05,1000-1300,DJ Stace,DJ Stace,Latin Playboys,Manifold De Amour,Latin Playboys,Slash Records,
2016-04-05,1000-1300,DJ Stace,DJ Stace,Beirut,Perth,No No No,4AD,
2016-04-05,1000-1300,DJ Stace,DJ Stace,The Clash,Straight to Hell,"Essential, The",Epic Records,
2016-04-05,1000-1300,DJ Stace,DJ Stace,Suicide,Rocket USA,Suicide,Red Star Records,
2016-04-05,1000-1300,DJ Stace,DJ Stace,Savages,Sad Person,Adore Life,Matador Records,
2016-04-05,1000-1300,DJ Stace,DJ Stace,Killing Joke,Eighties,Night Time,E.G. Records,
2016-04-05,1000-1300,DJ Stace,DJ Stace,The Strokes,Last Night,"Strokes, The",Bmg Music,
2016-04-05,1000-1300,DJ Stace,DJ Stace,Pixx,Deplore,Fall In,4AD,
2016-04-05,1000-1300,DJ Stace,DJ Stace,Guided By Voices,Bulldog Skin,Mag Earwhig!,Matador Records,
2016-04-05,1000-1300,DJ Stace,DJ Stace,Givers,Shaky But True,New Kingdom,Glassnote,
2016-04-05,1000-1300,DJ Stace,DJ Stace,the Flaming Lips,Psychiatric Explorations of,Clouds Taste Metallic,Warner Brothers (Modern),
2016-04-05,1000-1300,DJ Stace,DJ Stace,Gentle Giant,Knots,Octopus,Vertigo Records,
2016-04-05,1000-1300,DJ Stace,DJ Stace,The Black Angels,Manipulation,"Black Angels, The",Light In The Attic Records,
2016-04-05,1000-1300,DJ Stace,DJ Stace,Ringo Deathstarr,Heavy Metal Suicide,Pure Mood,Reverberation Appreciation Society,
2016-04-05,1000-1300,DJ Stace,DJ Stace,the Hair & Skin Trading Co.,The Final Nail,Jo in Nine G Hell,Beggars Banquet,
2016-04-05,1000-1300,DJ Stace,DJ Stace,Havenaire,Drone 1,Tremolo,Constellation Tatsu,
2016-04-05,1000-1300,DJ Stace,DJ Stace,[coll]: Junun,Junun,Junun,Warner Music Canada,
2016-04-05,1000-1300,DJ Stace,DJ Stace,Radiohead,Everything in Its Right Plac,Kid a,Capitol Records Inc.,
2016-04-05,1000-1300,DJ Stace,DJ Stace,"Lee Harvey Oswald,The",Surrender Earthlings,Blastronaut,Touch and Go,
2016-04-05,1000-1300,DJ Stace,DJ Stace,David Bowie,Rebel Rebel [Rare Single Version],Sound + Vision Ii,Rykodisc,
2016-04-05,1000-1300,DJ Stace,DJ Stace,UNKLE,Restless (feat. Joshe Homme),War Stories,Traffic Inc.,
2016-04-05,1000-1300,DJ Stace,DJ Stace,Spoon,Lines In The Suit,Girls Can Tell,Merge Records,
2016-04-05,1000-1300,DJ Stace,DJ Stace,Beastie Boys,Groove Holmes,"In Sound From Way Out!, The",Capitol Records,
2016-03-29,1000-1300,DJ Stace,DJ Stace,Buddy Guy,Baby Please Don't Leave Me,Sweet Tea,Silvertone Records Us,
2016-03-29,1000-1300,DJ Stace,DJ Stace,Melvins,A History of Bad Men,(A) Senile Animal,Hydra Head Records,
2016-03-29,1000-1300,DJ Stace,DJ Stace,Fu Manchu,Laserbl'ast!,"Action Is Go, the",Mammoth Records,
2016-03-29,1000-1300,DJ Stace,DJ Stace,Father John Misty,Hollywood Forever Cemetery Sings,Fear Fun,Sub Pop Records,
2016-03-29,1000-1300,DJ Stace,DJ Stace,Animal Collective,Lying In The Grass,Painting With,Domino Recording Company,
2016-03-29,1000-1300,DJ Stace,DJ Stace,Latin Playboys,Manifold De Amour,Latin Playboys,Slash Records,
2016-03-29,1000-1300,DJ Stace,DJ Stace,Sturgill Simpson,In Bloom,A Sailor's Guide to Earth,Atlantic Records,
2016-03-29,1000-1300,DJ Stace,DJ Stace,Nirvana,Where Did You Sleep Last Nig,Unplugged in New York,Geffen Records,
2016-03-29,1000-1300,DJ Stace,DJ Stace,Jane's Addiction,Jane Says,Jane's Addiction,Triple X Records,
2016-03-29,1000-1300,DJ Stace,DJ Stace,Built To Spill,Wherever You Go,You In Reverse,Warner Brothers (Modern),
2016-03-29,1000-1300,DJ Stace,DJ Stace,Frank Black,Los Angeles,Frank Black,4AD,
2016-03-29,1000-1300,DJ Stace,DJ Stace,Willie Nelson,I'm a Memory,One Hell of a Ride,Columbia,
2016-03-29,1000-1300,DJ Stace,DJ Stace,Death Cab For Cutie,I Will Follow You Into The Dark,Plans,Atlantic Records (Modern),
2016-03-29,1000-1300,DJ Stace,DJ Stace,Eagles of Death Metal,Now I'm a Fool,Heart On,Ipecac Records,
2016-03-29,1000-1300,DJ Stace,DJ Stace,Beirut,August Holland,No No No,4AD,
2016-03-29,1000-1300,DJ Stace,DJ Stace,Spoon,I Turn My Camera on,Gimme Fiction,Merge Records,
2016-03-29,1000-1300,DJ Stace,DJ Stace,Eleanor Friedberger,He Didn't Mention His Mother,New View,Frenchkiss Records,
2016-03-29,1000-1300,DJ Stace,DJ Stace,Mr. Gnome,Mustangs,The Heart of a Dark Star,El Marko,
2016-03-29,1000-1300,DJ Stace,DJ Stace,Portishead,Sour Times,Dummy,Polygram Records (Local),
2016-03-29,1000-1300,DJ Stace,DJ Stace,Siouxsie & The Banshees,Peek-A-Boo,Twice Upon a Time/The Singles,Geffen Records,
2016-03-29,1000-1300,DJ Stace,DJ Stace,Front 242,Headhunter,Reboot,Metropolis Records,
2016-03-29,1000-1300,DJ Stace,DJ Stace,Kraftwerk,Tour De France (French Version),Tour De France (Single),Warner Bros. Records,
2016-03-29,1000-1300,DJ Stace,DJ Stace,Skinny Puppy,Dig It,Mind: The Perpetual Intercourse,Nettwerk Records,
2016-03-29,1000-1300,DJ Stace,DJ Stace,Wugazi,Sleep Rules Everything Around Me,13 Chambers,unknown,
2016-03-29,1000-1300,DJ Stace,DJ Stace,Fugazi,Waiting Room,13 Songs,Dischord Records,
2016-03-29,1000-1300,DJ Stace,DJ Stace,Bob Mould,Voices in my head,Patch The Sky,Merge Records,
2016-03-29,1000-1300,DJ Stace,DJ Stace,Bob Mould,Sacrifice/Let there Be Peace,Black Sheets O' Rain,(Unknown),
2016-03-29,1000-1300,DJ Stace,DJ Stace,El Vy,No Time To Crank The Sun,Return To The Moon,4AD,
2016-03-29,1000-1300,DJ Stace,DJ Stace,the Mountain Goats,Up the Wolves,"Sunset Tree, the",4AD,
2016-03-29,1000-1300,DJ Stace,DJ Stace,Johnny Cash,Mercy Seat,American Recordings III,Columbia,
2016-03-29,1000-1300,DJ Stace,DJ Stace,Nick Cave & The Bad Seeds,The Ship Song,"Best Of, The",Reprise Records (Modern),
2016-03-29,1000-1300,DJ Stace,DJ Stace,13TH Floor Elevators,Livin on,Bull of the Woods,Charly Records Ltd.,
2016-03-29,1000-1300,DJ Stace,DJ Stace,13th Floor Elevators,You're Gonna Miss Me,"Psychedelic Sounds Of 13th, The",Charly Records Ltd.,
2016-03-29,1000-1300,DJ Stace,DJ Stace,The Black Angels,You On The Run,Directions To See A Ghost,Light In The Attic Records,
2016-03-29,1000-1300,DJ Stace,DJ Stace,The Black Keys,Meet Me In The City,Chulahoma,Fat Possum Records,
2016-03-29,1000-1300,DJ Stace,DJ Stace,Dan Auerback,"Heartbroken, In Disrepair",Keep It Hid,Nonesuch Records,
2016-03-29,1000-1300,DJ Stace,DJ Stace,The Arcs,Lake Superior,Lake Superior,The Arcs,
2016-03-29,1000-1300,DJ Stace,DJ Stace,Diiv,Under The Sun,Is The Is Are,Captured Tracks,
2016-03-29,1000-1300,DJ Stace,DJ Stace,the Brian Jonestown Massacre,If Love Is the Drug,Tepid Peppermint Wonderland,Tee Pee Records,
2016-03-29,1000-1300,DJ Stace,DJ Stace,Gallon Drunk,Jake on the Make,From the Heart of Town,Sire Records (Modern),
2016-03-29,1000-1300,DJ Stace,DJ Stace,Television,Friction,Marquee Moon,Elektra Records (West Coast),
2016-03-22,1000-1300,DJ Stace,DJ Stace,James Hunter,(Baby) Hold On,Hold On,Daptone Records,
2016-03-22,1000-1300,DJ Stace,DJ Stace,Willie Nelson,Whiskey River,Willie and Family Live,Columbia Legacy,
2016-03-22,1000-1300,DJ Stace,DJ Stace,Moon Taxi,Year Zero,Daybreaker,12th South Records,
2016-03-22,1000-1300,DJ Stace,DJ Stace,The Detroit Cobras,Hey Sailor,"Life, Love and Leaving",Bluegrass Ahead,
2016-03-22,1000-1300,DJ Stace,DJ Stace,The London Souls,Honey,Here Come The Girls,"Feel Music, Inc.",
2016-03-22,1000-1300,DJ Stace,DJ Stace,Bob Dylan,Absolutely Sweet Marie - Take 1 (3/8/1966),"Cutting Edge: 1965-1966 [The Bootleg Series, Vol. 12 Sampler], The",Columbia Records,
2016-03-22,1000-1300,DJ Stace,DJ Stace,The Hives,Here We Go Again,Your New Favorite Band,Poptones,
2016-03-22,1000-1300,DJ Stace,DJ Stace,The Tallest Man On Earth,King Of Spain,"Wild Hunt, The",Dead Oceans,
2016-03-22,1000-1300,DJ Stace,DJ Stace,Animal Collective,Bagels In Kiev,Painting With,Domino Recording Company,
2016-03-22,1000-1300,DJ Stace,DJ Stace,Damien Jurado,Go First,Caught in the Trees,Secretly Canadian,
2016-03-22,1000-1300,DJ Stace,DJ Stace,the Smashing Pumpkins,Bullet with Butterfly Wings,Mellon Collie And The Infinite Sadness,Virgin Records (Modern),
2016-03-22,1000-1300,DJ Stace,DJ Stace,Diiv,Dopamine,Is The Is Are,Captured Tracks,
2016-03-22,1000-1300,DJ Stace,DJ Stace,Swervedriver,Rave Down,Rave Down,(Unknown),
2016-03-22,1000-1300,DJ Stace,DJ Stace,Bad Brains,I Against I,Omega Sessions,Victory Records (Hardcore),
2016-03-22,1000-1300,DJ Stace,DJ Stace,The Arcs,Lake Superior,Lake Superior,The Arcs,
2016-03-22,1000-1300,DJ Stace,DJ Stace,Dan Auerback,Trouble Weighs A Ton,Keep It Hid,Nonesuch Records,
2016-03-22,1000-1300,DJ Stace,DJ Stace,Computer Magic,Be Fair,Davos,Channel 9 Records,
2016-03-22,1000-1300,DJ Stace,DJ Stace,Mr. Gnome,Winter,Madness In Miniature,El Marko Records,
2016-03-22,1000-1300,DJ Stace,DJ Stace,The Avett Brothers,If It's The Beaches,"Gleam, The",Ramseur Records,
2016-03-22,1000-1300,DJ Stace,DJ Stace,Alabama Shakes,Dunes,Sound & Color,Ato Records,
2016-03-22,1000-1300,DJ Stace,DJ Stace,360'S,Dead 1970,Supernatural,Link Records,
2016-03-22,1000-1300,DJ Stace,DJ Stace,the Brian Jonestown Massacre,All Around You,Tepid Peppermint Wonderland,Tee Pee Records,
2016-03-22,1000-1300,DJ Stace,DJ Stace,The Specials,A Message To You Rudy,"Specials, The",Chrysalis Music Group,
2016-03-22,1000-1300,DJ Stace,DJ Stace,The Buzzcocks,Ever Fallen In Love?,Singles Going Steady,I.R.S. Records,
2016-03-22,1000-1300,DJ Stace,DJ Stace,"Bare, Bobby Jr.",Rock And Roll Halloween,A Storm - A Tree - My Mother's Head,Thirty Tigers,
2016-03-22,1000-1300,DJ Stace,DJ Stace,Helvetia,Bermuda,Dromomanio,Joyful Noise,
2016-03-22,1000-1300,DJ Stace,DJ Stace,Those Bastard Souls,Subterranean Death Ride Blue,Twentieth Century Chemical,Darla Records,
2016-03-22,1000-1300,DJ Stace,DJ Stace,The Bellrays,Tell The Lie,Have A Little Faith,Cheap Lullaby Records,
2016-03-22,1000-1300,DJ Stace,DJ Stace,Stepping Stones,Johnny Harris,What It is! Funky Soul and Rare Grooves: 1967-1977,Rhino Records,
2016-03-22,1000-1300,DJ Stace,DJ Stace,The National,Fake Empire,Boxer,Beggars Banquet,
2016-03-22,1000-1300,DJ Stace,DJ Stace,El Vy,No Time To Crank The Sun,Return To The Moon,4AD,
2016-03-22,1000-1300,DJ Stace,DJ Stace,Nick Cave & The Bad Seeds,The Good Son,"Good Son, The",Mute Records Ltd,
2016-03-22,1000-1300,DJ Stace,DJ Stace,Gallon Drunk,Arlington Road,From the Heart of Town,Sire Records (Modern),
2016-03-22,1000-1300,DJ Stace,DJ Stace,The Black Angels,Better Off Alone,Passover,Light In The Attic Records,
2016-03-22,1000-1300,DJ Stace,DJ Stace,the Fall,Big New Prinz,"Twenty-Seven Points, the",Permanent,
2016-03-22,1000-1300,DJ Stace,DJ Stace,Snakefinger,The Man in the Dark Sedan,Greener Postures,East Side Digital,
2016-03-22,1000-1300,DJ Stace,DJ Stace,New Model Army,The Charge,Thunder and Consolation,EMI,
2016-03-22,1000-1300,DJ Stace,DJ Stace,Hinds,Chili Town,Leave Me Alone,Mom + Pop,
2016-03-22,1000-1300,DJ Stace,DJ Stace,Beirut,August Holland,No No No,4AD,
2016-03-22,1000-1300,DJ Stace,DJ Stace,Radiohead,You And Whose Army?,Amnesiac,Emi Records,
2016-03-22,1000-1300,DJ Stace,DJ Stace,Dinosaur Jr,Thumb,Green Mind,Sire Records,
2016-03-22,1000-1300,DJ Stace,DJ Stace,Barkmarket,The Patsy,Vegas Throat,Def American (Metal),
2016-03-22,1000-1300,DJ Stace,DJ Stace,Guided By Voices,Tractor Rape Chain,Bee Thousand,Matador Records,
2016-03-22,1000-1300,DJ Stace,DJ Stace,Julien Baker,Blacktop,Sprained Ankle,6131,
2016-03-22,1000-1300,DJ Stace,DJ Stace,Iron & Wine,"Sodom, South Georgia",Our Endless Numbered Days,Sub Pop Records,
2016-03-22,1000-1300,DJ Stace,DJ Stace,The Velvet Underground,Sweet Jane,"Best Of The Velvet Underground (Words And Music Of Lou Reed) , The",Verve Records/Polygram Records,
2016-03-22,1000-1300,DJ Stace,DJ Stace,Buddy Guy,Baby Please Don't Leave Me,Sweet Tea,Silvertone Records Us,
2016-03-15,1000-1300,DJ Stace,DJ Stace,Mr. Gnome,Follow,The Heart of a Dark Star,El Marko,
2016-03-15,1000-1300,DJ Stace,DJ Stace,Mr. Gnome,No Place Like Home,The Heart of a Dark Star,El Marko,
2016-03-15,1000-1300,DJ Stace,DJ Stace,Swans,Love Will Save You,White Light From The Mouth Of Infinity,Young God Records,
2016-03-15,1000-1300,DJ Stace,DJ Stace,Bauhaus,Kick In The Eye,Singles: 1979-1983 Volume Two,Beggars Banquet,
2016-03-15,1000-1300,DJ Stace,DJ Stace,Love And Rockets,Seventh Dream Of Teenage Heaven,Seventh Dream Of Teenage Heaven,Beggars Banquet,
2016-03-15,1000-1300,DJ Stace,DJ Stace,Diiv,Dopamine,Is The Is Are,Captured Tracks,
2016-03-15,1000-1300,DJ Stace,DJ Stace,Miwa Gemini,Pieces,This Is How I Found You,Addictive Records,
2016-03-15,1000-1300,DJ Stace,DJ Stace,the Shins,New Slang,"Oh, Inverted World",Sub Pop Records,
2016-03-15,1000-1300,DJ Stace,DJ Stace,Choir of Young Beleivers,Sedated,Rhine Gold,Ghostly International,
2016-03-15,1000-1300,DJ Stace,DJ Stace,Skinny Puppy,Love,Mind: The Perpetual Intercourse,Nettwerk Records,
2016-03-15,1000-1300,DJ Stace,DJ Stace,Car Seat Headrest,Something Soon,Teens Of Style,Matador Records,
2016-03-15,1000-1300,DJ Stace,DJ Stace,The Stooges,No Fun,"Stooges, The", Uncrowned City,
2016-03-15,1000-1300,DJ Stace,DJ Stace,Queens Of The Stone Age,I Sat By The Ocean,...Like Clockwork,Matador Records,
2016-03-15,1000-1300,DJ Stace,DJ Stace,The Desert Sessions,Teens Of Thailand,Volume 5/6,Man's Ruin Records,
2016-03-15,1000-1300,DJ Stace,DJ Stace,the Hair & Skin Trading Co.,The Final Nail,Jo in Nine G Hell,Beggars Banquet,
2016-03-15,1000-1300,DJ Stace,DJ Stace,Loop,Breathe Into Me,A Gilded Eternity,Beggars Banquet,
2016-03-15,1000-1300,DJ Stace,DJ Stace,Stiff Little Fingers,Alternative Ulster,All The Best,One Way Records,
2016-03-15,1000-1300,DJ Stace,DJ Stace,Reo Speedealer,Nothing to Me,Reo Speedealer,Royalty Records,
2016-03-15,1000-1300,DJ Stace,DJ Stace,Deerhunter,Snakeskin,Fading Frontier,Matador Records,
2016-03-15,1000-1300,DJ Stace,DJ Stace,R.E.M.,(Don't Go Back To) Rockville,Reckoning,I.R.S. Records,
2016-03-15,1000-1300,DJ Stace,DJ Stace,R.E.M.,Swan Swan H,Lifes Rich Pageant,I.R.S. Records,
2016-03-15,1000-1300,DJ Stace,DJ Stace,the Grifters,Spaced Out,Full Blown Possession,Sub Pop Records,
2016-03-15,1000-1300,DJ Stace,DJ Stace,Ringo Deathstarr,Heavy Metal Suicide,Pure Mood,Reverberation Appreciation Society,
2016-03-15,1000-1300,DJ Stace,DJ Stace,Earthlings?,Stungun,Earthlings?, Crippled Dick Hot Wax!,
2016-03-15,1000-1300,DJ Stace,DJ Stace,Screaming Trees,Butterfly,Sweet Oblivion,Epic Records (Modern),
2016-03-15,1000-1300,DJ Stace,DJ Stace,Brutal Juice,Nationwide,Mutilation Makes Identificatio,Interscope Records (Metal),
2016-03-15,1000-1300,DJ Stace,DJ Stace,The Black Keys,Oceans And Streams,Attack & Release,Nonesuch Records,
2016-03-15,1000-1300,DJ Stace,DJ Stace,The Arcs,Lake Superior,Lake Superior,The Arcs,
2016-03-15,1000-1300,DJ Stace,DJ Stace,Beirut,August Holland,No No No,4AD,
2016-03-15,1000-1300,DJ Stace,DJ Stace,Fad Gadget,Back to Nature,Fad Gadet by Frank Tovey,Mute Records,
2016-03-15,1000-1300,DJ Stace,DJ Stace,Animal Collective,Lying In The Grass,Painting With,Domino Recording Company,
2016-03-15,1000-1300,DJ Stace,DJ Stace,Siouxsie & The Banshees,Cities In Dust,Tinderbox,Geffen Records,
2016-03-15,1000-1300,DJ Stace,DJ Stace,the Wedding Present,Big Rat,Watusi,Island Records (World),
2016-03-15,1000-1300,DJ Stace,DJ Stace,Spoon,Lines In The Suit,Girls Can Tell,Merge Records,
2016-03-15,1000-1300,DJ Stace,DJ Stace,Sonic Youth,Dirty Boots,Goo,Dgc,
2016-03-15,1000-1300,DJ Stace,DJ Stace,Guided By Voices,Cheyenne,Universal Truths and Cycles,Matador Records,
2016-03-15,1000-1300,DJ Stace,DJ Stace,Robert Pollard,My Daughter Yes She Knows,Of Course You Are,Fire Records,
2016-03-15,1000-1300,DJ Stace,DJ Stace,Ty Segall,Candy Sam,Emotional Mugger,Drag City,
2016-03-15,1000-1300,DJ Stace,DJ Stace,Unkle,Restless (feat. Joshe Homme),War Stories,Traffic Inc.,
2016-03-15,1000-1300,DJ Stace,DJ Stace,Ministry,Hizbollah,"Land of Rape and Honey, the",Sire Records (Modern),
2016-03-15,1000-1300,DJ Stace,DJ Stace,T Rex,20Th Century Boy,Cd Sampler of Essential Coll.,(Unknown),
2016-03-15,1000-1300,DJ Stace,DJ Stace,The Dirtbombs,Ode To A Black Man,Ultraglide In Black,In the Red Records,
2016-03-15,1000-1300,DJ Stace,DJ Stace,"Spencer, Jon Blues Explosion",Ole Man Trouble,Mo' Width,Au Go Go,
2016-03-08,1000-1300,DJ Stace,DJ Stace,Fu Manchu,Trackside Hoax,"Action Is Go, the",Mammoth Records,
2016-03-08,1000-1300,DJ Stace,DJ Stace,Ween,Push Th' Little Daisies (Shi,Push Th' Little Daisies,Elektra Records (Local),
2016-03-08,1000-1300,DJ Stace,DJ Stace,Devo,Girl U Want,Greatest Hits,Warner Bros. Records,
2016-03-08,1000-1300,DJ Stace,DJ Stace,the Faith Healers,Hippy Hole,Lido,Elektra Records (Local),
2016-03-08,1000-1300,DJ Stace,DJ Stace,The The,"Sweet Bird of Truth (12"")",45 RPM The Singles of The The,Epic,
2016-03-08,1000-1300,DJ Stace,DJ Stace,The The,This Is The Day,Soul Mining,Epic Records,
2016-03-08,1000-1300,DJ Stace,DJ Stace,Massive Attack,Paradise Circus,Heligoland,Virgin Records (Modern),
2016-03-08,1000-1300,DJ Stace,DJ Stace,Tricky,Ghetto Youth,Pre-Millennium Tension,Island Records (Modern),
2016-03-08,1000-1300,DJ Stace,DJ Stace,Avett Brothers,I and Love and You,I and Love and You,Capital,
2016-03-08,1000-1300,DJ Stace,DJ Stace,The Dirtbombs,I Started a Joke,If You Don't Already Have a Look,In the Red,
2016-03-08,1000-1300,DJ Stace,DJ Stace,The Dirtbombs,Underdog,Ultraglide In Black,In the Red Records,
2016-03-08,1000-1300,DJ Stace,DJ Stace,The Arcs,Lake Superior,Lake Superior,The Arcs,
2016-03-08,1000-1300,DJ Stace,DJ Stace,The Black Keys,Little Black Submarines,El Camino,Nonesuch Records,
2016-03-08,1000-1300,DJ Stace,DJ Stace,Deerhunter,Snakeskin,Fading Frontier,Matador Records,
2016-03-08,1000-1300,DJ Stace,DJ Stace,Avaberée,Can't Get You Off My Mind,In Your Arms I Found My Secrets,Other People Records,
2016-03-08,1000-1300,DJ Stace,DJ Stace,M. Ward,Girl from Conejo Valley,Girl from Conejo Valley,Merge,
2016-03-08,1000-1300,DJ Stace,DJ Stace,Those Bastard Souls,The Train From Terminal Bore,Twentieth Century Chemical,Darla Records,
2016-03-08,1000-1300,DJ Stace,DJ Stace,the Grifters,Boho/Alt,Ain't My Lookout,Sub Pop Records,
2016-03-08,1000-1300,DJ Stace,DJ Stace,Queens Of The Stone Age,Who'll Be The Next In Line,Feel Good Hit Of The Summer,Interscope Records,
2016-03-08,1000-1300,DJ Stace,DJ Stace,Hanni el Khatib,Pay No Mind,Head In the Dirt,Innovative Leisure Records,
2016-03-08,1000-1300,DJ Stace,DJ Stace,Hanni El Khatib,Come Alive,Will The Guns Come Out,Innovative Leisure Records,
2016-03-08,1000-1300,DJ Stace,DJ Stace,The Tallest Man On Earth,King Of Spain,"Wild Hunt, The",Dead Oceans,
2016-03-08,1000-1300,DJ Stace,DJ Stace,Cage the Elephant,Take It Or Leave It,Melophobia,Virgin EMI Records,
2016-03-08,1000-1300,DJ Stace,DJ Stace,Latin Playboys,Lemon 'n Ice,Dose,Atlantic Records (Modern),
2016-03-08,1000-1300,DJ Stace,DJ Stace,Julien Baker,Blacktop,Sprained Ankle,6131,
2016-03-08,1000-1300,DJ Stace,DJ Stace,Cat Power,Cross Bones Style,Moon Pix,Matador Records,
2016-03-08,1000-1300,DJ Stace,DJ Stace,Jolie Holland,Amen,Escondida,Anti-,
2016-03-08,1000-1300,DJ Stace,DJ Stace,Animal Collective,Vertical,Painting With,Domino Recording Company,
2016-03-08,1000-1300,DJ Stace,DJ Stace,the Wedding Present,Corduroy,Seamonsters,First Warning,
2016-03-08,1000-1300,DJ Stace,DJ Stace,Old 97'S,Barrier Reef,Too Far to Care,Elektra Records (West Coast),
2016-03-08,1000-1300,DJ Stace,DJ Stace,Old 97'S,The Other Shoe,Wreck Your Life,Bloodshot Records,
2016-03-08,1000-1300,DJ Stace,DJ Stace,Captain Beefheart And His Magic Band,Her Eyes Are a Blue Million Miles,"Spotlight Kid, The",Reprise Records,
2016-03-08,1000-1300,DJ Stace,DJ Stace,Eleanor Friedberger,He Didn't Mention His Mother,New View,Frenchkiss Records,
2016-03-08,1000-1300,DJ Stace,DJ Stace,Shuggie Otis,Strawberry Letter 23,Inspiration Information,Luaka Bop,
2016-03-08,1000-1300,DJ Stace,DJ Stace,Spoon,I Turn My Camera on,Gimme Fiction,Merge Records,
2016-03-08,1000-1300,DJ Stace,DJ Stace,Ty Segall,Breakfast Eggs,Emotional Mugger,Drag City,
2016-03-08,1000-1300,DJ Stace,DJ Stace,Guided By Voices,Bulldog Skin,"Best Of, the",Matador Records,
2016-03-08,1000-1300,DJ Stace,DJ Stace,Robert Pollard,My Daughter Yes She Knows,Of Course You Are,Fire Records,
2016-03-08,1000-1300,DJ Stace,DJ Stace,City And Colour,Woman,If I Should Go Before You,Dine Alone Records,
2016-03-08,1000-1300,DJ Stace,DJ Stace,Slaves,Are You Satisfied,Are You Satisfied,EMI,
2016-03-08,1000-1300,DJ Stace,DJ Stace,Pedro the Lion,When They Really Get to K...,It's Hard to Find a Friend,Made in Mexico,
2016-03-08,1000-1300,DJ Stace,DJ Stace,Beirut,Perth,No No No,4AD,
2016-03-08,1000-1300,DJ Stace,DJ Stace,Nick Lowe,What's So Funny 'Bout Peace Love and Understanding,Untouched Takeaways,Yep Roc Records,
2016-03-08,1000-1300,DJ Stace,DJ Stace,Pj Harvey,We Float,"Stories From The City, Stories From The Sea",Island Records,
2016-03-08,1000-1300,DJ Stace,DJ Stace,Nick Cave & the Bad Seeds,Jubilee Street,Jubilee Street,Bad Seed Ltd.,
2016-03-08,1000-1300,DJ Stace,DJ Stace,The Jam,That's Entertainment,Beat Surrender,Polydor Ltd.,
2016-03-08,1000-1300,DJ Stace,DJ Stace,The English Beat,Save It For Later,Special Beat Service,I.R.S. Records,
2016-03-08,1000-1300,DJ Stace,DJ Stace,The London Souls,Honey,Here Come The Girls,"Feel Music, Inc.",
2016-03-08,1000-1300,DJ Stace,DJ Stace,13th Floor Elevators,You're Gonna Miss Me,Absolutely The Best Of The 13th Floor Elevators,Fuel 2000,
2016-03-08,1000-1300,DJ Stace,DJ Stace,"Spencer, Jon Blues Explosion",Like A Hawk,Crypt Style,Crypt Records,
2016-03-08,1000-1300,DJ Stace,DJ Stace,The Hives,Hate To Say I Told You So,Your New Favorite Band,Poptones,
2016-03-08,1000-1300,DJ Stace,DJ Stace,The Sonics,Strychnine,Here Are The Sonics,Norton Records,
2016-03-08,1000-1300,DJ Stace,DJ Stace,Pil,Rise,Public Image Ltd,Virgin Records Ltd,
2016-03-01,1000-1300,DJ Stace,DJ Stace,The Stone Roses,Fools Gold,"Stone Roses, The",Silvertone Records Us,
2016-03-01,1000-1300,DJ Stace,DJ Stace,Coil,Windowpane,Love's Secret Domain,!K7 Records,
2016-03-01,1000-1300,DJ Stace,DJ Stace,Coil,The Snow,"Snow Ep, the",Wax Trax,
2016-03-01,1000-1300,DJ Stace,DJ Stace,Mr. Gnome,Mustangs,The Heart of a Dark Star,El Marko,
2016-03-01,1000-1300,DJ Stace,DJ Stace,Cocorosie,Smokey Taboo,Grey Oceans,Sub Pop Records,
2016-03-01,1000-1300,DJ Stace,DJ Stace,The London Souls,Honey,Here Come The Girls,"Feel Music, Inc.",
2016-03-01,1000-1300,DJ Stace,DJ Stace,Beck,Debra,Midnite Vultures,Geffen Records,
2016-03-01,1000-1300,DJ Stace,DJ Stace,Ty Segall,Candy Sam,Emotional Mugger,Drag City,
2016-03-01,1000-1300,DJ Stace,DJ Stace,Guided By Voices,Hold on Hope,Hold on Hope Ep,Tvt Records,
2016-03-01,1000-1300,DJ Stace,DJ Stace,the Flaming Lips,Do You Realize??,Yoshimi Battles The Pink Robots,Warner Brothers (Modern),
2016-03-01,1000-1300,DJ Stace,DJ Stace,Tones on Tail,Go!,Night Music,Beggars Banquet,
2016-03-01,1000-1300,DJ Stace,DJ Stace,James Hunter,This Is Where We In,Hold On,Daptone Records,
2016-03-01,1000-1300,DJ Stace,DJ Stace,Leon Bridges,River,Coming Home,Columbia Records,
2016-03-01,1000-1300,DJ Stace,DJ Stace,Tindersticks,El Diablo En El Ojo,Tindersticks,Polygram Records (Modern),
2016-03-01,1000-1300,DJ Stace,DJ Stace,City And Colour,Woman,If I Should Go Before You,Dine Alone Records,
2016-03-01,1000-1300,DJ Stace,DJ Stace,Trans Am,Anthropecene,Volume X,Thrill Jockey Records,
2016-03-01,1000-1300,DJ Stace,DJ Stace,Queens Of The Stone Age,You're So Vague,Feel Good Hit Of The Summer,Interscope Records,
2016-03-01,1000-1300,DJ Stace,DJ Stace,Fugazi,Waiting Room,13 Songs,Dischord Records,
2016-03-01,1000-1300,DJ Stace,DJ Stace,The White Stripes,Stop Breaking Down,"White Stripes, The",Sympathy For The Record Industry,
2016-03-01,1000-1300,DJ Stace,DJ Stace,Pil,Ease,Public Image Ltd,Virgin Records Ltd,
2016-03-01,1000-1300,DJ Stace,DJ Stace,The Desert Sessions,Teens Of Thailand,Volume 5/6,Man's Ruin Records,
2016-03-01,1000-1300,DJ Stace,DJ Stace,Julien Baker,Blacktop,Sprained Ankle,6131,
2016-03-01,1000-1300,DJ Stace,DJ Stace,Matt Sweeney & Bonnie Prince,My Home Is the Sea,Superwolf,Drag City,
2016-03-01,1000-1300,DJ Stace,DJ Stace,Adam and the Ants,Never Trust a Man(With Egg O,Dirk Wears White Sox,Epic Records (Modern),
2016-03-01,1000-1300,DJ Stace,DJ Stace,Devo,Through Being Cool,Greatest Hits,Warner Bros. Records,
2016-03-01,1000-1300,DJ Stace,DJ Stace,Car Seat Headrest,Sunburned Shirts,Teens Of Style,Matador Records,
2016-03-01,1000-1300,DJ Stace,DJ Stace,Tom Waits,Temptation,Beautiful Maladies,Island Records,
2016-03-01,1000-1300,DJ Stace,DJ Stace,Bedhead,Bedside Table,Whatfunlifewas,Trance Syndicate Records,
2016-03-01,1000-1300,DJ Stace,DJ Stace,the American Analog Set,Dim Stars (The Boy in My Arm,"Fun of Watching Fireworks, the",Emperor Jones,
2016-03-01,1000-1300,DJ Stace,DJ Stace,Devendra Banhart,Korean Dogwood,Cripple Crow,Xl Recordings,
2016-03-01,1000-1300,DJ Stace,DJ Stace,Jim Croce,Operator (That's Not The Way It Feels),Photographs & Memories - His Greatest Hits,Atco Records,
2016-03-01,1000-1300,DJ Stace,DJ Stace,She Keeps Bees,Feather Lighter,Eight Houses,BB Island,
2016-03-01,1000-1300,DJ Stace,DJ Stace,Computer Magic,Be Fair,Davos,Channel 9 Records,
2016-03-01,1000-1300,DJ Stace,DJ Stace,Alt-J,Every Other Freckle,This is All Yours,Infectious Records,
2016-03-01,1000-1300,DJ Stace,DJ Stace,"Eno, Brian + David Byrne",Help Me Somebody,My Life In The Bush Of Ghosts,Nonesuch Records,
2016-03-01,1000-1300,DJ Stace,DJ Stace,Duran Duran,The Chauffeur,Rio,Capitol Records,
2016-03-01,1000-1300,DJ Stace,DJ Stace,Dirty Ghosts,So Shallow,Let It Pretend,Last Gang,
2016-03-01,1000-1300,DJ Stace,DJ Stace,Talisco,The Keys,The Keys,Roy Music,
2016-03-01,1000-1300,DJ Stace,DJ Stace,Ringo Deathstarr,Heavy Metal Suicide,Pure Mood,Reverberation Appreciation Society,
2016-03-01,1000-1300,DJ Stace,DJ Stace,The Jesus Lizard,Seasick,Goat,Touch and Go,
2016-03-01,1000-1300,DJ Stace,DJ Stace,Scratch Acid,Greatest Gift,"Greatest Gift, The",Touch and Go,
2016-03-01,1000-1300,DJ Stace,DJ Stace,The Besnard Lakes,Nightingale,A Coliseum Complex Museum,Jagjaguwar,
2016-03-01,1000-1300,DJ Stace,DJ Stace,Pink Floyd,Fearless,Meddle,Capitol Records,
2016-03-01,1000-1300,DJ Stace,DJ Stace,Radiohead,Everything in Its Right Plac,Kid a,Capitol Records Inc.,
2016-03-01,1000-1300,DJ Stace,DJ Stace,Billy Bragg and Wilco,California Stars,Mermaid Avenue,Elektra Classics,
2016-03-01,1000-1300,DJ Stace,DJ Stace,Wilco,Muzzle of Bees,A Ghost Is Born,Nonesuch Records,
2016-03-01,1000-1300,DJ Stace,DJ Stace,Beirut,Perth,No No No,4AD,
2016-03-01,1000-1300,DJ Stace,DJ Stace,Beirut,August Holland,No No No,4AD,
2016-03-01,1000-1300,DJ Stace,DJ Stace,The Reverend Horton Heat,Love Whip,Smoke 'em If You Got 'em,Sub Pop Records,
2016-03-01,1000-1300,DJ Stace,DJ Stace,The Dirtbombs,Do You See My Love (For You Growing),Ultraglide In Black,In the Red Records,
2016-02-23,1000-1300,DJ Stace,DJ Stace,The Dirtbombs,Ode To A Black Man,Ultraglide In Black,In the Red Records,
2016-02-23,1000-1300,DJ Stace,DJ Stace,Toledo,Beat Up Thunderbird,Fishnets & Cigarettes,Moonshine Music,
2016-02-23,1000-1300,DJ Stace,DJ Stace,Blacktop,Tornado Love,Up All Night,Au Go Go,
2016-02-23,1000-1300,DJ Stace,DJ Stace,The Stranglers,(Get a) Grip (On Yourself),The Stranglers - The Collection 1977-1982,EMI,
2016-02-23,1000-1300,DJ Stace,DJ Stace,Little Fyodor And Babushka,Truly Rejected,"“Truly Rejected” B/W “Done That, Do This”",Self-Release,
2016-02-23,1000-1300,DJ Stace,DJ Stace,Love And Rockets,Ball Of Confusion,Express,Big Time,
2016-02-23,1000-1300,DJ Stace,DJ Stace,Deap Vally,Royal Jelly,Royal Jelly,Island Records,
2016-02-23,1000-1300,DJ Stace,DJ Stace,the Grifters,Love Explosion,So Happy Together,Sonic Noise,
2016-02-23,1000-1300,DJ Stace,DJ Stace,the Grifters,Boho/Alt,Ain't My Lookout,Sub Pop Records,
2016-02-23,1000-1300,DJ Stace,DJ Stace,Deaf Wish,On,Pain,Sub Pop Records,
2016-02-23,1000-1300,DJ Stace,DJ Stace,Bauhaus,Ziggy Stardust,Singles: 1979-1983 Volume Two,Beggars Banquet,
2016-02-23,1000-1300,DJ Stace,DJ Stace,David Bowie,The Man Who Sold The World,Sound + Vision I,Rykodisc,
2016-02-23,1000-1300,DJ Stace,DJ Stace,Nirvana,The Man Who Sold the World,Unplugged in New York,Geffen Records,
2016-02-23,1000-1300,DJ Stace,DJ Stace,The Wolfgang Press,Mama Told Me Not To Come,Queer,4AD,
2016-02-23,1000-1300,DJ Stace,DJ Stace,Coil,Lorca Not Orca,Love's Secret Domain,!K7 Records,
2016-02-23,1000-1300,DJ Stace,DJ Stace,Sleigh Bells,Rill Rill,Treats,Mom + Pop,
2016-02-23,1000-1300,DJ Stace,DJ Stace,Mr. Gnome,Sleepwalker,Monster's Heart (CD Single),El Marko,
2016-02-23,1000-1300,DJ Stace,DJ Stace,"Spencer, Jon Blues Explosion",Do You Wanna Get Heavy?,Acme,Matador Records,
2016-02-23,1000-1300,DJ Stace,DJ Stace,Honeymoon Killers,Kansas City Milkman,Hung Far Low,Cargo Records,
2016-02-23,1000-1300,DJ Stace,DJ Stace,The London Souls,Honey,Here Come The Girls,"Feel Music, Inc.",
2016-02-23,1000-1300,DJ Stace,DJ Stace,Ty Segall,Breakfast Eggs,Emotional Mugger,Drag City,
2016-02-23,1000-1300,DJ Stace,DJ Stace,Animal Collective,Lying In The Grass,Painting With,Domino Recording Company,
2016-02-23,1000-1300,DJ Stace,DJ Stace,Echo & The Bunnymen,Bring On The Dancing Horses,Songs To Learn & Sing,Korova Records,
2016-02-23,1000-1300,DJ Stace,DJ Stace,The Stone Roses,Fools Gold,"Stone Roses, The",Silvertone Records Us,
2016-02-23,1000-1300,DJ Stace,DJ Stace,Devo,Beautiful World,Greatest Hits,Warner Bros. Records,
2016-02-23,1000-1300,DJ Stace,DJ Stace,the Magnetic Fields,I Wish I Had An Evil Twin,I,Nonesuch Records,
2016-02-23,1000-1300,DJ Stace,DJ Stace,Astronauts,Hollow Ponds,Hollow Ponds,Lo Recordings,
2016-02-23,1000-1300,DJ Stace,DJ Stace,"Astronauts, etc...",Shake it Loose,Mind Out Wandering,?,
2016-02-23,1000-1300,DJ Stace,DJ Stace,Laura Marling,Goodbye England,I Speak Because I Can,Astralwerks,
2016-02-23,1000-1300,DJ Stace,DJ Stace,Pretenders,Tattooed Love Boys,Pretenders,Sire Records,
2016-02-23,1000-1300,DJ Stace,DJ Stace,Nico,These Days,"Classic Years, The",Chronicles/Polygram Records,
2016-02-23,1000-1300,DJ Stace,DJ Stace,She Keeps Bees,Feather Lighter,Eight Houses,Bone Voyage,
2016-02-23,1000-1300,DJ Stace,DJ Stace,Courtney Barnett,Boxing Day Blues (Revisted),“Boxing Day Blues (Revisted)” B/W “Shivers”,Third Man Records,
2016-02-23,1000-1300,DJ Stace,DJ Stace,City And Colour,Runaway,If I Should Go Before You,Dine Alone Records,
2016-02-23,1000-1300,DJ Stace,DJ Stace,Slaves,Are you Satisfied?,Are you Satisfied?,Virgin Records,
2016-02-23,1000-1300,DJ Stace,DJ Stace,Dirty Ghosts,Let It Pretend,Let It Pretend,Last Gang,
2016-02-23,1000-1300,DJ Stace,DJ Stace,Alt-J,Left Hand Free,This is All Yours,Infectious Records,
2016-02-23,1000-1300,DJ Stace,DJ Stace,The Police,Bombs Away,Zenyatta Mondatta,A&M Records,
2016-02-23,1000-1300,DJ Stace,DJ Stace,Pain Teens,It Will,"It Will 7""",Trance,
2016-02-23,1000-1300,DJ Stace,DJ Stace,The Sonics,Have Love Will Travel,Here Are The Sonics,Norton Records,
2016-02-16,1000-1300,DJ Stace,DJ Stace,"Weiss, Chuck E.",Devil with Blue Suede Shoes,Extremely Cool,Rykodisc,
2016-02-16,1000-1300,DJ Stace,DJ Stace,Son Little,The River,Things I forgot,ANTI-,
2016-02-16,1000-1300,DJ Stace,DJ Stace,The Black Keys,Sinister Kid,Brothers,Nonesuch Records,
2016-02-16,1000-1300,DJ Stace,DJ Stace,Dr. John,Everybody Wanna Get Rich,What It is! Funky Soul and Rare Grooves: 1967-1977,Atlantic Records,
2016-02-16,1000-1300,DJ Stace,DJ Stace,Tom Waits,Rain Dogs,Big Time,Island Records,
2016-02-16,1000-1300,DJ Stace,DJ Stace,The Black Angels,Soul Kitchen,A Psych Tribute to the Doors,Cleopatra Records,
2016-02-16,1000-1300,DJ Stace,DJ Stace,The Black Angels,Young Men Dead,Passover,Light In The Attic Records,
2016-02-16,1000-1300,DJ Stace,DJ Stace,The Besnard Lakes,Nightingale,A Coliseum Complex Museum,Jagjaguwar,
2016-02-16,1000-1300,DJ Stace,DJ Stace,Arcade Fire,My Body Is A Cage,Neon Bible,Merge Records,
2016-02-16,1000-1300,DJ Stace,DJ Stace,Lanterns On The Lake,I'll Stall Them,Beings,Bella Union,
2016-02-16,1000-1300,DJ Stace,DJ Stace,Mr. Gnome,House Of Circles,Madness In Miniature,El Marko Records,
2016-02-16,1000-1300,DJ Stace,DJ Stace,Mr. Gnome,Mustangs,The Heart of a Dark Star,El Marko,
2016-02-16,1000-1300,DJ Stace,DJ Stace,Cocorosie,Smokey Taboo,Grey Oceans,Sub Pop Records,
2016-02-16,1000-1300,DJ Stace,DJ Stace,Elliott Smith,Needle In The Hay,An Introduction To...,Kill Rock Stars,
2016-02-16,1000-1300,DJ Stace,DJ Stace,The Avett Brothers,If It's The Beaches,"Gleam, The",Ramseur Records,
2016-02-16,1000-1300,DJ Stace,DJ Stace,The Avett Brothers,I and Love and You,I and Love and You,American Recordings,
2016-02-16,1000-1300,DJ Stace,DJ Stace,Cat Stevens,Trouble,Mona Bone Jakon,A&M Records,
2016-02-16,1000-1300,DJ Stace,DJ Stace,Coco Rosie,Beautiful Boyz,Noah's Ark,Touch and Go,
2016-02-16,1000-1300,DJ Stace,DJ Stace,Lhasa,De Cara a La Pared,La Llorna,Atlantic Records (Modern),
2016-02-16,1000-1300,DJ Stace,DJ Stace,the Flaming Lips,Do You Realize??,Yoshimi Battles The Pink Robots,Warner Brothers (Modern),
2016-02-16,1000-1300,DJ Stace,DJ Stace,Nick Drake,Pink Moon,Pink Moon,Hannibal,
2016-02-16,1000-1300,DJ Stace,DJ Stace,Julien Baker,Blacktop,Sprained Ankle,6131,
2016-02-16,1000-1300,DJ Stace,DJ Stace,Queens of the Stone Age,How to Handle a Rope,Queens Of The Stone Age,Loosegroove Records,
2016-02-16,1000-1300,DJ Stace,DJ Stace,Earthlings?,Stungun,Earthlings?,Cobraside,
2016-02-16,1000-1300,DJ Stace,DJ Stace,Scratch Acid,Greatest Gift,Greatest Gift,Touch & Go,
2016-02-16,1000-1300,DJ Stace,DJ Stace,the Jesus Lizard,Slave Ship,Liar,Touch and Go,
2016-02-16,1000-1300,DJ Stace,DJ Stace,The Flaming Lips,The Yeah Yeah Yeah Song,At War With The Mystics,Warner Brothers (Modern),
2016-02-16,1000-1300,DJ Stace,DJ Stace,Deerhunter,Breaker,Fading Frontier,Matador Records,
2016-02-16,1000-1300,DJ Stace,DJ Stace,The Arcs,Lake Superior,Lake Superior,The Arcs,
2016-02-16,1000-1300,DJ Stace,DJ Stace,Dan Auerback,Street Walkin',Keep It Hid,Nonesuch Records,
2016-02-16,1000-1300,DJ Stace,DJ Stace,Guided By Voices,23. Redmen and Their Wives,Under the Bushes Under the Sta,Matador Records,
2016-02-16,1000-1300,DJ Stace,DJ Stace,Guided By Voices,Cheyenne,Universal Truths and Cycles,Matador Records,
2016-02-16,1000-1300,DJ Stace,DJ Stace,The Jam,Town Called Malice,Beat Surrender,Polydor Ltd.,
2016-02-16,1000-1300,DJ Stace,DJ Stace,Devo,Gates Of Steel,Freedom Of Choice,Warner Bros. Records,
2016-02-16,1000-1300,DJ Stace,DJ Stace,Dinosaur Jr,Thumb,Green Mind,Sire Records,
2016-02-16,1000-1300,DJ Stace,DJ Stace,My Bloody Valentine,Only Shallow,Loveless,(Unknown),
2016-02-16,1000-1300,DJ Stace,DJ Stace,Cocteau Twins,Ivo,Treasure,(Unknown),
2016-02-16,1000-1300,DJ Stace,DJ Stace,Wilco,Muzzle of Bees,A Ghost Is Born,Nonesuch Records,
2016-02-16,1000-1300,DJ Stace,DJ Stace,Leon Bridges,Smooth Sailing,Coming Home,Columbia Records,
2016-02-16,1000-1300,DJ Stace,DJ Stace,Leon Bridges,So Long,Concussion - Motion Picture Soundtrack,Columbia Records,
2016-02-16,1000-1300,DJ Stace,DJ Stace,Iggy Pop,Nightclubbing,"Idiot, the",Virgin Records (Modern),
2016-02-16,0900-1000,DJ Stace,DJ Stace,Built to Spill,Cortez the Killer,Live,Warner Brothers (Modern),
2016-02-16,0900-1000,DJ Stace,DJ Stace,Built To Spill,When I'm Blind,Untethered Moon,Warner Bros. Records,
2016-02-16,0900-1000,DJ Stace,DJ Stace,Bob Dylan,Queen Jane Approxiamately - Take 5,"Cutting Edge: 1965-1966 [The Bootleg Series, Vol. 12 Sampler], The",Columbia Records,
2016-02-16,0900-1000,DJ Stace,DJ Stace,Jaimeo Brown Transcendence,Be So Glad,Work Songs,Motema Music,
2016-02-16,0900-1000,DJ Stace,DJ Stace,Animal Collective,My Girls,Merriweather Post Pavilion,Domino Recording Company,
2016-02-16,0900-1000,DJ Stace,DJ Stace,Joy Division,Love Will Tear Us Apart,Substance,Qwest,
2016-02-16,0900-1000,DJ Stace,DJ Stace,New Order,Ceremony,Total,Rhino Entertainment,
2016-02-16,0900-1000,DJ Stace,DJ Stace,the Wedding Present,Big Rat,Watusi,Island Records (World),
2016-02-16,0900-1000,DJ Stace,DJ Stace,the Wedding Present,Corduroy,Seamonsters,First Warning,
2016-02-16,0900-1000,DJ Stace,DJ Stace,Jeff The Brotherhood,Pleasure Centre,Heavy Days,Infinity Cat Recordings,
2016-02-16,0900-1000,DJ Stace,DJ Stace,Wolfmother,Pilgrim,Cosmic Egg,Modular Redords,
2016-02-09,1000-1300,DJ Stace,DJ Stace,Pixies,U-Mass,Death to the Pixies,Elektra Records (East Coast),
2016-02-09,1000-1300,DJ Stace,DJ Stace,Pixies,Where Is My Mind?,Death to the Pixies,Elektra Records (East Coast),
2016-02-09,1000-1300,DJ Stace,DJ Stace,Grimes,Flesh Without Blood,Art Angels,4AD,
2016-02-09,1000-1300,DJ Stace,DJ Stace,Spoon,Underdog,Ga Ga Ga Ga,Merge Records,
2016-02-09,1000-1300,DJ Stace,DJ Stace,The Dirtbombs,Underdog,Ultraglide In Black,In the Red Records,
2016-02-09,1000-1300,DJ Stace,DJ Stace,Mr. Gnome,Mustangs,The Heart of a Dark Star,El Marko,
2016-02-09,1000-1300,DJ Stace,DJ Stace,Mr. Gnome,We Sing Electric,Madness In Miniature,El Marko Records,
2016-02-09,1000-1300,DJ Stace,DJ Stace,The Dead Weather,Let Me Through,Dodge And Burn,Third Man Records,
2016-02-09,1000-1300,DJ Stace,DJ Stace,The Jesus And Mary Chain,Teenage Lust,Honey's Dead,Def American (Metal),
2016-02-09,1000-1300,DJ Stace,DJ Stace,Soundgarden,Slaves and Bulldozers,Badmotorfinger,(Unknown),
2016-02-09,1000-1300,DJ Stace,DJ Stace,Soundgarden,Girl You Want,Outshined,A&M,
2016-02-09,1000-1300,DJ Stace,DJ Stace,Devo,(I Can't Get No) Satisfaction,Pioneers Who Got Scalped,Rhino Records,
2016-02-09,1000-1300,DJ Stace,DJ Stace,The Black Keys,Gold On The Ceiling,El Camino,Nonesuch Records,
2016-02-09,1000-1300,DJ Stace,DJ Stace,The Black Keys,Fever,Turn Blue,Nonesuch Records,
2016-02-09,1000-1300,DJ Stace,DJ Stace,Running,Ghost Bag,Wake Up Applauding,Castle Face Records,
2016-02-09,1000-1300,DJ Stace,DJ Stace,Suspirians,In My Time,Suspirians,Super Secret Records,
2016-02-09,1000-1300,DJ Stace,DJ Stace,the Desert Sessions,Teens of Thailand,Volumes 5 & 6,Man's Ruin Records,
2016-02-09,1000-1300,DJ Stace,DJ Stace,Bedhead,Dead Language,4 Song Ep,Self,
2016-02-09,1000-1300,DJ Stace,DJ Stace,Bedhead,Bedside Table,Whatfunlifewas,Numero Group,
2016-02-09,1000-1300,DJ Stace,DJ Stace,Fatso Jetson,New Ag Android,Toasted,Bong Load Records,
2016-02-09,1000-1300,DJ Stace,DJ Stace,Brant Bjork,Toot,Jalamanta,Man's Ruin Records,
2016-02-09,1000-1300,DJ Stace,DJ Stace,Che,Hydraulicks,Sounds of Liberation,Low Desert Punk,
2016-02-09,1000-1300,DJ Stace,DJ Stace,Masters of Reality,Ants in the Kitchen,Sunrise on the Sufferbus,Chrysalis Records Inc.,
2016-02-09,1000-1300,DJ Stace,DJ Stace,PiL,Album,Rise,Virgin Records,
2016-02-09,1000-1300,DJ Stace,DJ Stace,Deerhunter,Breaker,Fading Frontier,Matador Records,
2016-02-09,1000-1300,DJ Stace,DJ Stace,Julien Baker,Blacktop,Sprained Ankle,6131,
2016-02-09,1000-1300,DJ Stace,DJ Stace,Cat Power,The Greatest,"Greatest, The",Matador Records,
2016-02-09,1000-1300,DJ Stace,DJ Stace,Devotchka,How It Ends,How It Ends,Cicero Recordings Ltd,
2016-02-09,1000-1300,DJ Stace,DJ Stace,Dr. John,Revolution,Locked Down,Nonesuch Records,
2016-02-09,1000-1300,DJ Stace,DJ Stace,Death Cab For Cutie,I Will Follow You Into The Dark,Plans,Atlantic Records (Modern),
2016-02-09,1000-1300,DJ Stace,DJ Stace,Beck,Never Tear Us Apart,Beck's Record Club #4 INXS,Unknown,
2016-02-09,1000-1300,DJ Stace,DJ Stace,Beck,True Love Will Find You in T,Discovered Covered,Gammon Records,
2016-02-09,1000-1300,DJ Stace,DJ Stace,Father John Misty,O I Long To Feel Your Arms Around Me,Fear Fun,Sub Pop Records,
2016-02-09,1000-1300,DJ Stace,DJ Stace,The Cure,The Caterpillar,"Top, The",Sire Records,
2016-02-09,1000-1300,DJ Stace,DJ Stace,the Desert Sessions,I Wanna Make It Wit Chu,Volumes 9 & 10,Ipecac Records,
2016-02-09,1000-1300,DJ Stace,DJ Stace,the White Stripes,Fell in Love with a Girl,White Blood Cells,Sympathy For The Record Industry,
2016-02-09,1000-1300,DJ Stace,DJ Stace,Nick Cave & The Bad Seeds,Into My Arms,"Boatman's Call, the",Reprise Records (Modern),
2016-02-09,1000-1300,DJ Stace,DJ Stace,Nick Cave & The Bad Seeds,The Ship Song,"Good Son, The",Mute Records Ltd,
2016-02-09,1000-1300,DJ Stace,DJ Stace,Bright Eyes,First Day of My Life,"I'm Wide Awake, It's Morning",Saddle Creek,
2016-02-09,1000-1300,DJ Stace,DJ Stace,Willie Nelson,I'd Have to Be Crazy,Greatest Hits (and some that will be),Columbia Records,
2016-02-09,1000-1300,DJ Stace,DJ Stace,The Helio Sequence,Seven Hours,"Helio Sequence, The",Sub Pop Records,
2016-02-09,1000-1300,DJ Stace,DJ Stace,Moon Taxi,Year Zero,Daybreaker,12th South Records,
2016-02-09,1000-1300,DJ Stace,DJ Stace,the Mountain Goats,Up the Wolves,"Sunset Tree, the",4AD,
2016-02-09,1000-1300,DJ Stace,DJ Stace,The Black Angels,You In Color,Directions To See A Ghost,Light In The Attic Records,
2016-02-09,1000-1300,DJ Stace,DJ Stace,Built To Spill,Hindsight,There Is No Enemy,Warner Bros. Records,
2016-02-09,1000-1300,DJ Stace,DJ Stace,Dirty Ghosts,Let It Pretend,Let It Pretend,Last Gang,
2016-02-09,1000-1300,DJ Stace,DJ Stace,Beat Happening,Indian Summer,Look Around,Domino Recording Company,
2016-02-09,1000-1300,DJ Stace,DJ Stace,New Order,Ceremony,Retro,Warner Brothers (Modern),
2016-02-09,1000-1300,DJ Stace,DJ Stace,Cage the Elephant,Tiny Little Robots,Cage the Elephant,RCA/JIVE,
2016-02-09,1000-1300,DJ Stace,DJ Stace,Eagles of Death Metal,San Berdoo Sunburn,"Peace, Love, Death Metal",AntAcidAudio,
2016-02-09,1000-1300,DJ Stace,DJ Stace,The Psychedelic Furs,Love My Way,Forever Now,Columbia,
2016-01-26,1000-1300,DJ Stace,DJ Stace,13th Floor Elevators,You're Gonna Miss Me,Absolutely The Best Of The 13th Floor Elevators,Fuel 2000,
2016-01-26,1000-1300,DJ Stace,DJ Stace,"Spencer, Jon Blues Explosion",Like A Hawk,Crypt Style,Crypt Records,
2016-01-26,1000-1300,DJ Stace,DJ Stace,The Sonics,Have Love Will Travel,Here Are The Sonics,Norton Records,
2016-01-26,1000-1300,DJ Stace,DJ Stace,The White Stripes,Stop Breaking Down,"White Stripes, The",Sympathy For The Record Industry,
2016-01-26,1000-1300,DJ Stace,DJ Stace,The Black Angels,Better Off Alone,Passover,Light In The Attic Records,
2016-01-26,1000-1300,DJ Stace,DJ Stace,The Black Angels,You On The Run,Directions To See A Ghost,Light In The Attic Records,
2016-01-26,1000-1300,DJ Stace,DJ Stace,Railroad Jerk,Home=Hang,One Track Mind,Matador Records,
2016-01-26,1000-1300,DJ Stace,DJ Stace,Queens Of The Stone Age,I Sat By The Ocean,...Like Clockwork,Matador Records,
2016-01-26,1000-1300,DJ Stace,DJ Stace,Hanni El Khatib,Pay No Mind,Head in the Dirt,Innovative Leisure,
2016-01-26,1000-1300,DJ Stace,DJ Stace,Daisy Chainsaw,Dog with Sharper Teeth,Eleventeen,A&M Records (Alternative),
2016-01-26,1000-1300,DJ Stace,DJ Stace,Built to Spill,Cortez the Killer,Live,Warner Brothers (Modern),
2016-01-26,1000-1300,DJ Stace,DJ Stace,Built To Spill,Wherever You Go,You In Reverse,Warner Brothers (Modern),
2016-01-26,1000-1300,DJ Stace,DJ Stace,Cat Power,Cross Bones Style,Moon Pix,Matador Records,
2016-01-26,1000-1300,DJ Stace,DJ Stace,Cat Power,Satisfaction,"Covers Record, the",Matador Records,
2016-01-26,1000-1300,DJ Stace,DJ Stace,Nick Cave & the Bad Seeds,Do You Love Me?,Let Love in,Elektra Records (Local),
2016-01-26,1000-1300,DJ Stace,DJ Stace,Nick Cave & The Bad Seeds,The Ship Song,"Good Son, The",Mute Records Ltd,
2016-01-26,1000-1300,DJ Stace,DJ Stace,Laura Marling,Goodbye England,I Speak Because I Can,Astralwerks,
2016-01-26,1000-1300,DJ Stace,DJ Stace,Elliot Smith,Needle in the Hay,An Introduction to Elliot Smith,Kill Rock Stars,
2016-01-26,1000-1300,DJ Stace,DJ Stace,Courtney Barnett,Boxing Day Blues (Revisted),“Boxing Day Blues (Revisted)” B/W “Shivers”,Third Man Records,
2016-01-26,1000-1300,DJ Stace,DJ Stace,Courtney Barnett,Pedestrian At Best,"Sometimes I Sit And Think, And Sometimes I Just Sit",Mom + Pop,
2016-01-26,1000-1300,DJ Stace,DJ Stace,Guided By Voices,Tractor Rape Chain,"Best Of, the",Matador Records,
2016-01-26,1000-1300,DJ Stace,DJ Stace,Guided By Voices,Hold on Hope,Do the Collapse,Tvt Records,
2016-01-26,1000-1300,DJ Stace,DJ Stace,Mr. Gnome,Mustangs,The Heart of a Dark Star,El Marko,
2016-01-26,1000-1300,DJ Stace,DJ Stace,Mr. Gnome,Sleepwalker,Monster's Heart (CD Single),El Marko,
2016-01-26,1000-1300,DJ Stace,DJ Stace,UNKLE,Restless (feat. Joshe Homme),War Stories,Traffic Inc.,
2016-01-26,1000-1300,DJ Stace,DJ Stace,Earthlings?,Stungun,Earthlings?,Man's Ruin Records,
2016-01-26,1000-1300,DJ Stace,DJ Stace,The Helio Sequence,Red Shifting,"Helio Sequence, The",Sub Pop Records,
2016-01-26,1000-1300,DJ Stace,DJ Stace,Love And Rockets,Ball Of Confusion,Express,Big Time,
2016-01-26,1000-1300,DJ Stace,DJ Stace,The Dirtbombs,Ode To A Black Man,Ultraglide In Black,In the Red Records,
2016-01-26,1000-1300,DJ Stace,DJ Stace,King Sound Quartet,Anhihilate this Week,"7""",Estrus Records,
2016-01-26,1000-1300,DJ Stace,DJ Stace,Gallon Drunk,Arlington Road,From the Heart of Town,Sire Records (Modern),
2016-01-26,1000-1300,DJ Stace,DJ Stace,Dirty Ghosts,So Shallow,Let It Pretend,Last Gang,
2016-01-26,1000-1300,DJ Stace,DJ Stace,Devo,Gates Of Steel,Greatest Hits,Warner Bros. Records,
2016-01-26,1000-1300,DJ Stace,DJ Stace,Barkmarket,The Patsy,Vegas Throat,Def American (Metal),
2016-01-26,1000-1300,DJ Stace,DJ Stace,The Jesus Lizard,Nub,Goat,Touch and Go,
2016-01-26,1000-1300,DJ Stace,DJ Stace,Pil,Ease,Public Image Ltd,Virgin Records Ltd,
2016-01-26,1000-1300,DJ Stace,DJ Stace,"Lee Harvey Oswald,The",Surrender Earthlings,Blastronaut,Touch and Go,
2016-01-26,1000-1300,DJ Stace,DJ Stace,the Lee Harvey Oswald Band,Getting Wasted with the Vamp,A Taste of Prison,Touch and Go,
2016-01-26,1000-1300,DJ Stace,DJ Stace,Deerhunter,Breaker,Fading Frontier,Matador Records,
2016-01-26,1000-1300,DJ Stace,DJ Stace,the Flaming Lips,Do You Realize??,Yoshimi Battles The Pink Robots,Warner Brothers (Modern),
2016-01-26,1000-1300,DJ Stace,DJ Stace,Grifters,Spaced Out,Full Blown Possession,Shangri-La Records,
2016-01-26,1000-1300,DJ Stace,DJ Stace,Timber Timbre,Demon Host,Timber Timbre,Arts & Crafts,
2016-01-26,1000-1300,DJ Stace,DJ Stace,Swans,Can't Find My Way Home,"Burning World, the",Uni Distribution Corp.,
