release_id,artist,title,type,label,release_date,release_date_sort,date_precision,status,latest_single,single_date,fit_score,tier,evidence,profile_artist,watch_label,recent_spins,notes,pull_quote,preview_url,ytm_search_url,bandcamp_search_url,source_url,source_name,sources,n_sources,verified,found_via,built_on
1,Dinosaur Jr.,There Near,album,Jagjaguwar,2026,2026-01-01,year,just_out,,,58.0,A,"Dinosaur Jr: aired on 28 shows, 24 YTM plays in 90 days; 2 spins in last 120 days; Jagjaguwar Records (74 spins)",Dinosaur Jr,Jagjaguwar Records,2,"Profile artist (top 35). ""Out now"" on label site; exact date not confirmed. Castro Theatre Oct. 18 with Stef Chura",,,https://music.youtube.com/search?q=Dinosaur+Jr.+There+Near,https://bandcamp.com/search?q=Dinosaur+Jr.+There+Near,https://jagjaguwar.com/,jagjaguwar.com,https://jagjaguwar.com/,1,1,artist:Dinosaur Jr,2026-09-29
2,Tom Waits,The Fly,single,Anti-,2026,2026-01-01,year,single_out,,,45.8,A,"Tom Waits: aired on 21 shows, 1 YTM plays in 90 days; Anti- (64 spins)",Tom Waits,Anti-,0,Listed under Latest Releases on anti.com; date not confirmed. Overdue favorite (last aired 2024),,,https://music.youtube.com/search?q=Tom+Waits+The+Fly,https://bandcamp.com/search?q=Tom+Waits+The+Fly,https://www.anti.com/,www.anti.com,https://www.anti.com/,1,1,artist:Tom Waits,2026-09-29
3,Cass McCombs and Chris Cohen,"Steel Reserve / Ignis fatuus, Hinkypunk, Sharkfins and Ambergris",single,Hardly Art,2026,2026-01-01,year,announced,,,33.1,B,"Cass McCombs: aired on 13 shows, 1 YTM plays in 90 days; Hardly Art (35 spins)",Cass McCombs,Hardly Art,0,In Hardly Art pre-orders; date not stated. Cass McCombs is a profile artist,,,https://music.youtube.com/search?q=Cass+McCombs+and+Chris+Cohen+Steel+Reserve+%2F+Ignis+fatuus%2C+Hinkypunk%2C+Sharkfins+and+Ambergris,https://bandcamp.com/search?q=Cass+McCombs+and+Chris+Cohen+Steel+Reserve+%2F+Ignis+fatuus%2C+Hinkypunk%2C+Sharkfins+and+Ambergris,https://www.hardlyart.com/,www.hardlyart.com,https://www.hardlyart.com/,1,1,artist:Cass McCombs,2026-09-29
4,of Montreal,aethermead,album,Polyvinyl,2026,2026-01-01,year,just_out,,,31.0,B,Polyvinyl Records (47 spins),,Polyvinyl Records,0,Latest release; date not confirmed. Played Bottom of the Hill Oct. 1,,,https://music.youtube.com/search?q=of+Montreal+aethermead,https://bandcamp.com/search?q=of+Montreal+aethermead,https://www.polyvinylrecords.com/,www.polyvinylrecords.com,https://www.polyvinylrecords.com/,1,1,label:Polyvinyl Records,2026-09-29
5,White Fence,Orange,album,Drag City,2026,2026-01-01,year,just_out,,,31.0,B,Drag City Records (154 spins),,Drag City Records,0,On Drag City new-releases shelf; date not confirmed. Ty Segall collaborator,,,https://music.youtube.com/search?q=White+Fence+Orange,https://bandcamp.com/search?q=White+Fence+Orange,https://www.dragcity.com/,www.dragcity.com,https://www.dragcity.com/,1,1,label:Drag City Records,2026-09-29
6,Prison,Big Rigs on the BQE,album,Drag City,2026,2026-01-01,year,just_out,,,31.0,B,Drag City Records (154 spins),,Drag City Records,0,On new-releases shelf; date not confirmed,,,https://music.youtube.com/search?q=Prison+Big+Rigs+on+the+BQE,https://bandcamp.com/search?q=Prison+Big+Rigs+on+the+BQE,https://www.dragcity.com/,www.dragcity.com,https://www.dragcity.com/,1,1,label:Drag City Records,2026-09-29
7,Lambchop,Punching the Clown,album,Merge,2026,2026-01-01,year,just_out,,,31.0,B,Merge Records (157 spins),,Merge Records,0,On Merge new-releases shelf; date not confirmed. Recent YTM search,,,https://music.youtube.com/search?q=Lambchop+Punching+the+Clown,https://bandcamp.com/search?q=Lambchop+Punching+the+Clown,https://www.mergerecords.com/,www.mergerecords.com,https://www.mergerecords.com/,1,1,artist:Lambchop,2026-09-29
8,Pixies,Trompe le Monde + Bossanova (2026 Remasters),reissue,4AD,2026,2026-01-01,year,announced,,,30.3,B,"Pixies: aired on 13 shows, 3 YTM plays in 90 days; 4AD (117 spins)",Pixies,4AD,0,Overdue favorite (last aired 2024); date not stated,,,https://music.youtube.com/search?q=Pixies+Trompe+le+Monde+%2B+Bossanova+%282026+Remasters%29,https://bandcamp.com/search?q=Pixies+Trompe+le+Monde+%2B+Bossanova+%282026+Remasters%29,https://shopusa.4ad.com/,shopusa.4ad.com,https://shopusa.4ad.com/,1,1,artist:Pixies,2026-09-29
9,Wooden Shjips,Back to Land,album,Thrill Jockey,2026,2026-01-01,year,just_out,,,26.2,B,"Wooden Shjips: aired on 7 shows, 1 YTM plays in 90 days; Thrill Jockey Records (20 spins)",Wooden Shjips,Thrill Jockey Records,0,"Listed ""Out Now""; SF psych, aired on show before",,,https://music.youtube.com/search?q=Wooden+Shjips+Back+to+Land,https://bandcamp.com/search?q=Wooden+Shjips+Back+to+Land,https://thrilljockey.com/,thrilljockey.com,https://thrilljockey.com/,1,1,label:Thrill Jockey Records,2026-09-29
10,Chelsea Wolfe,The Dark,album,Loma Vista,2026-TBA,2026-01-01,year,announced,Cold,,25.3,B,Loma Vista Recordings (39 spins),,Loma Vista Recordings,0,Goth/darkwave cluster; date not stated on label page,,,https://music.youtube.com/search?q=Chelsea+Wolfe+Cold,https://bandcamp.com/search?q=Chelsea+Wolfe+The+Dark,https://lomavistarecordings.com/,lomavistarecordings.com,https://lomavistarecordings.com/,1,1,label:Loma Vista Recordings,2026-09-29
11,Mastodon,Marrow Deep,album,Loma Vista,2026-TBA,2026-01-01,year,announced,Snakes for Dinner,,25.3,B,Loma Vista Recordings (39 spins),,Loma Vista Recordings,0,Heavy; date not stated,,,https://music.youtube.com/search?q=Mastodon+Snakes+for+Dinner,https://bandcamp.com/search?q=Mastodon+Marrow+Deep,https://lomavistarecordings.com/,lomavistarecordings.com,https://lomavistarecordings.com/,1,1,label:Loma Vista Recordings,2026-09-29
12,Broken Social Scene,Remember The Humans,album,City Slang / Arts & Crafts,2026,2026-01-01,year,just_out,,,25.3,B,City Slang Records (39 spins),,City Slang Records,0,On City Slang new-release shelf; date not confirmed,,,https://music.youtube.com/search?q=Broken+Social+Scene+Remember+The+Humans,https://bandcamp.com/search?q=Broken+Social+Scene+Remember+The+Humans,https://shop.cityslang.com/,shop.cityslang.com,https://shop.cityslang.com/,1,1,label:City Slang Records,2026-09-29
13,Chris Cohen,Paint a Room,album,Hardly Art,2026,2026-01-01,year,announced,,,24.7,C,Hardly Art (35 spins),,Hardly Art,0,In pre-orders/new releases; date not stated,,,https://music.youtube.com/search?q=Chris+Cohen+Paint+a+Room,https://bandcamp.com/search?q=Chris+Cohen+Paint+a+Room,https://www.hardlyart.com/,www.hardlyart.com,https://www.hardlyart.com/,1,1,label:Hardly Art,2026-09-29
14,tofusmell,All My Time,album,Hardly Art,2026,2026-01-01,year,announced,,,24.7,C,Hardly Art (35 spins),,Hardly Art,0,In pre-orders/new releases; date not stated,,,https://music.youtube.com/search?q=tofusmell+All+My+Time,https://bandcamp.com/search?q=tofusmell+All+My+Time,https://www.hardlyart.com/,www.hardlyart.com,https://www.hardlyart.com/,1,1,label:Hardly Art,2026-09-29
15,Mick Harvey & Amanda Acevedo,Psychedelia in White,album,Mute,2026,2026-01-01,year,just_out,,,23.8,C,Mute Records Ltd (30 spins),,Mute Records Ltd,0,Ex-Bad Seeds; Nick Cave cluster. Date not confirmed,,,https://music.youtube.com/search?q=Mick+Harvey+%26+Amanda+Acevedo+Psychedelia+in+White,https://bandcamp.com/search?q=Mick+Harvey+%26+Amanda+Acevedo+Psychedelia+in+White,https://mute.com/,mute.com,https://mute.com/,1,1,label:Mute Records Ltd,2026-09-29
16,Coil,Gold Is the Metal (With the Broadest Shoulders),reissue,Mute,2026,2026-01-01,year,announced,,,22.3,C,"Coil: aired on 9 shows, 58 YTM plays; Mute Records Ltd (30 spins)",Coil,Mute Records Ltd,0,Limited vinyl pre-order,,,https://music.youtube.com/search?q=Coil+Gold+Is+the+Metal+%28With+the+Broadest+Shoulders%29,https://bandcamp.com/search?q=Coil+Gold+Is+the+Metal+%28With+the+Broadest+Shoulders%29,https://mute.com/,mute.com,https://mute.com/,1,1,label:Mute Records Ltd,2026-09-29
17,Upper Wilds,Mercury,album,Thrill Jockey,2026,2026-01-01,year,just_out,Fever,,21.6,C,Thrill Jockey Records (20 spins),,Thrill Jockey Records,0,"Listed ""Out Now""",,,https://music.youtube.com/search?q=Upper+Wilds+Fever,https://bandcamp.com/search?q=Upper+Wilds+Mercury,https://thrilljockey.com/,thrilljockey.com,https://thrilljockey.com/,1,1,label:Thrill Jockey Records,2026-09-29
18,Jan St. Werner,Squares Will Fall,album,Thrill Jockey,2026,2026-01-01,year,announced,,,21.6,C,Thrill Jockey Records (20 spins),,Thrill Jockey Records,0,Pre-order; Mouse on Mars; features Justin Vernon,,,https://music.youtube.com/search?q=Jan+St.+Werner+Squares+Will+Fall,https://bandcamp.com/search?q=Jan+St.+Werner+Squares+Will+Fall,https://thrilljockey.com/,thrilljockey.com,https://thrilljockey.com/,1,1,label:Thrill Jockey Records,2026-09-29
19,Dent May,The Big One,album,Carpark,2026,2026-01-01,year,announced,,,21.3,C,Carpark Records (19 spins),,Carpark Records,0,Lead single out; date not confirmed,,,https://music.youtube.com/search?q=Dent+May+The+Big+One,https://bandcamp.com/search?q=Dent+May+The+Big+One,https://www.carparkrecords.com/,www.carparkrecords.com,https://www.carparkrecords.com/,1,1,label:Carpark Records,2026-09-29
20,Dale Crover,Get Yer Ba-Ba's Out,album,Joyful Noise,2026,2026-01-01,year,announced,,,19.6,C,Joyful Noise Records (14 spins),,Joyful Noise Records,0,Melvins drummer (Melvins profile artist). Listed under New Releases; date not confirmed,,,https://music.youtube.com/search?q=Dale+Crover+Get+Yer+Ba-Ba%27s+Out,https://bandcamp.com/search?q=Dale+Crover+Get+Yer+Ba-Ba%27s+Out,https://www.joyfulnoiserecordings.com/,www.joyfulnoiserecordings.com,https://www.joyfulnoiserecordings.com/,1,1,label:Joyful Noise Records,2026-09-29
21,Jeffrey Joe Jensen,New! Coke,album,Goner,2026,2026-01-01,year,announced,Loving You Has Just Crossed My Mind,,19.2,C,Goner Records (13 spins),,Goner Records,0,Pre-order; video by Owen Kline,,,https://music.youtube.com/search?q=Jeffrey+Joe+Jensen+Loving+You+Has+Just+Crossed+My+Mind,https://bandcamp.com/search?q=Jeffrey+Joe+Jensen+New%21+Coke,https://goner-records.com/,goner-records.com,https://goner-records.com/,1,1,label:Goner Records,2026-09-29
22,Alice Coltrane Turiyasangitananda,The Ashram Tapes,reissue,Matador,2026-TBA,2026-01-01,year,announced,,,19.0,C,Matador Records (400 spins),,Matador Records,0,Matador to release Turiyasangitananda devotional albums,,,https://music.youtube.com/search?q=Alice+Coltrane+Turiyasangitananda+The+Ashram+Tapes,https://bandcamp.com/search?q=Alice+Coltrane+Turiyasangitananda+The+Ashram+Tapes,https://matadorrecords.com/blogs/news,matadorrecords.com,https://matadorrecords.com/blogs/news https://matadorrecords.com/blogs/news/matador-records-to-release-alice-coltrane-turiyasangitananda-devotional-albums,2,1,label:Matador Records,2026-09-29
23,The Clean,"Great Sounds Great... EP reissue + ""Getting Older"" 7-inch",reissue,Merge,2026,2026-01-01,year,announced,Getting Older,,19.0,C,Merge Records (157 spins),,Merge Records,0,NZ Flying Nun legends; '90s indie canon influence,,,https://music.youtube.com/search?q=The+Clean+Getting+Older,https://bandcamp.com/search?q=The+Clean+Great+Sounds+Great...+EP+reissue+%2B+%22Getting+Older%22+7-inch,https://www.mergerecords.com/news,www.mergerecords.com,https://www.mergerecords.com/news,1,1,label:Merge Records,2026-09-29
24,Tanner York,Welcome to the Shower (reissue),reissue,Merge,2026,2026-01-01,year,announced,,,19.0,C,Merge Records (157 spins),,Merge Records,0,Newly signed to Merge,,,https://music.youtube.com/search?q=Tanner+York+Welcome+to+the+Shower+%28reissue%29,https://bandcamp.com/search?q=Tanner+York+Welcome+to+the+Shower+%28reissue%29,https://www.mergerecords.com/news,www.mergerecords.com,https://www.mergerecords.com/news,1,1,label:Merge Records,2026-09-29
25,Mojave 3,Mojave 3 (1995-2006) Boxset + album remasters,reissue,4AD,2026,2026-01-01,year,announced,,,19.0,C,4AD (117 spins),,4AD,0,Slowdive offshoot; 4AD goth/dream cluster,,,https://music.youtube.com/search?q=Mojave+3+Mojave+3+%281995-2006%29+Boxset+%2B+album+remasters,https://bandcamp.com/search?q=Mojave+3+Mojave+3+%281995-2006%29+Boxset+%2B+album+remasters,https://shopusa.4ad.com/,shopusa.4ad.com,https://shopusa.4ad.com/,1,1,label:4AD,2026-09-29
26,Xmal Deutschland,Peel: The Complete Peel Sessions,compilation,4AD,2026,2026-01-01,year,just_out,,,19.0,C,4AD (117 spins),,4AD,0,Goth/darkwave cluster,,,https://music.youtube.com/search?q=Xmal+Deutschland+Peel%3A+The+Complete+Peel+Sessions,https://bandcamp.com/search?q=Xmal+Deutschland+Peel%3A+The+Complete+Peel+Sessions,https://shopusa.4ad.com/,shopusa.4ad.com,https://shopusa.4ad.com/,1,1,label:4AD,2026-09-29
27,Elastica,Elastica (Deluxe Edition),reissue,Rough Trade,2026,2026-01-01,year,announced,,,19.0,C,Rough Trade Records (53 spins),,Rough Trade Records,0,Pre-order; date not stated. Britpop/post-punk,,,https://music.youtube.com/search?q=Elastica+Elastica+%28Deluxe+Edition%29,https://bandcamp.com/search?q=Elastica+Elastica+%28Deluxe+Edition%29,https://roughtraderecords.com/,roughtraderecords.com,https://roughtraderecords.com/,1,1,label:Rough Trade Records,2026-09-29
28,Amyl and The Sniffers,Truth Or Consequence,live,Rough Trade,2026,2026-01-01,year,announced,,,19.0,C,Rough Trade Records (53 spins),,Rough Trade Records,0,"Live album and film recorded at El Coyote, LA",,,https://music.youtube.com/search?q=Amyl+and+The+Sniffers+Truth+Or+Consequence,https://bandcamp.com/search?q=Amyl+and+The+Sniffers+Truth+Or+Consequence,https://roughtraderecords.com/,roughtraderecords.com,https://roughtraderecords.com/,1,1,label:Rough Trade Records,2026-09-29
29,Cabaret Voltaire,CODE (remaster),reissue,Mute,2026,2026-01-01,year,announced,,,15.4,C,"Cabaret Voltaire: aired on 2 shows, 5 YTM plays; Mute Records Ltd (30 spins)",Cabaret Voltaire,Mute Records Ltd,0,Long-awaited remaster,,,https://music.youtube.com/search?q=Cabaret+Voltaire+CODE+%28remaster%29,https://bandcamp.com/search?q=Cabaret+Voltaire+CODE+%28remaster%29,https://mute.com/,mute.com,https://mute.com/,1,1,label:Mute Records Ltd,2026-09-29
30,A Certain Ratio,The Joy Of Sextet & Force Majeure,reissue,Mute,2026,2026-01-01,year,just_out,,,11.8,C,Mute Records Ltd (30 spins),,Mute Records Ltd,0,Post-punk funk,,,https://music.youtube.com/search?q=A+Certain+Ratio+The+Joy+Of+Sextet+%26+Force+Majeure,https://bandcamp.com/search?q=A+Certain+Ratio+The+Joy+Of+Sextet+%26+Force+Majeure,https://mute.com/,mute.com,https://mute.com/,1,1,label:Mute Records Ltd,2026-09-29
31,The Nerves,Best Collection,compilation,Third Man,2026,2026-01-01,year,announced,,,10.1,C,Third Man Records (22 spins),,Third Man Records,0,Power-pop pioneers anthology (pre-order since Aug.),,,https://music.youtube.com/search?q=The+Nerves+Best+Collection,https://bandcamp.com/search?q=The+Nerves+Best+Collection,https://thirdmanrecords.com/,thirdmanrecords.com,https://thirdmanrecords.com/,1,1,label:Third Man Records,2026-09-29
32,Blondie,High Noon,album,,2026-TBA,2026-01-01,year,announced,,,9.1,C,"Blondie: aired on 3 shows, 11 YTM plays",Blondie,,0,,,,https://music.youtube.com/search?q=Blondie+High+Noon,https://bandcamp.com/search?q=Blondie+High+Noon,https://en.wikipedia.org/wiki/List_of_2026_albums,en.wikipedia.org,https://en.wikipedia.org/wiki/List_of_2026_albums,1,1,aggregator:wikipedia,2026-09-29
33,John Carpenter,Lost Themes II (Expanded 10th Anniversary Art Edition),reissue,Sacred Bones,2026,2026-01-01,year,announced,,,5.8,C,Sacred Bones Records (10 spins),,Sacred Bones Records,0,Halloween-season tie-in,,,https://music.youtube.com/search?q=John+Carpenter+Lost+Themes+II+%28Expanded+10th+Anniversary+Art+Edition%29,https://bandcamp.com/search?q=John+Carpenter+Lost+Themes+II+%28Expanded+10th+Anniversary+Art+Edition%29,https://www.sacredbonesrecords.com/,www.sacredbonesrecords.com,https://www.sacredbonesrecords.com/,1,1,label:Sacred Bones Records,2026-09-29
34,Ghetto Brothers,Power-Fuerza,reissue,Sacred Bones,2026,2026-01-01,year,announced,,,5.8,C,Sacred Bones Records (10 spins),,Sacred Bones Records,0,1972 South Bronx Latin funk; soul/funk cluster,,,https://music.youtube.com/search?q=Ghetto+Brothers+Power-Fuerza,https://bandcamp.com/search?q=Ghetto+Brothers+Power-Fuerza,https://www.sacredbonesrecords.com/,www.sacredbonesrecords.com,https://www.sacredbonesrecords.com/,1,1,label:Sacred Bones Records,2026-09-29
35,The Blood Brothers,Young Machetes (Collector's Edition),reissue,Epitaph,2026,2026-01-01,year,announced,,,5.3,C,Epitaph Records (9 spins),,Epitaph Records,0,New arrival 2xLP; date not stated,,,https://music.youtube.com/search?q=The+Blood+Brothers+Young+Machetes+%28Collector%27s+Edition%29,https://bandcamp.com/search?q=The+Blood+Brothers+Young+Machetes+%28Collector%27s+Edition%29,https://www.epitaph.com/,www.epitaph.com,https://www.epitaph.com/,1,1,label:Epitaph Records,2026-09-29
36,Michael Stipe,TBA (solo debut),album,,2026-TBA,2026-01-01,year,rumored,,,4.0,C,"R.E.M.: aired on 10 shows, 72 YTM plays in 90 days",R.E.M.,,0,R.E.M. in 90-day YTM rotation (72 plays),,,https://music.youtube.com/search?q=Michael+Stipe+TBA+%28solo+debut%29,https://bandcamp.com/search?q=Michael+Stipe+TBA+%28solo+debut%29,https://en.wikipedia.org/wiki/List_of_2026_albums,en.wikipedia.org,https://en.wikipedia.org/wiki/List_of_2026_albums,1,1,artist:R.E.M.,2026-09-29
37,Eiafuawn,Endless Body,album,Numero Group,2026,2026-01-01,year,announced,,,4.0,C,Numero Group (watchlist),,Numero Group,0,First new recordings in 20 years; slowcore,,,https://music.youtube.com/search?q=Eiafuawn+Endless+Body,https://bandcamp.com/search?q=Eiafuawn+Endless+Body,https://numerogroup.com/,numerogroup.com,https://numerogroup.com/,1,1,label:Numero Group,2026-09-29
38,Brainstory,Shoebox Days EP,EP,Big Crown,2026,2026-01-01,year,announced,Blend,,4.0,C,Big Crown (watchlist),,Big Crown,0,"Pre-order; ""The Watchers"" out now. Soul/psych",,,https://music.youtube.com/search?q=Brainstory+Blend,https://bandcamp.com/search?q=Brainstory+Shoebox+Days+EP,https://bigcrownrecords.com/,bigcrownrecords.com,https://bigcrownrecords.com/,1,1,label:Big Crown,2026-09-29
39,Courtney Love,TBA,album,,2026-TBA,2026-01-01,year,rumored,,,0,C,style fit (see notes),,,0,,,,https://music.youtube.com/search?q=Courtney+Love+TBA,https://bandcamp.com/search?q=Courtney+Love+TBA,https://en.wikipedia.org/wiki/List_of_2026_albums,en.wikipedia.org,https://en.wikipedia.org/wiki/List_of_2026_albums,1,1,aggregator:wikipedia,2026-09-29
40,Mineral,Might As Well Be Here,compilation,Numero Group,2026,2026-01-01,year,announced,,,0,C,Numero Group (watchlist),,Numero Group,0,Complete Crank!-era boxset,,,https://music.youtube.com/search?q=Mineral+Might+As+Well+Be+Here,https://bandcamp.com/search?q=Mineral+Might+As+Well+Be+Here,https://numerogroup.com/,numerogroup.com,https://numerogroup.com/,1,1,label:Numero Group,2026-09-29
41,Various Artists,Eccentric Folk Soul,compilation,Numero Group,2026,2026-01-01,year,announced,,,0,C,Numero Group (watchlist),,Numero Group,0,Soul/folk cluster,,,https://music.youtube.com/search?q=Various+Artists+Eccentric+Folk+Soul,https://bandcamp.com/search?q=Various+Artists+Eccentric+Folk+Soul,https://numerogroup.com/,numerogroup.com,https://numerogroup.com/,1,1,label:Numero Group,2026-09-29
42,Various Artists,BCR10: Ten Years of Big Crown Records,compilation,Big Crown,2026,2026-01-01,year,announced,,,0,C,Big Crown (watchlist),,Big Crown,0,"2LP pre-order; label home of El Michels Affair (144 YTM plays, 1 spin)",,,https://music.youtube.com/search?q=Various+Artists+BCR10%3A+Ten+Years+of+Big+Crown+Records,https://bandcamp.com/search?q=Various+Artists+BCR10%3A+Ten+Years+of+Big+Crown+Records,https://bigcrownrecords.com/,bigcrownrecords.com,https://bigcrownrecords.com/,1,1,label:Big Crown,2026-09-29
43,Scorpion Child,Acid Roulette + Scorpion Child (reissues),reissue,Heavy Psych Sounds,2026,2026-01-01,year,announced,,,0,C,Heavy Psych Sounds (watchlist),,Heavy Psych Sounds,0,Stoner cluster; pre-order,,,https://music.youtube.com/search?q=Scorpion+Child+Acid+Roulette+%2B+Scorpion+Child+%28reissues%29,https://bandcamp.com/search?q=Scorpion+Child+Acid+Roulette+%2B+Scorpion+Child+%28reissues%29,https://www.heavypsychsounds.com/,www.heavypsychsounds.com,https://www.heavypsychsounds.com/,1,1,label:Heavy Psych Sounds,2026-09-29
44,Los Natas,El Hombre Montaña + Corsario Negro (reissues),reissue,Heavy Psych Sounds,2026,2026-01-01,year,announced,,,0,C,Heavy Psych Sounds (watchlist),,Heavy Psych Sounds,0,Argentine stoner rock; pre-order,,,https://music.youtube.com/search?q=Los+Natas+El+Hombre+Monta%C3%B1a+%2B+Corsario+Negro+%28reissues%29,https://bandcamp.com/search?q=Los+Natas+El+Hombre+Monta%C3%B1a+%2B+Corsario+Negro+%28reissues%29,https://www.heavypsychsounds.com/,www.heavypsychsounds.com,https://www.heavypsychsounds.com/,1,1,label:Heavy Psych Sounds,2026-09-29
45,Cut Worms,Transmitter Demos,album,Jagjaguwar,2026-09,2026-09-01,month,just_out,,,41.6,B,"Cut Worms: aired on 2 shows, 42 YTM plays; Jagjaguwar Records (74 spins)",Cut Worms,Jagjaguwar Records,0,"Demos companion to ""Transmitter""",,,https://music.youtube.com/search?q=Cut+Worms+Transmitter+Demos,https://bandcamp.com/search?q=Cut+Worms+Transmitter+Demos,https://jagjaguwar.com/,jagjaguwar.com,https://jagjaguwar.com/,1,1,label:Jagjaguwar Records,2026-09-29
46,Teenage Fanclub,Be With You Tonight,single,Merge,2026-09,2026-09-01,month,single_out,,,39.2,B,"Teenage Fanclub: aired on 3 shows, 7 YTM plays; Merge Records (157 spins)",Teenage Fanclub,Merge Records,0,"Video; from ""Do Not Dare to Dream"" (Oct. 9)",,,https://music.youtube.com/search?q=Teenage+Fanclub+Be+With+You+Tonight,https://bandcamp.com/search?q=Teenage+Fanclub+Be+With+You+Tonight,https://www.mergerecords.com/news,www.mergerecords.com,https://www.mergerecords.com/news,1,1,label:Merge Records,2026-09-29
47,Julia Cumming,"Mom, I'm Going Back To Therapy",single,Partisan,2026-09,2026-09-01,month,single_out,,,35.0,B,Partisan Records (113 spins),,Partisan Records,0,"Sunflower Bean singer; twangy, Dolly Parton-inspired",,,https://music.youtube.com/search?q=Julia+Cumming+Mom%2C+I%27m+Going+Back+To+Therapy,https://bandcamp.com/search?q=Julia+Cumming+Mom%2C+I%27m+Going+Back+To+Therapy,https://partisanrecords.com/moment/julia-cumming-mom-im-going-back-to-therapy,partisanrecords.com,https://partisanrecords.com/moment/julia-cumming-mom-im-going-back-to-therapy,1,1,label:Partisan Records,2026-09-29
48,Squirrel Flower,Say a Prayer to the Gods of Getting Going,album,Polyvinyl,2026-09,2026-09-01,month,just_out,Cleveland,,35.0,B,Polyvinyl Records (47 spins),,Polyvinyl Records,0,"""Out now""; exact date not confirmed",,,https://music.youtube.com/search?q=Squirrel+Flower+Cleveland,https://bandcamp.com/search?q=Squirrel+Flower+Say+a+Prayer+to+the+Gods+of+Getting+Going,https://www.polyvinylrecords.com/,www.polyvinylrecords.com,https://www.polyvinylrecords.com/,1,1,label:Polyvinyl Records,2026-09-29
49,Imperial Teen,All Hands Up,single,Merge,2026-09,2026-09-01,month,single_out,,,35.0,B,Merge Records (157 spins),,Merge Records,0,"From ""All Over You"" (Oct. 9)",,,https://music.youtube.com/search?q=Imperial+Teen+All+Hands+Up,https://bandcamp.com/search?q=Imperial+Teen+All+Hands+Up,https://www.mergerecords.com/news,www.mergerecords.com,https://www.mergerecords.com/news,1,1,label:Merge Records,2026-09-29
50,Jasper Llewellyn,For the Teacher,single,Rough Trade,2026-09,2026-09-01,month,single_out,,,35.0,B,Rough Trade Records (53 spins),,Rough Trade Records,0,caroline co-founder; debut solo single,,,https://music.youtube.com/search?q=Jasper+Llewellyn+For+the+Teacher,https://bandcamp.com/search?q=Jasper+Llewellyn+For+the+Teacher,https://roughtraderecords.com/,roughtraderecords.com,https://roughtraderecords.com/,1,1,label:Rough Trade Records,2026-09-29
51,Tyler Ballgame,Live It Down,single,Rough Trade,2026-09,2026-09-01,month,single_out,,,35.0,B,Rough Trade Records (53 spins),,Rough Trade Records,0,Stand-alone single,,,https://music.youtube.com/search?q=Tyler+Ballgame+Live+It+Down,https://bandcamp.com/search?q=Tyler+Ballgame+Live+It+Down,https://roughtraderecords.com/,roughtraderecords.com,https://roughtraderecords.com/,1,1,label:Rough Trade Records,2026-09-29
52,Gilla Band,Alogia,single,Rough Trade,2026-09,2026-09-01,month,single_out,,,35.0,B,Rough Trade Records (53 spins),,Rough Trade Records,0,"From ""Pugnello""",,,https://music.youtube.com/search?q=Gilla+Band+Alogia,https://bandcamp.com/search?q=Gilla+Band+Alogia,https://roughtraderecords.com/,roughtraderecords.com,https://roughtraderecords.com/,1,1,label:Rough Trade Records,2026-09-29
53,Wednesday,Bleeds (Deluxe),album,Dead Oceans,2026-09-18,2026-09-18,day,just_out,June 2 (Early Version),,44.1,B,"Wednesday: aired on 1 shows, 8 YTM plays in 90 days; 1 spins in last 120 days; Dead Oceans (40 spins)",Wednesday,Dead Oceans,1,"Digital deluxe with demos. Wednesday: 29 YTM plays, 1 spin",,,https://music.youtube.com/search?q=Wednesday+June+2+%28Early+Version%29,https://bandcamp.com/search?q=Wednesday+Bleeds+%28Deluxe%29,https://deadoceans.com/news/wednesday-announce-bleeds-deluxe-out-september-18th/,deadoceans.com,https://deadoceans.com/news/wednesday-announce-bleeds-deluxe-out-september-18th/,1,1,label:Dead Oceans,2026-09-29
54,Orville Peck,Mule,album,Warner,2026-09-18,2026-09-18,day,just_out,,,37.7,B,"Orville Peck: aired on 4 shows, 9 YTM plays in 90 days; 3 spins in last 120 days; Warner Records (5 spins)",Orville Peck,Warner Records,3,Profile artist,,,https://music.youtube.com/search?q=Orville+Peck+Mule,https://bandcamp.com/search?q=Orville+Peck+Mule,https://en.wikipedia.org/wiki/List_of_2026_albums,en.wikipedia.org,https://en.wikipedia.org/wiki/List_of_2026_albums,1,1,artist:Orville Peck,2026-09-29
55,Rhiannon Giddens,Hope Is the Thing with Feathers,album,Nonesuch,2026-09-18,2026-09-18,day,just_out,Carolina Rain,,35.0,B,Nonesuch Records Inc. (136 spins),,Nonesuch Records Inc.,0,Americana. Recorded live with few overdubs. Includes four originals written by Giddens and Powell.,,,https://music.youtube.com/search?q=Rhiannon+Giddens+Carolina+Rain,https://bandcamp.com/search?q=Rhiannon+Giddens+Hope+Is+the+Thing+with+Feathers,https://www.nonesuch.com/journal/rhiannon-giddens-announces-hope-thing-feathers-out-september-18-nonesuch-records-2026-06-25,Nonesuch Records,https://en.wikipedia.org/wiki/List_of_2026_albums https://www.nonesuch.com/journal/rhiannon-giddens-announces-hope-thing-feathers-out-september-18-nonesuch-records-2026-06-25,2,1,label:Nonesuch Records Inc.,2026-09-29
56,Slow Pulp,Melodie,album,Anti-,2026-09-18,2026-09-18,day,just_out,,,35.0,B,Anti- (64 spins),,Anti-,0,,,,https://music.youtube.com/search?q=Slow+Pulp+Melodie,https://bandcamp.com/search?q=Slow+Pulp+Melodie,https://en.wikipedia.org/wiki/List_of_2026_albums,en.wikipedia.org,https://en.wikipedia.org/wiki/List_of_2026_albums,1,1,label:Anti-,2026-09-29
57,Now It's Overhead,In the Beginning,album,Saddle Creek,2026-09-18,2026-09-18,day,just_out,,,30.0,B,Saddle Creek Records (47 spins),,Saddle Creek Records,0,,,,https://music.youtube.com/search?q=Now+It%27s+Overhead+In+the+Beginning,https://bandcamp.com/search?q=Now+It%27s+Overhead+In+the+Beginning,https://en.wikipedia.org/wiki/List_of_2026_albums,en.wikipedia.org,https://en.wikipedia.org/wiki/List_of_2026_albums,1,1,label:Saddle Creek Records,2026-09-29
58,Jake Xerxes Fussell,The Old Beloved Path,album,Fat Possum,2026-09-18,2026-09-18,day,just_out,,,29.8,B,Fat Possum Records (43 spins),,Fat Possum Records,0,,,,https://music.youtube.com/search?q=Jake+Xerxes+Fussell+The+Old+Beloved+Path,https://bandcamp.com/search?q=Jake+Xerxes+Fussell+The+Old+Beloved+Path,https://en.wikipedia.org/wiki/List_of_2026_albums,en.wikipedia.org,https://en.wikipedia.org/wiki/List_of_2026_albums,1,1,label:Fat Possum Records,2026-09-29
59,Kristin Hersh,Sugar on Blackstone,album,Fire,2026-09-18,2026-09-18,day,just_out,,,29.8,B,"Kristin Hersh: aired on 5 shows, 21 YTM plays; Fire Records (25 spins)",Kristin Hersh,Fire Records,0,Throwing Muses; aired before on Fire,,,https://music.youtube.com/search?q=Kristin+Hersh+Sugar+on+Blackstone,https://bandcamp.com/search?q=Kristin+Hersh+Sugar+on+Blackstone,https://www.firerecords.com/,www.firerecords.com,https://www.firerecords.com/,1,1,label:Fire Records,2026-09-29
60,Son Lux,Out Into,album,City Slang,2026-09-18,2026-09-18,day,just_out,,,29.3,B,City Slang Records (39 spins),,City Slang Records,0,,,,https://music.youtube.com/search?q=Son+Lux+Out+Into,https://bandcamp.com/search?q=Son+Lux+Out+Into,https://en.wikipedia.org/wiki/List_of_2026_albums,en.wikipedia.org,https://en.wikipedia.org/wiki/List_of_2026_albums,1,1,label:City Slang Records,2026-09-29
61,Beck,Ride Lonesome,album,Capitol,2026-09-18,2026-09-18,day,just_out,,,23.5,C,"Beck: aired on 21 shows, 26 YTM plays in 90 days",Beck,,0,Profile artist (top 50),,,https://music.youtube.com/search?q=Beck+Ride+Lonesome,https://bandcamp.com/search?q=Beck+Ride+Lonesome,https://en.wikipedia.org/wiki/List_of_2026_albums,en.wikipedia.org,https://en.wikipedia.org/wiki/List_of_2026_albums,1,1,artist:Beck,2026-09-29
62,Various Artists,Maximum MN,compilation,Sub Pop,2026-09-18,2026-09-18,day,just_out,,,23.0,C,Sub Pop Records (271 spins),,Sub Pop Records,0,SP1754,,,https://music.youtube.com/search?q=Various+Artists+Maximum+MN,https://bandcamp.com/search?q=Various+Artists+Maximum+MN,https://www.subpop.com/releases,www.subpop.com,https://www.subpop.com/releases,1,1,label:Sub Pop Records,2026-09-29
63,"Bonnie ""Prince"" Billy",Ghosts of American Psychonauts,live,No Quarter,2026-09-18,2026-09-18,day,just_out,London May (live),2026-08,14.1,C,"Bonnie 'Prince' Billy: aired on 4 shows, 3 YTM plays in 90 days; 2 spins in last 120 days",Bonnie 'Prince' Billy,,2,"Eight-song live set recorded at The Pico Union Project, Los Angeles, Valentine's Day weekend 2025. His 2026 studio LP 'We Are Together Again' was Domino/No Quarter. Found while checking Drag City top artist Matt Sweeney & Bonnie Prince Billy.",,https://bonnieprincebilly.bandcamp.com/album/ghosts-of-american-psychonauts,https://music.youtube.com/search?q=Bonnie+%22Prince%22+Billy+London+May+%28live%29,https://bandcamp.com/search?q=Bonnie+%22Prince%22+Billy+Ghosts+of+American+Psychonauts,https://www.thelineofbestfit.com/news/bonnie-prince-billy-details-upcoming-live-album-ghosts-of-american-psychonauts,The Line of Best Fit / KLOF Mag,https://en.wikipedia.org/wiki/List_of_2026_albums https://www.thelineofbestfit.com/news/bonnie-prince-billy-details-upcoming-live-album-ghosts-of-american-psychonauts,2,1,artist:Matt Sweeney & Bonnie Prince Billy; label:Drag City Records,2026-09-29
64,Echo & the Bunnymen,Apples for Isaac,album,BMG,2026-09-18,2026-09-18,day,just_out,,,13.2,C,"Echo & The Bunnymen: aired on 5 shows, 21 YTM plays in 90 days",Echo & The Bunnymen,,0,In last-30-day YTM rotation,,,https://music.youtube.com/search?q=Echo+%26+the+Bunnymen+Apples+for+Isaac,https://bandcamp.com/search?q=Echo+%26+the+Bunnymen+Apples+for+Isaac,https://en.wikipedia.org/wiki/List_of_2026_albums,en.wikipedia.org,https://en.wikipedia.org/wiki/List_of_2026_albums,1,1,artist:Echo & the Bunnymen,2026-09-29
65,Neil Young and the Chrome Hearts,Second Song,album,Reprise,2026-09-18,2026-09-18,day,just_out,,,11.0,C,Neil Young: 1 YTM plays in 90 days,Neil Young,,0,,,,https://music.youtube.com/search?q=Neil+Young+and+the+Chrome+Hearts+Second+Song,https://bandcamp.com/search?q=Neil+Young+and+the+Chrome+Hearts+Second+Song,https://en.wikipedia.org/wiki/List_of_2026_albums,en.wikipedia.org,https://en.wikipedia.org/wiki/List_of_2026_albums,1,1,aggregator:wikipedia,2026-09-29
66,Dragonflies (Nigel Godrich and Dhani Harrison),Dragonflies,album,Dark Horse / BMG,2026-09-18,2026-09-18,day,just_out,,,8.0,C,style fit (see notes),,,0,Radiohead producer side project,,,https://music.youtube.com/search?q=Dragonflies+%28Nigel+Godrich+and+Dhani+Harrison%29+Dragonflies,https://bandcamp.com/search?q=Dragonflies+%28Nigel+Godrich+and+Dhani+Harrison%29+Dragonflies,https://en.wikipedia.org/wiki/List_of_2026_albums,en.wikipedia.org,https://en.wikipedia.org/wiki/List_of_2026_albums,1,1,aggregator:wikipedia,2026-09-29
67,Emma Ruth Rundle,These Killing Times,album,Errant Child,2026-09-18,2026-09-18,day,just_out,,,8.0,C,style fit (see notes),,,0,Goth/darkwave-adjacent songwriter,,,https://music.youtube.com/search?q=Emma+Ruth+Rundle+These+Killing+Times,https://bandcamp.com/search?q=Emma+Ruth+Rundle+These+Killing+Times,https://en.wikipedia.org/wiki/List_of_2026_albums,en.wikipedia.org,https://en.wikipedia.org/wiki/List_of_2026_albums,1,1,aggregator:wikipedia,2026-09-29
68,Frankie Rose,Hila,album,Born Losers / Night School,2026-09-18,2026-09-18,day,just_out,,,8.0,C,style fit (see notes),,,0,"Ex-Vivian Girls, Dum Dum Girls",,,https://music.youtube.com/search?q=Frankie+Rose+Hila,https://bandcamp.com/search?q=Frankie+Rose+Hila,https://en.wikipedia.org/wiki/List_of_2026_albums,en.wikipedia.org,https://en.wikipedia.org/wiki/List_of_2026_albums,1,1,aggregator:wikipedia,2026-09-29
69,Nicole Atkins,Drama,album,Sun / Wicked Game,2026-09-18,2026-09-18,day,just_out,,,8.0,C,style fit (see notes),,,0,,,,https://music.youtube.com/search?q=Nicole+Atkins+Drama,https://bandcamp.com/search?q=Nicole+Atkins+Drama,https://en.wikipedia.org/wiki/List_of_2026_albums,en.wikipedia.org,https://en.wikipedia.org/wiki/List_of_2026_albums,1,1,aggregator:wikipedia,2026-09-29
70,Team Dresch,Furthermore,album,Jealous Butcher,2026-09-18,2026-09-18,day,just_out,,,8.0,C,style fit (see notes),,,0,Queercore/riot grrrl veterans,,,https://music.youtube.com/search?q=Team+Dresch+Furthermore,https://bandcamp.com/search?q=Team+Dresch+Furthermore,https://en.wikipedia.org/wiki/List_of_2026_albums,en.wikipedia.org,https://en.wikipedia.org/wiki/List_of_2026_albums,1,1,aggregator:wikipedia,2026-09-29
71,Uncle Acid & the Deadbeats,Shapes of Midnight,album,Killer Candy,2026-09-18,2026-09-18,day,just_out,,,8.0,C,style fit (see notes),,,0,Stoner/psych cluster,,,https://music.youtube.com/search?q=Uncle+Acid+%26+the+Deadbeats+Shapes+of+Midnight,https://bandcamp.com/search?q=Uncle+Acid+%26+the+Deadbeats+Shapes+of+Midnight,https://en.wikipedia.org/wiki/List_of_2026_albums,en.wikipedia.org,https://en.wikipedia.org/wiki/List_of_2026_albums,1,1,aggregator:wikipedia,2026-09-29
72,The Mary Wallopers,Paddywhackery,album,,2026-09-18,2026-09-18,day,just_out,,,8.0,C,style fit (see notes),,,0,Irish folk-punk,,,https://music.youtube.com/search?q=The+Mary+Wallopers+Paddywhackery,https://bandcamp.com/search?q=The+Mary+Wallopers+Paddywhackery,https://en.wikipedia.org/wiki/List_of_2026_albums,en.wikipedia.org,https://en.wikipedia.org/wiki/List_of_2026_albums,1,1,aggregator:wikipedia,2026-09-29
73,Iron & Wine,Hen's Teeth (Deluxe Edition),album,Sub Pop,2026-09-22,2026-09-22,day,just_out,,,60.1,A,"Iron & Wine: aired on 18 shows, 21 YTM plays in 90 days; 1 spins in last 120 days; Sub Pop Records (271 spins)",Iron & Wine,Sub Pop Records,1,SP1761,,,https://music.youtube.com/search?q=Iron+%26+Wine+Hen%27s+Teeth+%28Deluxe+Edition%29,https://bandcamp.com/search?q=Iron+%26+Wine+Hen%27s+Teeth+%28Deluxe+Edition%29,https://www.subpop.com/releases,www.subpop.com,https://en.wikipedia.org/wiki/Hen%27s_Teeth https://www.subpop.com/releases,2,1,artist:Iron & Wine; label:Sub Pop Records,2026-09-29
74,Perfume Genius,Natural High,single,Matador,2026-09-22,2026-09-22,day,single_out,,2026-09-22,39.7,B,"Perfume Genius: aired on 1 shows, 4 YTM plays in 90 days; Matador Records (400 spins)",Perfume Genius,Matador Records,0,"From score for ""The Lesson""; more music expected 2027. Six-minute house rave-up.",,,https://music.youtube.com/search?q=Perfume+Genius+Natural+High,https://bandcamp.com/search?q=Perfume+Genius+Natural+High,https://matadorrecords.com/blogs/news/new-from-perfume-genius-natural-high,matadorrecords.com,https://matadorrecords.com/blogs/news/new-from-perfume-genius-natural-high,1,1,label:Matador Records,2026-09-29
75,Blondshell,Violins,album,Partisan,2026-09-25,2026-09-25,day,just_out,,,35.0,B,Partisan Records (113 spins),,Partisan Records,0,Confirms date,,,https://music.youtube.com/search?q=Blondshell+Violins,https://bandcamp.com/search?q=Blondshell+Violins,https://en.wikipedia.org/wiki/List_of_2026_albums,en.wikipedia.org,https://en.wikipedia.org/wiki/List_of_2026_albums https://partisanrecords.com/moment/blondshell-violins-out-now,2,1,label:Partisan Records,2026-09-29
76,Gilla Band,Pugnello,album,Rough Trade,2026-09-25,2026-09-25,day,just_out,,,35.0,B,Rough Trade Records (53 spins),,Rough Trade Records,0,"Irish noise-punk; RIYL Fontaines D.C., IDLES",,,https://music.youtube.com/search?q=Gilla+Band+Pugnello,https://bandcamp.com/search?q=Gilla+Band+Pugnello,https://en.wikipedia.org/wiki/List_of_2026_albums,en.wikipedia.org,https://en.wikipedia.org/wiki/List_of_2026_albums,1,1,label:Rough Trade Records,2026-09-29
77,Julia Jacklin,The Gem,album,4AD,2026-09-25,2026-09-25,day,just_out,Get Away From Me (I Think I'll Love You Soon),,35.0,B,4AD (117 spins),,4AD,0,"Fourth album and her 4AD debut (with Remote Control). 10 tracks, produced by Robert Muinos and recorded above The Gem bar in Collingwood. She plays the Castro Theatre Oct. 23-24 (see seed notes). A 2026-27 tour is announced.",a bold and fun nod to eighties jangle rock and to the Melbourne sound she fell in love with,https://juliajacklin.bandcamp.com/album/the-gem,https://music.youtube.com/search?q=Julia+Jacklin+Get+Away+From+Me+%28I+Think+I%27ll+Love+You+Soon%29,https://bandcamp.com/search?q=Julia+Jacklin+The+Gem,https://www.thelineofbestfit.com/news/julia-jacklin-announces-fourth-album-the-gem-shares-first-single-get-away-from-me-i-think-ill-love-you-soon,The Line of Best Fit,https://en.wikipedia.org/wiki/List_of_2026_albums https://www.thelineofbestfit.com/news/julia-jacklin-announces-fourth-album-the-gem-shares-first-single-get-away-from-me-i-think-ill-love-you-soon,2,1,label:4AD,2026-09-29
78,Oren Ambarchi,Cooked,album,Drag City,2026-09-25,2026-09-25,day,just_out,,,35.0,B,Drag City Records (154 spins),,Drag City Records,0,,,,https://music.youtube.com/search?q=Oren+Ambarchi+Cooked,https://bandcamp.com/search?q=Oren+Ambarchi+Cooked,https://en.wikipedia.org/wiki/List_of_2026_albums,en.wikipedia.org,https://en.wikipedia.org/wiki/List_of_2026_albums,1,1,label:Drag City Records,2026-09-29
79,Protomartyr,Hotel Usona,album,Domino,2026-09-25,2026-09-25,day,just_out,,,35.0,B,Domino Recording Company (93 spins),,Domino Recording Company,0,August Hall SF Oct. 24. Post-punk cluster,,,https://music.youtube.com/search?q=Protomartyr+Hotel+Usona,https://bandcamp.com/search?q=Protomartyr+Hotel+Usona,https://en.wikipedia.org/wiki/List_of_2026_albums,en.wikipedia.org,https://en.wikipedia.org/wiki/List_of_2026_albums,1,1,label:Domino Recording Company,2026-09-29
80,Tom Morello,Everyone Gets Everything They Want,album,Mom + Pop,2026-09-25,2026-09-25,day,just_out,,,35.0,B,Mom+Pop Music (60 spins),,Mom+Pop Music,0,,,,https://music.youtube.com/search?q=Tom+Morello+Everyone+Gets+Everything+They+Want,https://bandcamp.com/search?q=Tom+Morello+Everyone+Gets+Everything+They+Want,https://en.wikipedia.org/wiki/List_of_2026_albums,en.wikipedia.org,https://en.wikipedia.org/wiki/List_of_2026_albums,1,1,label:Mom+Pop Music,2026-09-29
81,Adult DVD,Adult DVD,album,Fat Possum,2026-09-25,2026-09-25,day,just_out,,,29.8,B,Fat Possum Records (43 spins),,Fat Possum Records,0,Leeds post-punk,,,https://music.youtube.com/search?q=Adult+DVD+Adult+DVD,https://bandcamp.com/search?q=Adult+DVD+Adult+DVD,https://en.wikipedia.org/wiki/List_of_2026_albums,en.wikipedia.org,https://en.wikipedia.org/wiki/List_of_2026_albums,1,1,label:Fat Possum Records,2026-09-29
82,Hermanos Gutiérrez,Los Ojos del Cóndor,album,Easy Eye Sound,2026-09-25,2026-09-25,day,just_out,,,29.0,B,Hermanos Gutiérrez: 1 YTM plays in 90 days; Easy Eye Sound (24 spins),Hermanos Gutiérrez,Easy Eye Sound,0,"58 YTM plays, never aired. Dan Auerbach label",,,https://music.youtube.com/search?q=Hermanos+Guti%C3%A9rrez+Los+Ojos+del+C%C3%B3ndor,https://bandcamp.com/search?q=Hermanos+Guti%C3%A9rrez+Los+Ojos+del+C%C3%B3ndor,https://en.wikipedia.org/wiki/List_of_2026_albums,en.wikipedia.org,https://en.wikipedia.org/wiki/List_of_2026_albums,1,1,label:Easy Eye Sound,2026-09-29
83,"The Reds, Pinks and Purples",True Love Daydream EP,EP,Fire,2026-09-25,2026-09-25,day,just_out,,,26.8,B,Fire Records (25 spins),,Fire Records,0,SF jangle-pop,,,https://music.youtube.com/search?q=The+Reds%2C+Pinks+and+Purples+True+Love+Daydream+EP,https://bandcamp.com/search?q=The+Reds%2C+Pinks+and+Purples+True+Love+Daydream+EP,https://www.firerecords.com/,www.firerecords.com,https://www.firerecords.com/,1,1,label:Fire Records,2026-09-29
84,The Veils,The Runaway Found / Nux Vomica / Sun Gangs (vinyl reissues),reissue,Rough Trade,2026-09-25,2026-09-25,day,just_out,,,23.0,C,Rough Trade Records (53 spins),,Rough Trade Records,0,NZ lush indie,,,https://music.youtube.com/search?q=The+Veils+The+Runaway+Found+%2F+Nux+Vomica+%2F+Sun+Gangs+%28vinyl+reissues%29,https://bandcamp.com/search?q=The+Veils+The+Runaway+Found+%2F+Nux+Vomica+%2F+Sun+Gangs+%28vinyl+reissues%29,https://roughtraderecords.com/,roughtraderecords.com,https://roughtraderecords.com/,1,1,label:Rough Trade Records,2026-09-29
85,Can,Live in Arles 1975,live,Mute / Spoon,2026-09-25,2026-09-25,day,just_out,,,20.7,C,"Can: aired on 9 shows, 1 YTM plays in 90 days; Mute Records Ltd (30 spins)",Can,Mute Records Ltd,0,Profile artist,,,https://music.youtube.com/search?q=Can+Live+in+Arles+1975,https://bandcamp.com/search?q=Can+Live+in+Arles+1975,https://en.wikipedia.org/wiki/List_of_2026_albums,en.wikipedia.org,https://en.wikipedia.org/wiki/List_of_2026_albums,1,1,label:Mute Records Ltd,2026-09-29
86,Ian Noe,Canyon Falls Trailer Band,album,Thirty Tigers,2026-09-25,2026-09-25,day,just_out,,,20.7,C,Thirty Tigers (8 spins),,Thirty Tigers,0,,,,https://music.youtube.com/search?q=Ian+Noe+Canyon+Falls+Trailer+Band,https://bandcamp.com/search?q=Ian+Noe+Canyon+Falls+Trailer+Band,https://en.wikipedia.org/wiki/List_of_2026_albums,en.wikipedia.org,https://en.wikipedia.org/wiki/List_of_2026_albums,1,1,label:Thirty Tigers,2026-09-29
87,Soft Cell,Danceteria,album,Republic of Music,2026-09-25,2026-09-25,day,just_out,,,8.0,C,style fit (see notes),,,0,'80s alt,,,https://music.youtube.com/search?q=Soft+Cell+Danceteria,https://bandcamp.com/search?q=Soft+Cell+Danceteria,https://en.wikipedia.org/wiki/List_of_2026_albums,en.wikipedia.org,https://en.wikipedia.org/wiki/List_of_2026_albums,1,1,aggregator:wikipedia,2026-09-29
88,The Wolfgang Press,Asylum Variations,album,Downwards,2026-09-25,2026-09-25,day,just_out,,,8.0,C,style fit (see notes),,,0,Ex-4AD goth/post-punk,,,https://music.youtube.com/search?q=The+Wolfgang+Press+Asylum+Variations,https://bandcamp.com/search?q=The+Wolfgang+Press+Asylum+Variations,https://en.wikipedia.org/wiki/List_of_2026_albums,en.wikipedia.org,https://en.wikipedia.org/wiki/List_of_2026_albums,1,1,aggregator:wikipedia,2026-09-29
89,The Yummy Fur,Everybody Talks About the Weather,album,Upset the Rhythm,2026-09-25,2026-09-25,day,just_out,,,8.0,C,style fit (see notes),,,0,"Glasgow post-punk, pre-Franz Ferdinand members",,,https://music.youtube.com/search?q=The+Yummy+Fur+Everybody+Talks+About+the+Weather,https://bandcamp.com/search?q=The+Yummy+Fur+Everybody+Talks+About+the+Weather,https://en.wikipedia.org/wiki/List_of_2026_albums,en.wikipedia.org,https://en.wikipedia.org/wiki/List_of_2026_albums,1,1,aggregator:wikipedia,2026-09-29
90,Starcleaner Reunion,Umbrella,album,Take Care,2026-09-25,2026-09-25,day,just_out,,,8.0,C,style fit (see notes),,,0,,,,https://music.youtube.com/search?q=Starcleaner+Reunion+Umbrella,https://bandcamp.com/search?q=Starcleaner+Reunion+Umbrella,https://en.wikipedia.org/wiki/List_of_2026_albums,en.wikipedia.org,https://en.wikipedia.org/wiki/List_of_2026_albums,1,1,aggregator:wikipedia,2026-09-29
91,Father John Misty,The X-panded Universe,single,Sub Pop Records,2026-09-29,2026-09-29,day,single_out,The X-panded Universe,2026-09-29,100,A,"Father John Misty: aired on 81 shows, 92 YTM plays in 90 days; 5 spins in last 120 days; Sub Pop Records (271 spins)",Father John Misty,Sub Pop Records,5,"Standalone single, his third of 2026 (after 'The Old Law' in Jan., 'The Payoff' in May). No album announced. Rare solo tour Dec. 9-19 with Damien Jurado, ending with two Carmel-by-the-Sea shows Dec. 18-19. Label not stated in results.",,https://fatherjohnmisty.bandcamp.com/album/the-x-panded-universe,https://music.youtube.com/search?q=Father+John+Misty+The+X-panded+Universe,https://bandcamp.com/search?q=Father+John+Misty+The+X-panded+Universe,https://consequence.net/2026/09/father-john-misty-the-x-panded-universe-2026-solo-tour/,Consequence,https://consequence.net/2026/09/father-john-misty-the-x-panded-universe-2026-solo-tour/ https://www.subpop.com/news/2026/09/29/listen_to_the_new_father_john_misty_single_the_x_panded_universe https://www.subpop.com/releases,3,1,artist:Father John Misty; label:Sub Pop Records,2026-09-29
92,Water Damage,Repair,album,,2026-10,2026-10-01,month,announced,,,8.0,C,style fit (see notes),,,0,"RIYL Black Angels, Dirty Three (long instrumental builds). Austin psych-rock/drone band: drones of 20-plus minutes with relentless percussion and swirling guitars. Long tracks, so best for a closing slot or an excerpt.",,,https://music.youtube.com/search?q=Water+Damage+Repair,https://bandcamp.com/search?q=Water+Damage+Repair,https://www.noripcord.com/10-albums-to-look-forward-to-in-october-2026/,No Ripcord,https://www.noripcord.com/10-albums-to-look-forward-to-in-october-2026/,1,1,aggregator:No Ripcord October 2026 preview,2026-09-29
93,Walt Disco,,album,,2026-10,2026-10-01,month,announced,,,8.0,C,style fit (see notes),,,0,"RIYL goth/darkwave, glam post-punk. Glasgow band. Named as an October 2026 release in No Ripcord's preview. Title and date still need confirming.",,,https://music.youtube.com/search?q=Walt+Disco+,https://bandcamp.com/search?q=Walt+Disco+,https://www.noripcord.com/10-albums-to-look-forward-to-in-october-2026/,No Ripcord,https://www.noripcord.com/10-albums-to-look-forward-to-in-october-2026/,1,1,aggregator:No Ripcord October 2026 preview,2026-09-29
94,Stef Chura,Dancing Alone on the Concrete,album,Saddle Creek,2026-10-02,2026-10-02,day,announced,,,56.7,A,"Stef Chura: aired on 17 shows, 1 YTM plays in 90 days; 1 spins in last 120 days; Saddle Creek Records (47 spins)",Stef Chura,Saddle Creek Records,1,Profile artist; opens for Dinosaur Jr. at Castro Oct. 18,,,https://music.youtube.com/search?q=Stef+Chura+Dancing+Alone+on+the+Concrete,https://bandcamp.com/search?q=Stef+Chura+Dancing+Alone+on+the+Concrete,https://en.wikipedia.org/wiki/List_of_2026_albums,en.wikipedia.org,https://en.wikipedia.org/wiki/List_of_2026_albums,1,1,artist:Stef Chura,2026-09-29
95,Way Dynamic,Massive Shoe,album,Jagjaguwar,2026-10-02,2026-10-02,day,announced,,,52.0,A,1 spins in last 120 days; Jagjaguwar Records (74 spins),,Jagjaguwar Records,1,,,,https://music.youtube.com/search?q=Way+Dynamic+Massive+Shoe,https://bandcamp.com/search?q=Way+Dynamic+Massive+Shoe,https://en.wikipedia.org/wiki/List_of_2026_albums,en.wikipedia.org,https://en.wikipedia.org/wiki/List_of_2026_albums,1,1,label:Jagjaguwar Records,2026-09-29
96,Swans,Newly Sentient Being,live,Young God,2026-10-02,2026-10-02,day,announced,,,43.5,B,"Swans: aired on 22 shows, 49 YTM plays; 3 spins in last 120 days; Young God Records (17 spins)",Swans,Young God Records,3,"Live album from the 2025 tour. The date comes only from a Wikipedia search summary and could not be checked against a second source (search budget ran out). The Young God label is a guess, not confirmed. Please verify before airing.",,,https://music.youtube.com/search?q=Swans+Newly+Sentient+Being,https://bandcamp.com/search?q=Swans+Newly+Sentient+Being,https://en.wikipedia.org/wiki/Swans_(band),Wikipedia,https://en.wikipedia.org/wiki/Swans_(band),1,1,artist:Swans,2026-09-29
97,Fat Dog,Cancel Me (I'm Tired),album,Domino,2026-10-02,2026-10-02,day,announced,,,40.0,B,Domino Recording Company (93 spins),,Domino Recording Company,0,UK post-punk/rave; RIYL Viagra Boys,,,https://music.youtube.com/search?q=Fat+Dog+Cancel+Me+%28I%27m+Tired%29,https://bandcamp.com/search?q=Fat+Dog+Cancel+Me+%28I%27m+Tired%29,https://en.wikipedia.org/wiki/List_of_2026_albums,en.wikipedia.org,https://en.wikipedia.org/wiki/List_of_2026_albums,1,1,label:Domino Recording Company,2026-09-29
98,Wynonna Judd,The Hard Truth,album,Anti-,2026-10-02,2026-10-02,day,announced,,,40.0,B,Anti- (64 spins),,Anti-,0,,,,https://music.youtube.com/search?q=Wynonna+Judd+The+Hard+Truth,https://bandcamp.com/search?q=Wynonna+Judd+The+Hard+Truth,https://en.wikipedia.org/wiki/List_of_2026_albums,en.wikipedia.org,https://en.wikipedia.org/wiki/List_of_2026_albums,1,1,label:Anti-,2026-09-29
99,Susanne Sundfør,Revelations of Divine Love,album,Bella Union,2026-10-02,2026-10-02,day,announced,,,30.3,B,Bella Union (19 spins),,Bella Union,0,,,,https://music.youtube.com/search?q=Susanne+Sundf%C3%B8r+Revelations+of+Divine+Love,https://bandcamp.com/search?q=Susanne+Sundf%C3%B8r+Revelations+of+Divine+Love,https://en.wikipedia.org/wiki/List_of_2026_albums,en.wikipedia.org,https://en.wikipedia.org/wiki/List_of_2026_albums,1,1,label:Bella Union,2026-09-29
100,Spike Fuck,Evidence,album,Sacred Bones,2026-10-02,2026-10-02,day,announced,,,26.8,B,Sacred Bones Records (10 spins),,Sacred Bones Records,0,,,,https://music.youtube.com/search?q=Spike+Fuck+Evidence,https://bandcamp.com/search?q=Spike+Fuck+Evidence,https://en.wikipedia.org/wiki/List_of_2026_albums,en.wikipedia.org,https://en.wikipedia.org/wiki/List_of_2026_albums,1,1,label:Sacred Bones Records,2026-09-29
101,Vanishing Twin,Archives,compilation,Fire,2026-10-02,2026-10-02,day,announced,,,19.8,C,Fire Records (25 spins),,Fire Records,0,RIYL Stereolab,,,https://music.youtube.com/search?q=Vanishing+Twin+Archives,https://bandcamp.com/search?q=Vanishing+Twin+Archives,https://en.wikipedia.org/wiki/List_of_2026_albums,en.wikipedia.org,https://en.wikipedia.org/wiki/List_of_2026_albums,1,1,label:Fire Records,2026-09-29
102,Greg Freeman,All Set the Bone,album,Transgressive / Canvasback,2026-10-02,2026-10-02,day,announced,,,13.0,C,style fit (see notes),,,0,RIYL MJ Lenderman,,,https://music.youtube.com/search?q=Greg+Freeman+All+Set+the+Bone,https://bandcamp.com/search?q=Greg+Freeman+All+Set+the+Bone,https://en.wikipedia.org/wiki/List_of_2026_albums,en.wikipedia.org,https://en.wikipedia.org/wiki/List_of_2026_albums https://www.noripcord.com/10-albums-to-look-forward-to-in-october-2026/,2,1,aggregator:No Ripcord October 2026 preview; aggregator:wikipedia,2026-09-29
103,Wishy,Nature's Pill,album,,2026-10-02,2026-10-02,day,announced,,,13.0,C,style fit (see notes),,,0,Indiana power-pop/shoegaze,,,https://music.youtube.com/search?q=Wishy+Nature%27s+Pill,https://bandcamp.com/search?q=Wishy+Nature%27s+Pill,https://en.wikipedia.org/wiki/List_of_2026_albums,en.wikipedia.org,https://en.wikipedia.org/wiki/List_of_2026_albums https://www.noripcord.com/10-albums-to-look-forward-to-in-october-2026/,2,1,aggregator:No Ripcord October 2026 preview; aggregator:wikipedia,2026-09-29
104,Vacations,Pursuit of Anything,album,Nettwerk,2026-10-02,2026-10-02,day,announced,,,13.0,C,style fit (see notes),,,0,"RIYL Courtney Barnett, jangle pop. Fourth album from this band from Newcastle, Australia, described as a breezy, jangly record. Label and exact date not confirmed.",,,https://music.youtube.com/search?q=Vacations+Pursuit+of+Anything,https://bandcamp.com/search?q=Vacations+Pursuit+of+Anything,https://en.wikipedia.org/wiki/List_of_2026_albums,en.wikipedia.org,https://en.wikipedia.org/wiki/List_of_2026_albums https://www.noripcord.com/10-albums-to-look-forward-to-in-october-2026/,2,1,aggregator:No Ripcord October 2026 preview; aggregator:wikipedia,2026-09-29
105,Deerhoof,Divine Schism,album,,2026-10-02,2026-10-02,day,announced,,,13.0,C,style fit (see notes),,,0,Bottom of the Hill Oct. 2-3. Polyvinyl alumni,,,https://music.youtube.com/search?q=Deerhoof+Divine+Schism,https://bandcamp.com/search?q=Deerhoof+Divine+Schism,https://en.wikipedia.org/wiki/List_of_2026_albums,en.wikipedia.org,https://en.wikipedia.org/wiki/List_of_2026_albums,1,1,label:Polyvinyl Records,2026-09-29
106,Johnny Marr,The Age of Everything,album,New Voodoo / BMG,2026-10-02,2026-10-02,day,announced,,,13.0,C,style fit (see notes),,,0,The Smiths (profile artist),,,https://music.youtube.com/search?q=Johnny+Marr+The+Age+of+Everything,https://bandcamp.com/search?q=Johnny+Marr+The+Age+of+Everything,https://en.wikipedia.org/wiki/List_of_2026_albums,en.wikipedia.org,https://en.wikipedia.org/wiki/List_of_2026_albums,1,1,aggregator:wikipedia,2026-09-29
107,Lenny Kaye,Riot on Oxford Street,album,IN.2,2026-10-02,2026-10-02,day,announced,,,13.0,C,style fit (see notes),,,0,Nuggets compiler / Patti Smith Group,,,https://music.youtube.com/search?q=Lenny+Kaye+Riot+on+Oxford+Street,https://bandcamp.com/search?q=Lenny+Kaye+Riot+on+Oxford+Street,https://en.wikipedia.org/wiki/List_of_2026_albums,en.wikipedia.org,https://en.wikipedia.org/wiki/List_of_2026_albums,1,1,aggregator:wikipedia,2026-09-29
108,Meshell Ndegeocello,Synonym,album,Blue Note,2026-10-02,2026-10-02,day,announced,,,13.0,C,style fit (see notes),,,0,Soul/funk cluster,,,https://music.youtube.com/search?q=Meshell+Ndegeocello+Synonym,https://bandcamp.com/search?q=Meshell+Ndegeocello+Synonym,https://en.wikipedia.org/wiki/List_of_2026_albums,en.wikipedia.org,https://en.wikipedia.org/wiki/List_of_2026_albums,1,1,aggregator:wikipedia,2026-09-29
109,The Album Leaf,A Body of Voices,album,Nettwerk,2026-10-02,2026-10-02,day,announced,,,13.0,C,style fit (see notes),,,0,,,,https://music.youtube.com/search?q=The+Album+Leaf+A+Body+of+Voices,https://bandcamp.com/search?q=The+Album+Leaf+A+Body+of+Voices,https://en.wikipedia.org/wiki/List_of_2026_albums,en.wikipedia.org,https://en.wikipedia.org/wiki/List_of_2026_albums,1,1,aggregator:wikipedia,2026-09-29
110,Paul Weller,In the Shadow of the Sun (Live),live,,2026-10-02,2026-10-02,day,announced,,,1.0,C,style fit (see notes),,,0,The Jam (profile artist),,,https://music.youtube.com/search?q=Paul+Weller+In+the+Shadow+of+the+Sun+%28Live%29,https://bandcamp.com/search?q=Paul+Weller+In+the+Shadow+of+the+Sun+%28Live%29,https://en.wikipedia.org/wiki/List_of_2026_albums,en.wikipedia.org,https://en.wikipedia.org/wiki/List_of_2026_albums,1,1,aggregator:wikipedia,2026-09-29
111,Bodega,All Inside Aquarium,album,Chrysalis,2026-10-09,2026-10-09,day,announced,Literary World,2026-09-10,69.1,A,"Bodega: aired on 67 shows, 14 YTM plays in 90 days; 15 spins in last 120 days",Bodega,,15,"4th album. Recorded live with producer Matt Peel in a deconsecrated church in Leeds. Hozie calls the sound 'Stone Roses-meets-Jane's Addiction'. Title track was an earlier single. 'Literary World' 7-inch (B-side 'Heart is Humming') came out Sept. 11 per Upcoming Vinyl; blog posts about the digital single are dated Sept. 10. The seed notes' single date of Sept. 16 looks wrong. Art installation at Millennium Film Workshop, Bushwick, Oct. 6-13.","If there's one thesis song, it would be 'Literary World.' - Ben Hozie",,https://music.youtube.com/search?q=Bodega+Literary+World,https://bandcamp.com/search?q=Bodega+All+Inside+Aquarium,https://www.clickrollboom.co.uk/news/nycs-bodega-share-new-single-literary-world-new-lp-all-inside-aquarium-out-october-9th-on-chrysalis-records,Click Roll Boom,https://www.clickrollboom.co.uk/news/nycs-bodega-share-new-single-literary-world-new-lp-all-inside-aquarium-out-october-9th-on-chrysalis-records,1,1,artist:Bodega,2026-09-29
112,Death Valley Girls,Welcome to Earth,album,Suicide Squeeze,2026-10-09,2026-10-09,day,announced,Basic Witch,2026-09-02,50.5,A,"Death Valley Girls: aired on 1 shows, 2 YTM plays in 90 days; 1 spins in last 120 days; Suicide Squeeze Records (46 spins)",Death Valley Girls,Suicide Squeeze Records,1,"Second single; features Seth Bogart on vocals, and the video features Exene Cervenka of X. Album shaped by Bonnie Bloomgarden losing her Altadena home in the Eaton Fire. Plays Catalyst, Santa Cruz, Oct. 2 (per seed notes). Bandcamp: https://deathvalleygirls.bandcamp.com/album/welcome-to-earth",,https://music.youtube.com/watch?v=AUcz4ObhEWc,https://music.youtube.com/search?q=Death+Valley+Girls+Basic+Witch,https://bandcamp.com/search?q=Death+Valley+Girls+Welcome+to+Earth,https://www.undertheradarmag.com/news/death_valley_girls_share_video_for_new_song_basic_witch,Under the Radar,https://en.wikipedia.org/wiki/List_of_2026_albums https://www.undertheradarmag.com/news/death_valley_girls_share_video_for_new_song_basic_witch,2,1,label:Suicide Squeeze Records,2026-09-29
113,The Tallest Man on Earth,Just Beyond Endless Mountain,album,Anti-,2026-10-09,2026-10-09,day,announced,,,44.6,B,"The Tallest Man On Earth: aired on 5 shows, 10 YTM plays; Anti- (64 spins)",The Tallest Man On Earth,Anti-,0,,,,https://music.youtube.com/search?q=The+Tallest+Man+on+Earth+Just+Beyond+Endless+Mountain,https://bandcamp.com/search?q=The+Tallest+Man+on+Earth+Just+Beyond+Endless+Mountain,https://en.wikipedia.org/wiki/List_of_2026_albums,en.wikipedia.org,https://en.wikipedia.org/wiki/List_of_2026_albums,1,1,label:Anti-,2026-09-29
114,Teenage Fanclub,Do Not Dare to Dream,album,Merge Records,2026-10-09,2026-10-09,day,announced,Be With You Tonight,,44.2,B,"Teenage Fanclub: aired on 3 shows, 7 YTM plays; Merge Records (157 spins)",Teenage Fanclub,Merge Records,0,"13th album, first since 2023's Nothing Lasts Forever. Recorded at Black Bay Studio on Great Bernera, Scotland. Singles so far: 'Day in the Sun' (July 2026, with video), 'There Was You' (per Backseat Mafia), 'Be With You Tonight' (per seed_notes; date not confirmed this pass). The quote is Raymond McGinley's.",We can still be cheerful and optimistic in the face of things not being great.,https://teenage-fanclub.bandcamp.com/album/do-not-dare-to-dream,https://music.youtube.com/search?q=Teenage+Fanclub+Be+With+You+Tonight,https://bandcamp.com/search?q=Teenage+Fanclub+Do+Not+Dare+to+Dream,https://www.nme.com/news/music/teenage-fanclub-announce-new-album-do-not-dare-to-dream-with-atmospheric-single-day-in-the-sun-3958562,NME,https://en.wikipedia.org/wiki/List_of_2026_albums https://www.brooklynvegan.com/teenage-fanclub-announce-new-album-share-day-in-the-sun https://www.nme.com/news/music/teenage-fanclub-announce-new-album-do-not-dare-to-dream-with-atmospheric-single-day-in-the-sun-3958562,3,1,aggregator:No Ripcord October 2026 preview; label:Merge Records,2026-09-29
115,Jess Williamson,A Mile South of Heaven,album,New West,2026-10-09,2026-10-09,day,announced,,,40.0,B,New West Records (122 spins),,New West Records,0,"Pre-order, New West store",,,https://music.youtube.com/search?q=Jess+Williamson+A+Mile+South+of+Heaven,https://bandcamp.com/search?q=Jess+Williamson+A+Mile+South+of+Heaven,https://www.newwestrecords.com/,www.newwestrecords.com,https://www.newwestrecords.com/,1,1,label:New West Records,2026-09-29
116,Dawn Richard,Creole Culture,album,Merge,2026-10-09,2026-10-09,day,announced,,,40.0,B,Merge Records (157 spins),,Merge Records,0,,,,https://music.youtube.com/search?q=Dawn+Richard+Creole+Culture,https://bandcamp.com/search?q=Dawn+Richard+Creole+Culture,https://en.wikipedia.org/wiki/List_of_2026_albums,en.wikipedia.org,https://en.wikipedia.org/wiki/List_of_2026_albums,1,1,label:Merge Records,2026-09-29
117,Imperial Teen,All Over You,album,Merge Records,2026-10-09,2026-10-09,day,announced,All Over You,2026-08-26,40.0,B,Merge Records (157 spins),,Merge Records,0,"Seventh album. Lead single 'Overdrive' (Aug. 4, 2026, video: https://music.youtube.com/watch?v=zveNaOU2-zE) has a nod to the Sex Pistols. Title-track video posted Aug. 26. Press describes it as bubblegum, boy/girl harmonies, electro beats and grungy distortion. SF band.",,https://music.youtube.com/watch?v=3g4flL2RdEE,https://music.youtube.com/search?q=Imperial+Teen+All+Over+You,https://bandcamp.com/search?q=Imperial+Teen+All+Over+You,https://mergerecords.com/news/6516,Merge Records,https://en.wikipedia.org/wiki/List_of_2026_albums https://mergerecords.com/news/6516,2,1,label:Merge Records,2026-09-29
118,Cameron Winter,Live at Carnegie Hall,live,Partisan,2026-10-09,2026-10-09,day,announced,,,37.5,B,"Cameron Winter: aired on 6 shows, 5 YTM plays in 90 days; Partisan Records (113 spins)",Cameron Winter,Partisan Records,0,"December 2025 show; digital, CD, vinyl",,,https://music.youtube.com/search?q=Cameron+Winter+Live+at+Carnegie+Hall,https://bandcamp.com/search?q=Cameron+Winter+Live+at+Carnegie+Hall,https://partisanrecords.com/,partisanrecords.com,https://partisanrecords.com/,1,1,"artist:Winter, Cameron; label:Partisan Records",2026-09-29
119,Danielle Ponder,Everything Has Changed,album,Dead Oceans,2026-10-09,2026-10-09,day,announced,,,34.4,B,Dead Oceans (40 spins),,Dead Oceans,0,Soul,,,https://music.youtube.com/search?q=Danielle+Ponder+Everything+Has+Changed,https://bandcamp.com/search?q=Danielle+Ponder+Everything+Has+Changed,https://en.wikipedia.org/wiki/List_of_2026_albums,en.wikipedia.org,https://en.wikipedia.org/wiki/List_of_2026_albums,1,1,label:Dead Oceans,2026-09-29
120,HAAi,Digitise,album,Mute,2026-10-09,2026-10-09,day,announced,,,32.8,B,Mute Records Ltd (30 spins),,Mute Records Ltd,0,Electronic,,,https://music.youtube.com/search?q=HAAi+Digitise,https://bandcamp.com/search?q=HAAi+Digitise,https://en.wikipedia.org/wiki/List_of_2026_albums,en.wikipedia.org,https://en.wikipedia.org/wiki/List_of_2026_albums,1,1,label:Mute Records Ltd,2026-09-29
121,Todd Snider,My Second Rodeo,album,Aimless / Thirty Tigers,2026-10-09,2026-10-09,day,announced,,,25.7,B,Thirty Tigers (8 spins),,Thirty Tigers,0,,,,https://music.youtube.com/search?q=Todd+Snider+My+Second+Rodeo,https://bandcamp.com/search?q=Todd+Snider+My+Second+Rodeo,https://en.wikipedia.org/wiki/List_of_2026_albums,en.wikipedia.org,https://en.wikipedia.org/wiki/List_of_2026_albums,1,1,label:Thirty Tigers,2026-09-29
122,Mildlife,Live On Earth,live,Innovative Leisure,2026-10-09,2026-10-09,day,announced,,,22.6,C,Innovative Leisure Records (41 spins),,Innovative Leisure Records,0,Melbourne cosmic jazz-funk; RIYL Khruangbin,,,https://music.youtube.com/search?q=Mildlife+Live+On+Earth,https://bandcamp.com/search?q=Mildlife+Live+On+Earth,https://innovativeleisure.net/,innovativeleisure.net,https://innovativeleisure.net/,1,1,label:Innovative Leisure Records,2026-09-29
123,Claire Cronin,The Bruise,album,Orindal,2026-10-09,2026-10-09,day,announced,,,13.0,C,style fit (see notes),,,0,,,,https://music.youtube.com/search?q=Claire+Cronin+The+Bruise,https://bandcamp.com/search?q=Claire+Cronin+The+Bruise,https://en.wikipedia.org/wiki/List_of_2026_albums,en.wikipedia.org,https://en.wikipedia.org/wiki/List_of_2026_albums,1,1,aggregator:wikipedia,2026-09-29
124,Graveyard,Fever,album,,2026-10-09,2026-10-09,day,announced,,,13.0,C,style fit (see notes),,,0,Swedish heavy blues/stoner,,,https://music.youtube.com/search?q=Graveyard+Fever,https://bandcamp.com/search?q=Graveyard+Fever,https://en.wikipedia.org/wiki/List_of_2026_albums,en.wikipedia.org,https://en.wikipedia.org/wiki/List_of_2026_albums,1,1,aggregator:wikipedia,2026-09-29
125,Jamie T,Ghosts (100 Days of Morning),album,,2026-10-09,2026-10-09,day,announced,,,13.0,C,style fit (see notes),,,0,,,,https://music.youtube.com/search?q=Jamie+T+Ghosts+%28100+Days+of+Morning%29,https://bandcamp.com/search?q=Jamie+T+Ghosts+%28100+Days+of+Morning%29,https://en.wikipedia.org/wiki/List_of_2026_albums,en.wikipedia.org,https://en.wikipedia.org/wiki/List_of_2026_albums,1,1,aggregator:wikipedia,2026-09-29
126,Margo Cilker,Little White Cross,album,Fossil,2026-10-09,2026-10-09,day,announced,,,13.0,C,style fit (see notes),,,0,Americana,,,https://music.youtube.com/search?q=Margo+Cilker+Little+White+Cross,https://bandcamp.com/search?q=Margo+Cilker+Little+White+Cross,https://en.wikipedia.org/wiki/List_of_2026_albums,en.wikipedia.org,https://en.wikipedia.org/wiki/List_of_2026_albums,1,1,aggregator:wikipedia,2026-09-29
127,Queen of Jeans,Hard/Sweet,album,Memory Music,2026-10-09,2026-10-09,day,announced,,,13.0,C,style fit (see notes),,,0,,,,https://music.youtube.com/search?q=Queen+of+Jeans+Hard%2FSweet,https://bandcamp.com/search?q=Queen+of+Jeans+Hard%2FSweet,https://en.wikipedia.org/wiki/List_of_2026_albums,en.wikipedia.org,https://en.wikipedia.org/wiki/List_of_2026_albums,1,1,aggregator:wikipedia,2026-09-29
128,Twin Temple,Doomed Lovers,album,Pentagrammaton,2026-10-09,2026-10-09,day,announced,,,13.0,C,style fit (see notes),,,0,Satanic doo-wop; touring with Death Valley Girls,,,https://music.youtube.com/search?q=Twin+Temple+Doomed+Lovers,https://bandcamp.com/search?q=Twin+Temple+Doomed+Lovers,https://en.wikipedia.org/wiki/List_of_2026_albums,en.wikipedia.org,https://en.wikipedia.org/wiki/List_of_2026_albums,1,1,aggregator:wikipedia,2026-09-29
129,Car Seat Headrest,Teen of Denial: Joe's Story (physical edition),reissue,Matador,2026-10-16,2026-10-16,day,announced,,,73.5,A,"Car Seat Headrest: aired on 54 shows, 16 YTM plays in 90 days; 8 spins in last 120 days; Matador Records (400 spins)",Car Seat Headrest,Matador Records,8,"Reimagined 10th-anniversary 'Teens of Denial'. Digital release was May 20, 2026; the physical edition follows Oct. 16. Tape Op ran a feature on Sept. 28, 2026. Studio LP 'The Scholars' came out May 2026. Label is assumed to be Matador, the band's label; the Bandcamp snippet did not state it.","a freshly reimagined take on Car Seat Headrest's beloved breakout, 'Teens of Denial,' now celebrating its 10th anniversary",https://carseatheadrest.bandcamp.com/album/teen-of-denial-joe-s-story,https://music.youtube.com/search?q=Car+Seat+Headrest+Teen+of+Denial%3A+Joe%27s+Story+%28physical+edition%29,https://bandcamp.com/search?q=Car+Seat+Headrest+Teen+of+Denial%3A+Joe%27s+Story+%28physical+edition%29,https://carseatheadrest.bandcamp.com/album/teen-of-denial-joe-s-story,Car Seat Headrest Bandcamp,https://carseatheadrest.bandcamp.com/album/teen-of-denial-joe-s-story https://matadorrecords.com/blogs/news/car-seat-headrest-teen-of-denial-joes-story https://matadorrecords.com/products/ole2247-teen-of-denial-joe-s-story,3,1,artist:Car Seat Headrest; label:Matador Records,2026-09-29
130,Fontaines D.C.,Dopamine Chamber,album,XL Recordings,2026-10-16,2026-10-16,day,announced,Marianne,,54.9,A,"Fontaines D.C.: aired on 37 shows, 17 YTM plays in 90 days; Xl Recordings (35 spins)",Fontaines D.C.,Xl Recordings,0,"5th album, produced by James Ford. Moves toward a colder, more synthetic sound. ROSALIA guests on 'Where Is Gone?', the band's first featured guest. Tracklist revealed Sept. 17. New song 'Tongue' was debuted live at Kings Theatre, Brooklyn, on Sept. 21 (preview_url is fan video of that show). Wikipedia lists 'Tongue' as a single, but no studio release date was confirmed. 'Marianne' was announced in August (Consequence, 2026/08).",The album itself is a dopamine chamber... You step inside and we test these different mind- or mood-altering pieces of music on you.,https://music.youtube.com/watch?v=6fPUJYY-wts,https://music.youtube.com/search?q=Fontaines+D.C.+Marianne,https://bandcamp.com/search?q=Fontaines+D.C.+Dopamine+Chamber,https://stereogum.com/2512171/fontaines-d-c-debut-tongue-in-brooklyn-reveal-that-rosalia-is-on-dopamine-chamber/news,Stereogum,https://stereogum.com/2512171/fontaines-d-c-debut-tongue-in-brooklyn-reveal-that-rosalia-is-on-dopamine-chamber/news https://www.nme.com/news/music/fontaines-d-c-announce-details-of-new-album-dopamine-chamber-with-epic-single-marianne-pre-order-tour-3963277,2,1,aggregator:No Ripcord October 2026 preview; artist:Fontaines D.C.,2026-09-29
131,Richard Thompson,"Hippies, Thugs and Heroes",album,New West,2026-10-16,2026-10-16,day,announced,,,40.0,B,New West Records (122 spins),,New West Records,0,"Pre-order, New West store",,,https://music.youtube.com/search?q=Richard+Thompson+Hippies%2C+Thugs+and+Heroes,https://bandcamp.com/search?q=Richard+Thompson+Hippies%2C+Thugs+and+Heroes,https://www.newwestrecords.com/,www.newwestrecords.com,https://www.newwestrecords.com/,1,1,label:New West Records,2026-09-29
132,Steve Earle / Los Lobos,Volver A Celaya / City of Immigrants,single,New West,2026-10-16,2026-10-16,day,announced,,,40.0,B,New West Records (122 spins),,New West Records,0,Split 7-inch,,,https://music.youtube.com/search?q=Steve+Earle+%2F+Los+Lobos+Volver+A+Celaya+%2F+City+of+Immigrants,https://bandcamp.com/search?q=Steve+Earle+%2F+Los+Lobos+Volver+A+Celaya+%2F+City+of+Immigrants,https://www.newwestrecords.com/,www.newwestrecords.com,https://www.newwestrecords.com/,1,1,label:New West Records,2026-09-29
133,@,Autosmile,album,4AD,2026-10-16,2026-10-16,day,announced,Bird,2026-09-15,40.0,B,4AD (117 spins),,4AD,0,"Philadelphia art-folk duo (Victoria Rose and Stone Filipczak), pronounced 'at'. This is their first 4AD album (with Remote Control). Earlier singles: 'Autosmile' (nearly 7 minutes) and 'Punish My Mind'. They tour Oct. and Nov. 2026, plus a 2027 North American headline tour starting Jan. 16 in Philadelphia. The single date comes from the FEMMUSIC post dated Sept. 15.",This song was inspired by dead baby birds that kept appearing on my deck.,https://music.youtube.com/watch?v=b1gAkor2JgU,https://music.youtube.com/search?q=%40+Bird,https://bandcamp.com/search?q=%40+Autosmile,https://www.undertheradarmag.com/news/share_video_for_new_song_bird_and_announce_new_tour_dates,Under the Radar,https://en.wikipedia.org/wiki/List_of_2026_albums https://www.undertheradarmag.com/news/share_video_for_new_song_bird_and_announce_new_tour_dates,2,1,label:4AD,2026-09-29
134,Dummy,Do You Love the Color of the Sky?,album,Polyvinyl,2026-10-16,2026-10-16,day,announced,,,40.0,B,Polyvinyl Records (47 spins),,Polyvinyl Records,0,RIYL Stereolab,,,https://music.youtube.com/search?q=Dummy+Do+You+Love+the+Color+of+the+Sky%3F,https://bandcamp.com/search?q=Dummy+Do+You+Love+the+Color+of+the+Sky%3F,https://en.wikipedia.org/wiki/List_of_2026_albums,en.wikipedia.org,https://en.wikipedia.org/wiki/List_of_2026_albums,1,1,label:Polyvinyl Records,2026-09-29
135,They Are Gutting a Body of Water,Kool Faith / Loosies II,album,ATO / Julia's War,2026-10-16,2026-10-16,day,announced,,,40.0,B,Ato Records (100 spins),,Ato Records,0,Shoegaze/slowcore,,,https://music.youtube.com/search?q=They+Are+Gutting+a+Body+of+Water+Kool+Faith+%2F+Loosies+II,https://bandcamp.com/search?q=They+Are+Gutting+a+Body+of+Water+Kool+Faith+%2F+Loosies+II,https://en.wikipedia.org/wiki/List_of_2026_albums,en.wikipedia.org,https://en.wikipedia.org/wiki/List_of_2026_albums,1,1,label:Ato Records,2026-09-29
136,June McDoom,Follow The Light,album,Jagjaguwar,2026-10-16,2026-10-16,day,announced,Without You,2026-08-04,40.0,B,Jagjaguwar Records (74 spins),,Jagjaguwar Records,0,"Debut album, her first for Jagjaguwar. Retailers list the presale date as 10/16/26. Announced Aug. 4, 2026 (Our Culture).",,https://junemcdoom.bandcamp.com/album/follow-the-light,https://music.youtube.com/search?q=June+McDoom+Without+You,https://bandcamp.com/search?q=June+McDoom+Follow+The+Light,https://stereogum.com/2507305/june-mcdoom-announces-debut-album-follow-the-light-hear-without-you/music,Stereogum,https://jagjaguwar.com/ https://stereogum.com/2507305/june-mcdoom-announces-debut-album-follow-the-light-hear-without-you/music,2,1,label:Jagjaguwar Records,2026-09-29
137,Tropical Fuck Storm,Inflatable Graveyard Vol. 2,album,Fire,2026-10-16,2026-10-16,day,announced,,,35.9,B,"Tropical Fuck Storm: aired on 3 shows, 24 YTM plays; Fire Records (25 spins)",Tropical Fuck Storm,Fire Records,0,Aired before (Joyful Noise). Band name needs on-air care,,,https://music.youtube.com/search?q=Tropical+Fuck+Storm+Inflatable+Graveyard+Vol.+2,https://bandcamp.com/search?q=Tropical+Fuck+Storm+Inflatable+Graveyard+Vol.+2,https://www.firerecords.com/,www.firerecords.com,https://www.firerecords.com/,1,1,label:Fire Records,2026-09-29
138,The Bevis Frond X The Lemonheads,Roky / The Great Big No / My Drug Buddy,EP,Fire,2026-10-16,2026-10-16,day,announced,,,31.8,B,Fire Records (25 spins),,Fire Records,0,Covers swap; '90s indie canon,,,https://music.youtube.com/search?q=The+Bevis+Frond+X+The+Lemonheads+Roky+%2F+The+Great+Big+No+%2F+My+Drug+Buddy,https://bandcamp.com/search?q=The+Bevis+Frond+X+The+Lemonheads+Roky+%2F+The+Great+Big+No+%2F+My+Drug+Buddy,https://www.firerecords.com/,www.firerecords.com,https://www.firerecords.com/,1,1,label:Fire Records,2026-09-29
139,The Avalanches,No Bad Memories,album,Modular,2026-10-16,2026-10-16,day,announced,,,31.2,B,"The Avalanches: aired on 5 shows, 1 YTM plays in 90 days; 2 spins in last 120 days",The Avalanches,,2,,,,https://music.youtube.com/search?q=The+Avalanches+No+Bad+Memories,https://bandcamp.com/search?q=The+Avalanches+No+Bad+Memories,https://en.wikipedia.org/wiki/List_of_2026_albums,en.wikipedia.org,https://en.wikipedia.org/wiki/List_of_2026_albums,1,1,aggregator:wikipedia,2026-09-29
140,Andy Shauf,The Party (10th Anniversary Edition),reissue,Anti-,2026-10-16,2026-10-16,day,announced,,,28.0,B,Anti- (64 spins),,Anti-,0,Pre-order,,,https://music.youtube.com/search?q=Andy+Shauf+The+Party+%2810th+Anniversary+Edition%29,https://bandcamp.com/search?q=Andy+Shauf+The+Party+%2810th+Anniversary+Edition%29,https://www.anti.com/releases/,www.anti.com,https://www.anti.com/releases/,1,1,label:Anti-,2026-09-29
141,Bibio and Dorian Concept,Answers,album,Warp,2026-10-16,2026-10-16,day,announced,,,25.0,B,Warp Records (7 spins),,Warp Records,0,,,,https://music.youtube.com/search?q=Bibio+and+Dorian+Concept+Answers,https://bandcamp.com/search?q=Bibio+and+Dorian+Concept+Answers,https://en.wikipedia.org/wiki/List_of_2026_albums,en.wikipedia.org,https://en.wikipedia.org/wiki/List_of_2026_albums,1,1,label:Warp Records,2026-09-29
142,Fish Narc,Uncle,album,K,2026-10-16,2026-10-16,day,announced,,,21.0,C,K Records (3 spins),,K Records,0,K Records (Sharp Pins label),,,https://music.youtube.com/search?q=Fish+Narc+Uncle,https://bandcamp.com/search?q=Fish+Narc+Uncle,https://en.wikipedia.org/wiki/List_of_2026_albums,en.wikipedia.org,https://en.wikipedia.org/wiki/List_of_2026_albums,1,1,label:K Records,2026-09-29
143,Heavens to Betsy,baby's gone,reissue,Kill Rock Stars,2026-10-16,2026-10-16,day,announced,,,13.7,C,Kill Rock Stars (8 spins),,Kill Rock Stars,0,1991 demo tape (recorded by Bratmobile's Molly Neuman) + 1993-94 7-inch tracks. Corin Tucker pre-Sleater-Kinney,,,https://music.youtube.com/search?q=Heavens+to+Betsy+baby%27s+gone,https://bandcamp.com/search?q=Heavens+to+Betsy+baby%27s+gone,https://www.killrockstars.com/,www.killrockstars.com,https://www.killrockstars.com/,1,1,label:Kill Rock Stars,2026-09-29
144,The Klittens,Have a Heart,album,Cargo,2026-10-16,2026-10-16,day,announced,,,13.0,C,style fit (see notes),,,0,"Borderline fit. Swiss indie-rock group; RIYL Dry Cleaning (lighter), Ratboys. Include only if it sounds right.",,,https://music.youtube.com/search?q=The+Klittens+Have+a+Heart,https://bandcamp.com/search?q=The+Klittens+Have+a+Heart,https://www.indieisnotagenre.com/new-indie-albums/,Indie is not a genre,https://www.indieisnotagenre.com/new-indie-albums/,1,1,aggregator:indieisnotagenre.com,2026-09-29
145,Eels,Cookie Happened,album,E Works / PIAS,2026-10-16,2026-10-16,day,announced,,,13.0,C,Pias (watchlist),,Pias,0,,,,https://music.youtube.com/search?q=Eels+Cookie+Happened,https://bandcamp.com/search?q=Eels+Cookie+Happened,https://en.wikipedia.org/wiki/List_of_2026_albums,en.wikipedia.org,https://en.wikipedia.org/wiki/List_of_2026_albums,1,1,aggregator:wikipedia,2026-09-29
146,Sadurn,The Underworld,album,Run for Cover,2026-10-16,2026-10-16,day,announced,,,13.0,C,style fit (see notes),,,0,,,,https://music.youtube.com/search?q=Sadurn+The+Underworld,https://bandcamp.com/search?q=Sadurn+The+Underworld,https://en.wikipedia.org/wiki/List_of_2026_albums,en.wikipedia.org,https://en.wikipedia.org/wiki/List_of_2026_albums,1,1,aggregator:wikipedia,2026-09-29
147,World News,In Purgatory,album,,2026-10-16,2026-10-16,day,announced,,,13.0,C,style fit (see notes),,,0,,,,https://music.youtube.com/search?q=World+News+In+Purgatory,https://bandcamp.com/search?q=World+News+In+Purgatory,https://en.wikipedia.org/wiki/List_of_2026_albums,en.wikipedia.org,https://en.wikipedia.org/wiki/List_of_2026_albums,1,1,aggregator:wikipedia,2026-09-29
148,Caroline Rose,Gentling the Horse at the Walt Whitman Mall,album,SUCK Records,2026-10-23,2026-10-23,day,announced,"Hello Again, Jim / Calm",2026-09,67.3,A,"Caroline Rose: aired on 52 shows, 8 YTM plays in 90 days; 15 spins in last 120 days; SUCK Records (4 spins)",Caroline Rose,SUCK Records,15,"First release on Rose's own SUCK imprint. 11 tracks. Produced, engineered and mixed by John Congleton. Earlier singles: 'Yip Yip Yow' (lead) and 'Chow Mein'. 'Hello Again, Jim' (about toxic men in the music industry, released as an official live video) and 'Calm' came out together in mid-Sept. 2026 (SeeRockLive). NPR World Cafe feature Sept. 8.",a hyperreal Americana fantasy,https://carolinerosemusic.bandcamp.com/album/gentling-the-horse-at-the-walt-whitman-mall,https://music.youtube.com/search?q=Caroline+Rose+Hello+Again%2C+Jim+%2F+Calm,https://bandcamp.com/search?q=Caroline+Rose+Gentling+the+Horse+at+the+Walt+Whitman+Mall,https://forum.chorus.fm/threads/caroline-rose-gentling-the-horse-at-the-walt-whitman-mall-october-23-2026.74597/,Chorus.fm / NPR World Cafe / SeeRockLive,https://forum.chorus.fm/threads/caroline-rose-gentling-the-horse-at-the-walt-whitman-mall-october-23-2026.74597/ https://stereogum.com/2511679/caroline-rose-calm-hello-again-jim/music https://www.rollingstone.com/music/music-news/caroline-rose-new-songs-hello-again-jim-calm-1235626907/,3,1,artist:Caroline Rose,2026-09-29
149,Shabazz Palaces,It's a Style Sport,album,Sub Pop Records,2026-10-23,2026-10-23,day,announced,Jheri Curl Jump,2026-09-09,40.0,B,Sub Pop Records (271 spins),,Sub Pop Records,0,"Eighth studio album. 'Jheri Curl Jump' is an electro-funk track with guest vocals from Marquette Miller and Darrius Willrich; could fit the soul/funk side. Produced with Erik Blood and mastered by Warren Defever at Third Man. Hip-hop artist, so screen lyrics for FCC.",,https://music.youtube.com/watch?v=Pd9TGn7c8AE,https://music.youtube.com/search?q=Shabazz+Palaces+Jheri+Curl+Jump,https://bandcamp.com/search?q=Shabazz+Palaces+It%27s+a+Style+Sport,https://www.subpop.com/news/2026/08/12/shabazz_palaces_announces_its_a_style_sport_his_new_album_available_friday_october_23rd_worldwide_from_sub_pop,Sub Pop Records News,https://www.subpop.com/news/2026/08/12/shabazz_palaces_announces_its_a_style_sport_his_new_album_available_friday_october_23rd_worldwide_from_sub_pop https://www.subpop.com/releases,2,1,label:Sub Pop Records,2026-09-29
150,Josh Rouse,Museums and Women,album,New West,2026-10-23,2026-10-23,day,announced,,,40.0,B,New West Records (122 spins),,New West Records,0,"Pre-order, New West store",,,https://music.youtube.com/search?q=Josh+Rouse+Museums+and+Women,https://bandcamp.com/search?q=Josh+Rouse+Museums+and+Women,https://www.newwestrecords.com/,www.newwestrecords.com,https://www.newwestrecords.com/,1,1,label:New West Records,2026-09-29
151,Axis: Sova,Flowerage,album,Drag City,2026-10-23,2026-10-23,day,announced,Fever Days,2026-09-15,40.0,B,Drag City Records (154 spins),,Drag City Records,0,"Chicago trio (Brett Sova, Jeremy Freeze, Josh Johannpeter). Lead single 'Blow Up' (Aug. 2026, post-punk-leaning opener); second single 'Fever Days' shared with visualizer and tour dates. Exact 'Fever Days' date not confirmed.",progressive tactics with earworm hooks & phased/fuzzed guitars,https://www.dragcity.com/products/flowerage,https://music.youtube.com/search?q=Axis%3A+Sova+Fever+Days,https://bandcamp.com/search?q=Axis%3A+Sova+Flowerage,https://stereogum.com/2507919/axis-sova-announce-new-album-flowerage-hear-blow-up/music,Stereogum / Drag City,https://stereogum.com/2507919/axis-sova-announce-new-album-flowerage-hear-blow-up/music https://www.dragcity.com/news,2,1,label:Drag City Records,2026-09-29
152,Sun Araw,Rapid Response,album,Drag City,2026-10-23,2026-10-23,day,announced,,,40.0,B,Drag City Records (154 spins),,Drag City Records,0,Three long-form pieces,,,https://music.youtube.com/search?q=Sun+Araw+Rapid+Response,https://bandcamp.com/search?q=Sun+Araw+Rapid+Response,https://www.dragcity.com/news,www.dragcity.com,https://www.dragcity.com/news,1,1,label:Drag City Records,2026-09-29
153,Josh Johnson,Animative,album,International Anthem / Nonesuch,2026-10-23,2026-10-23,day,announced,Reece,2026-09,40.0,B,Nonesuch Records Inc. (136 spins),,Nonesuch Records Inc.,0,"Soul-jazz and electronic, so it's on the edge of the show's range. Physical and download Oct. 23; streaming Nov. 10. Guests include Meshell Ndegeocello and Macie Stewart. Co-produced with Paul Bryan.",,,https://music.youtube.com/search?q=Josh+Johnson+Reece,https://bandcamp.com/search?q=Josh+Johnson+Animative,https://www.nonesuch.com/journal/josh-johnson-album-animative-due-october-23-international-anthem-nonesuch-records-2026-09-09,Nonesuch Records,https://www.nonesuch.com/journal/josh-johnson-album-animative-due-october-23-international-anthem-nonesuch-records-2026-09-09,1,1,label:Nonesuch Records Inc.,2026-09-29
154,Michael Nau,Popfly,album,Suicide Squeeze,2026-10-23,2026-10-23,day,announced,Popfly,2026-08-27,35.0,B,Suicide Squeeze Records (46 spins),,Suicide Squeeze Records,0,Title track is the lead single; the date comes from the Daily Music Report post URL (08272026). Stereogum also covered it: https://stereogum.com/2509488/michael-nau-announces-new-album-popfly-hear-the-title-track/music,,https://music.youtube.com/watch?v=MVmcsZ35RkA,https://music.youtube.com/search?q=Michael+Nau+Popfly,https://bandcamp.com/search?q=Michael+Nau+Popfly,https://suicidesqueeze.net/2026/08/michael-nau-announces-popfly-lp/,Suicide Squeeze Records,https://suicidesqueeze.net/ https://suicidesqueeze.net/2026/08/michael-nau-announces-popfly-lp/,2,1,label:Suicide Squeeze Records,2026-09-29
155,Yeah Yeah Yeahs,Hidden in Pieces: Live at the Royal Albert Hall,live,Secretly Canadian,2026-10-23,2026-10-23,day,announced,,,34.6,B,"Yeah Yeah Yeahs: aired on 14 shows, 1 YTM plays in 90 days; Secretly Canadian Records (48 spins)",Yeah Yeah Yeahs,Secretly Canadian Records,0,Profile artist; LP and deluxe digital,,,https://music.youtube.com/search?q=Yeah+Yeah+Yeahs+Hidden+in+Pieces%3A+Live+at+the+Royal+Albert+Hall,https://bandcamp.com/search?q=Yeah+Yeah+Yeahs+Hidden+in+Pieces%3A+Live+at+the+Royal+Albert+Hall,https://secretlycanadian.com/,secretlycanadian.com,https://secretlycanadian.com/,1,1,artist:Yeah Yeah Yeahs,2026-09-29
156,Claud,Me and the Music,album,Dead Oceans,2026-10-23,2026-10-23,day,announced,,,34.4,B,Dead Oceans (40 spins),,Dead Oceans,0,,,,https://music.youtube.com/search?q=Claud+Me+and+the+Music,https://bandcamp.com/search?q=Claud+Me+and+the+Music,https://en.wikipedia.org/wiki/List_of_2026_albums,en.wikipedia.org,https://en.wikipedia.org/wiki/List_of_2026_albums,1,1,label:Dead Oceans,2026-09-29
157,Devo,Something for Everybody (vinyl reissue),reissue,Rhino,2026-10-23,2026-10-23,day,announced,,,31.8,B,"Devo: aired on 33 shows, 7 YTM plays in 90 days; 1 spins in last 120 days",Devo,,1,"Vinyl reissue of the 2010 album, part of Rhino's Rocktober series. Mobile Fidelity also has a 45 RPM 2-LP 'Duty Now for the Future' coming, but no date was found, so it is not listed separately.",,,https://music.youtube.com/search?q=Devo+Something+for+Everybody+%28vinyl+reissue%29,https://bandcamp.com/search?q=Devo+Something+for+Everybody+%28vinyl+reissue%29,https://www.punknews.org/article/89041/devo-to-re-release-something-for-everybody,Punknews.org,https://www.punknews.org/article/89041/devo-to-re-release-something-for-everybody,1,1,artist:Devo,2026-09-29
158,The Garden,Bootleg,album,Epitaph,2026-10-23,2026-10-23,day,announced,,,26.3,B,Epitaph Records (9 spins),,Epitaph Records,0,Punk duo,,,https://music.youtube.com/search?q=The+Garden+Bootleg,https://bandcamp.com/search?q=The+Garden+Bootleg,https://www.epitaph.com/,www.epitaph.com,https://www.epitaph.com/,1,1,label:Epitaph Records,2026-09-29
159,Michael Kiwanuka,Fudge,album,,2026-10-23,2026-10-23,day,announced,,,16.1,C,"Michael Kiwanuka: aired on 5 shows, 27 YTM plays",Michael Kiwanuka,,0,Soul,,,https://music.youtube.com/search?q=Michael+Kiwanuka+Fudge,https://bandcamp.com/search?q=Michael+Kiwanuka+Fudge,https://en.wikipedia.org/wiki/List_of_2026_albums,en.wikipedia.org,https://en.wikipedia.org/wiki/List_of_2026_albums https://www.noripcord.com/10-albums-to-look-forward-to-in-october-2026/,2,1,aggregator:No Ripcord October 2026 preview; aggregator:wikipedia,2026-09-29
160,Art d'Ecco,Scheele's Green,album,Paper Bag,2026-10-23,2026-10-23,day,announced,,,13.0,C,style fit (see notes),,,0,Glam,,,https://music.youtube.com/search?q=Art+d%27Ecco+Scheele%27s+Green,https://bandcamp.com/search?q=Art+d%27Ecco+Scheele%27s+Green,https://en.wikipedia.org/wiki/List_of_2026_albums,en.wikipedia.org,https://en.wikipedia.org/wiki/List_of_2026_albums,1,1,aggregator:wikipedia,2026-09-29
161,Fenne Lily,Win Win,album,Nettwerk,2026-10-23,2026-10-23,day,announced,,,13.0,C,style fit (see notes),,,0,,,,https://music.youtube.com/search?q=Fenne+Lily+Win+Win,https://bandcamp.com/search?q=Fenne+Lily+Win+Win,https://en.wikipedia.org/wiki/List_of_2026_albums,en.wikipedia.org,https://en.wikipedia.org/wiki/List_of_2026_albums,1,1,aggregator:wikipedia,2026-09-29
162,HMLTD,Fangs,album,Lucky Number,2026-10-23,2026-10-23,day,announced,,,13.0,C,style fit (see notes),,,0,UK art-punk,,,https://music.youtube.com/search?q=HMLTD+Fangs,https://bandcamp.com/search?q=HMLTD+Fangs,https://en.wikipedia.org/wiki/List_of_2026_albums,en.wikipedia.org,https://en.wikipedia.org/wiki/List_of_2026_albums,1,1,aggregator:wikipedia,2026-09-29
163,Muireann Bradley,Blackwood Pew,album,,2026-10-23,2026-10-23,day,announced,,,13.0,C,style fit (see notes),,,0,Irish fingerstyle blues,,,https://music.youtube.com/search?q=Muireann+Bradley+Blackwood+Pew,https://bandcamp.com/search?q=Muireann+Bradley+Blackwood+Pew,https://en.wikipedia.org/wiki/List_of_2026_albums,en.wikipedia.org,https://en.wikipedia.org/wiki/List_of_2026_albums,1,1,aggregator:wikipedia,2026-09-29
164,The Olivia Tremor Control,The Same Place,album,Elephant 6,2026-10-23,2026-10-23,day,announced,,,13.0,C,style fit (see notes),,,0,'90s indie canon; first album since 1999,,,https://music.youtube.com/search?q=The+Olivia+Tremor+Control+The+Same+Place,https://bandcamp.com/search?q=The+Olivia+Tremor+Control+The+Same+Place,https://en.wikipedia.org/wiki/List_of_2026_albums,en.wikipedia.org,https://en.wikipedia.org/wiki/List_of_2026_albums,1,1,aggregator:wikipedia,2026-09-29
165,Sen Morimoto,Time Is on Your Side,album,Sooper,2026-10-23,2026-10-23,day,announced,,,13.0,C,style fit (see notes),,,0,,,,https://music.youtube.com/search?q=Sen+Morimoto+Time+Is+on+Your+Side,https://bandcamp.com/search?q=Sen+Morimoto+Time+Is+on+Your+Side,https://en.wikipedia.org/wiki/List_of_2026_albums,en.wikipedia.org,https://en.wikipedia.org/wiki/List_of_2026_albums,1,1,aggregator:wikipedia,2026-09-29
166,Sour Widows,Sigil,album,Julia's War,2026-10-23,2026-10-23,day,announced,Choke Chain,,13.0,C,Julia S War (watchlist),,Julia S War,0,"Seed notes: ""Choke Chain"" has an FCC",,,https://music.youtube.com/search?q=Sour+Widows+Choke+Chain,https://bandcamp.com/search?q=Sour+Widows+Sigil,https://en.wikipedia.org/wiki/List_of_2026_albums,en.wikipedia.org,https://en.wikipedia.org/wiki/List_of_2026_albums,1,1,label:Julia S War,2026-09-29
167,William Basinski,Passing the Cup of Sorrows,album,Temporary Residence,2026-10-23,2026-10-23,day,announced,,,13.0,C,style fit (see notes),,,0,Contrast piece,,,https://music.youtube.com/search?q=William+Basinski+Passing+the+Cup+of+Sorrows,https://bandcamp.com/search?q=William+Basinski+Passing+the+Cup+of+Sorrows,https://en.wikipedia.org/wiki/List_of_2026_albums,en.wikipedia.org,https://en.wikipedia.org/wiki/List_of_2026_albums,1,1,aggregator:wikipedia,2026-09-29
168,Manic Street Preachers,The Holy Bible Live,live,Sony,2026-10-23,2026-10-23,day,announced,,,1.0,C,style fit (see notes),,,0,,,,https://music.youtube.com/search?q=Manic+Street+Preachers+The+Holy+Bible+Live,https://bandcamp.com/search?q=Manic+Street+Preachers+The+Holy+Bible+Live,https://en.wikipedia.org/wiki/List_of_2026_albums,en.wikipedia.org,https://en.wikipedia.org/wiki/List_of_2026_albums,1,1,aggregator:wikipedia,2026-09-29
169,Bill Nace / Mike Polizze Duo,Live at Pageant: Soloveev,live,Sea Note (listed on Drag City site),2026-10-23,2026-10-23,day,announced,Live at Pageant: Soloveev (excerpt),,1.0,C,style fit (see notes),,,0,"One-sided LP, 23-minute improvised taishogoto + guitar set recorded on iPhone, May 10, 2025, Philadelphia. Mike Polizze is ex-Purling Hiss. Label listed as Sea Note on Bandcamp; appears in Drag City's announcements. Experimental; niche fit.",,https://mikepolizze.bandcamp.com/track/live-at-pageant-soloveev-excerpt,https://music.youtube.com/search?q=Bill+Nace+%2F+Mike+Polizze+Duo+Live+at+Pageant%3A+Soloveev+%28excerpt%29,https://bandcamp.com/search?q=Bill+Nace+%2F+Mike+Polizze+Duo+Live+at+Pageant%3A+Soloveev,https://jackpotrecords.com/products/bill-nane-mike-polizze-duo-live-at-pageant-soloveev-vinyl-lp-pre-order-out-10-23-26,Jackpot Records / Drag City,https://jackpotrecords.com/products/bill-nane-mike-polizze-duo-live-at-pageant-soloveev-vinyl-lp-pre-order-out-10-23-26 https://www.dragcity.com/news,2,1,label:Drag City Records,2026-09-29
170,Queens of the Stone Age,Perfecth,album,Matador,2026-10-30,2026-10-30,day,announced,Where the Goth Girls At?,2026-09-23,99.1,A,"Queens of the Stone Age: aired on 70 shows, 43 YTM plays in 90 days; 8 spins in last 120 days; Matador Records (400 spins)",Queens of the Stone Age,Matador Records,8,"Ninth studio album, 9 songs. Produced by Josh Homme and Michael Shuman. Earlier singles: 'Easy Street', 'Insignificant Other' (Aug. 25). Clear vinyl at indie shops; deluxe gatefold LP. Seed note re-verified.","Nothing in this world is perfect, but everything seems to be 'perfecth'.",https://qotsa.bandcamp.com/album/perfecth,https://music.youtube.com/search?q=Queens+of+the+Stone+Age+Where+the+Goth+Girls+At%3F,https://bandcamp.com/search?q=Queens+of+the+Stone+Age+Perfecth,https://matadorrecords.com/blogs/news/coming-october-30-queens-of-the-stone-age-perfecth,Matador Records,https://matadorrecords.com/blogs/news/coming-october-30-queens-of-the-stone-age-perfecth https://matadorrecords.com/products/ole2253-perfecth https://www.noripcord.com/10-albums-to-look-forward-to-in-october-2026/,3,1,aggregator:No Ripcord October 2026 preview; artist:Queens of the Stone Age; label:Matador Records,2026-09-29
171,Mitski,Puberty 2 (10th Anniversary Edition),reissue,Dead Oceans,2026-10-30,2026-10-30,day,announced,,,47.1,A,"Mitski: aired on 11 shows, 1 YTM plays in 90 days; 2 spins in last 120 days; Dead Oceans (40 spins)",Mitski,Dead Oceans,2,Digital out now with One Direction and Sinatra covers; vinyl Oct. 30. Mitski opened a 2026 show,,,https://music.youtube.com/search?q=Mitski+Puberty+2+%2810th+Anniversary+Edition%29,https://bandcamp.com/search?q=Mitski+Puberty+2+%2810th+Anniversary+Edition%29,https://deadoceans.com/news/mitski-announces-puberty-2-10th-anniversary-edition-digital-version-out-today-featuring-one-direction-and-frank-sinatra-bonus-covers-limited-edition-vinyl-out-october-30th/,deadoceans.com,https://deadoceans.com/news/mitski-announces-puberty-2-10th-anniversary-edition-digital-version-out-today-featuring-one-direction-and-frank-sinatra-bonus-covers-limited-edition-vinyl-out-october-30th/,1,1,artist:Mitski,2026-09-29
172,Clinic,Wild in the Streets,album,Domino,2026-10-30,2026-10-30,day,announced,,,40.0,B,Domino Recording Company (93 spins),,Domino Recording Company,0,"RIYL Stereolab, Bodega. Liverpool art-garage/post-punk band (formerly on Domino). Named as an October 2026 release in No Ripcord's preview. Title, label, and date still need confirming.",,,https://music.youtube.com/search?q=Clinic+Wild+in+the+Streets,https://bandcamp.com/search?q=Clinic+Wild+in+the+Streets,https://en.wikipedia.org/wiki/List_of_2026_albums,en.wikipedia.org,https://en.wikipedia.org/wiki/List_of_2026_albums https://www.noripcord.com/10-albums-to-look-forward-to-in-october-2026/,2,1,aggregator:No Ripcord October 2026 preview; label:Domino Recording Company,2026-09-29
173,PISS,you made me / skin on linen,album,Sub Pop Records,2026-10-30,2026-10-30,day,announced,blocking a scene you can't remember,2026-09,40.0,B,Sub Pop Records (271 spins),,Sub Pop Records,0,"Debut album by a Vancouver noise-rock/punk four-piece. Sub Pop with Paper Bag in Canada. First single: 'time loop at hot slit' (Sept. 2). Second single 'blocking a scene you can't remember' ran on Stereogum in late September. Recorded with Colin Stewart. The band name and song titles are sensitive for radio, so screen all lyrics for FCC.",,,https://music.youtube.com/search?q=PISS+blocking+a+scene+you+can%27t+remember,https://bandcamp.com/search?q=PISS+you+made+me+%2F+skin+on+linen,https://www.subpop.com/news/2026/09/02/piss_announce_you_made_me_skin_on_linen_available_october_30th,Sub Pop Records News,https://www.subpop.com/news/2026/09/02/piss_announce_you_made_me_skin_on_linen_available_october_30th https://www.subpop.com/releases,2,1,label:Sub Pop Records,2026-09-29
174,Ex:Re,Save As,album,4AD,2026-10-30,2026-10-30,day,announced,,,40.0,B,4AD (117 spins),,4AD,0,Elena Tonra (Daughter) project,,,https://music.youtube.com/search?q=Ex%3ARe+Save+As,https://bandcamp.com/search?q=Ex%3ARe+Save+As,https://shopusa.4ad.com/,shopusa.4ad.com,https://shopusa.4ad.com/,1,1,label:4AD,2026-09-29
175,Ben Vaughn and Deer Tick,Magnetic East: The Deer Tick Sessions,album,Yep Roc,2026-10-30,2026-10-30,day,announced,,,31.6,B,Yep Roc Records (24 spins),,Yep Roc Records,0,,,,https://music.youtube.com/search?q=Ben+Vaughn+and+Deer+Tick+Magnetic+East%3A+The+Deer+Tick+Sessions,https://bandcamp.com/search?q=Ben+Vaughn+and+Deer+Tick+Magnetic+East%3A+The+Deer+Tick+Sessions,https://en.wikipedia.org/wiki/List_of_2026_albums,en.wikipedia.org,https://en.wikipedia.org/wiki/List_of_2026_albums,1,1,label:Yep Roc Records,2026-09-29
176,Sleep,Hempispheres (physical),album,Third Man,2026-10-30,2026-10-30,day,announced,,,31.1,B,Third Man Records (22 spins),,Third Man Records,0,Digital Sept. 3; product copy lists Oct. 30 (likely physical). Stoner cluster,,,https://music.youtube.com/search?q=Sleep+Hempispheres+%28physical%29,https://bandcamp.com/search?q=Sleep+Hempispheres+%28physical%29,https://thirdmanrecords.com/,thirdmanrecords.com,https://thirdmanrecords.com/,1,1,label:Third Man Records,2026-09-29
177,Lydia Loveless,Accolades,album,Bloodshot,2026-10-30,2026-10-30,day,announced,,,28.2,B,Bloodshot Records (13 spins),,Bloodshot Records,0,Alt-country,,,https://music.youtube.com/search?q=Lydia+Loveless+Accolades,https://bandcamp.com/search?q=Lydia+Loveless+Accolades,https://en.wikipedia.org/wiki/List_of_2026_albums,en.wikipedia.org,https://en.wikipedia.org/wiki/List_of_2026_albums,1,1,label:Bloodshot Records,2026-09-29
178,Various Artists,Rough Trade Singles Boxset Volume Two,compilation,Rough Trade,2026-10-30,2026-10-30,day,announced,,,28.0,B,Rough Trade Records (53 spins),,Rough Trade Records,0,"Nine 7-inches: The Fall, Scritti Politti, Robert Wyatt, Aztec Camera, The Go-Betweens, Jonathan Richman",,,https://music.youtube.com/search?q=Various+Artists+Rough+Trade+Singles+Boxset+Volume+Two,https://bandcamp.com/search?q=Various+Artists+Rough+Trade+Singles+Boxset+Volume+Two,https://roughtraderecords.com/,roughtraderecords.com,https://roughtraderecords.com/,1,1,label:Rough Trade Records,2026-09-29
179,Thao,Show Me,album,Kill Rock Stars,2026-10-30,2026-10-30,day,announced,Show Me,,25.7,B,Kill Rock Stars (8 spins),,Kill Rock Stars,0,"Features The Linda Lindas, Tune-Yards, Neko Case",,,https://music.youtube.com/search?q=Thao+Show+Me,https://bandcamp.com/search?q=Thao+Show+Me,https://www.killrockstars.com/,www.killrockstars.com,https://en.wikipedia.org/wiki/List_of_2026_albums https://www.killrockstars.com/,2,1,label:Kill Rock Stars,2026-09-29
180,Sampa the Great,Nu Zamrock,album,,2026-10-30,2026-10-30,day,announced,,,22.3,C,"Sampa the Great: aired on 8 shows, 5 YTM plays in 90 days",Sampa the Great,,0,Profile artist (top 60),,,https://music.youtube.com/search?q=Sampa+the+Great+Nu+Zamrock,https://bandcamp.com/search?q=Sampa+the+Great+Nu+Zamrock,https://en.wikipedia.org/wiki/List_of_2026_albums,en.wikipedia.org,https://en.wikipedia.org/wiki/List_of_2026_albums,1,1,artist:Sampa the Great,2026-09-29
181,The Big Moon,Forever,album,,2026-10-30,2026-10-30,day,announced,,,19.8,C,"The Big Moon: aired on 6 shows, 2 YTM plays in 90 days",The Big Moon,,0,,,,https://music.youtube.com/search?q=The+Big+Moon+Forever,https://bandcamp.com/search?q=The+Big+Moon+Forever,https://en.wikipedia.org/wiki/List_of_2026_albums,en.wikipedia.org,https://en.wikipedia.org/wiki/List_of_2026_albums,1,1,aggregator:wikipedia,2026-09-29
182,DIIV,Zirp!,album,Fantasy,2026-10-30,2026-10-30,day,announced,,,17.3,C,"Diiv: aired on 5 shows, 1 YTM plays in 90 days",Diiv,,0,Ex-Captured Tracks,,https://diiv.bandcamp.com/album/zirp,https://music.youtube.com/search?q=DIIV+Zirp%21,https://bandcamp.com/search?q=DIIV+Zirp%21,https://en.wikipedia.org/wiki/List_of_2026_albums,en.wikipedia.org,https://en.wikipedia.org/wiki/List_of_2026_albums https://www.noripcord.com/10-albums-to-look-forward-to-in-october-2026/,2,1,aggregator:No Ripcord October 2026 preview; label:Captured Tracks,2026-09-29
183,RIP Magic,"1,2,3",album,section1 (Partisan),2026-10-30,2026-10-30,day,announced,Stadium Drive,2026-09,13.0,C,style fit (see notes),,,0,"Debut; ""a rock record with no guitars,"" dub/dance/hip-hop mix",,,https://music.youtube.com/search?q=RIP+Magic+Stadium+Drive,https://bandcamp.com/search?q=RIP+Magic+1%2C2%2C3,https://partisanrecords.com/moment/rip-magic-123,partisanrecords.com,https://partisanrecords.com/moment/rip-magic-123,1,1,label:Partisan Records,2026-09-29
184,2nd Grade,Girls and Boys,album,Lame-O,2026-10-30,2026-10-30,day,announced,,,13.0,C,style fit (see notes),,,0,Power pop,,,https://music.youtube.com/search?q=2nd+Grade+Girls+and+Boys,https://bandcamp.com/search?q=2nd+Grade+Girls+and+Boys,https://en.wikipedia.org/wiki/List_of_2026_albums,en.wikipedia.org,https://en.wikipedia.org/wiki/List_of_2026_albums,1,1,aggregator:wikipedia,2026-09-29
185,The Church,Lacuna,album,Cooking Vinyl,2026-10-30,2026-10-30,day,announced,,,13.0,C,style fit (see notes),,,0,'80s alt cluster,,,https://music.youtube.com/search?q=The+Church+Lacuna,https://bandcamp.com/search?q=The+Church+Lacuna,https://en.wikipedia.org/wiki/List_of_2026_albums,en.wikipedia.org,https://en.wikipedia.org/wiki/List_of_2026_albums,1,1,aggregator:wikipedia,2026-09-29
186,Editors,"Surface, Echo & Sound",album,Play It Again Sam,2026-10-30,2026-10-30,day,announced,,,13.0,C,style fit (see notes),,,0,RIYL Interpol,,,https://music.youtube.com/search?q=Editors+Surface%2C+Echo+%26+Sound,https://bandcamp.com/search?q=Editors+Surface%2C+Echo+%26+Sound,https://en.wikipedia.org/wiki/List_of_2026_albums,en.wikipedia.org,https://en.wikipedia.org/wiki/List_of_2026_albums,1,1,label:Pias,2026-09-29
187,Fujiya & Miyagi,New Shiny Object,album,Impossible Objects of Desire,2026-10-30,2026-10-30,day,announced,,,13.0,C,style fit (see notes),,,0,,,,https://music.youtube.com/search?q=Fujiya+%26+Miyagi+New+Shiny+Object,https://bandcamp.com/search?q=Fujiya+%26+Miyagi+New+Shiny+Object,https://en.wikipedia.org/wiki/List_of_2026_albums,en.wikipedia.org,https://en.wikipedia.org/wiki/List_of_2026_albums,1,1,aggregator:wikipedia,2026-09-29
188,Kali Malone,Burning Song,album,Ideologic Organ,2026-10-30,2026-10-30,day,announced,,,13.0,C,style fit (see notes),,,0,Contrast piece,,,https://music.youtube.com/search?q=Kali+Malone+Burning+Song,https://bandcamp.com/search?q=Kali+Malone+Burning+Song,https://en.wikipedia.org/wiki/List_of_2026_albums,en.wikipedia.org,https://en.wikipedia.org/wiki/List_of_2026_albums,1,1,aggregator:wikipedia,2026-09-29
189,Sennen,New Quiet,album,Sonic Cathedral,2026-10-30,2026-10-30,day,announced,,,13.0,C,style fit (see notes),,,0,Shoegaze,,,https://music.youtube.com/search?q=Sennen+New+Quiet,https://bandcamp.com/search?q=Sennen+New+Quiet,https://en.wikipedia.org/wiki/List_of_2026_albums,en.wikipedia.org,https://en.wikipedia.org/wiki/List_of_2026_albums,1,1,aggregator:wikipedia,2026-09-29
190,Wavves,Cherry Soda,album,I Surrender,2026-10-30,2026-10-30,day,announced,,,13.0,C,style fit (see notes),,,0,Garage/surf punk,,,https://music.youtube.com/search?q=Wavves+Cherry+Soda,https://bandcamp.com/search?q=Wavves+Cherry+Soda,https://en.wikipedia.org/wiki/List_of_2026_albums,en.wikipedia.org,https://en.wikipedia.org/wiki/List_of_2026_albums,1,1,aggregator:wikipedia,2026-09-29
191,Why?,Oh Golly / Yes Lord,album,Waterlines,2026-10-30,2026-10-30,day,announced,,,13.0,C,style fit (see notes),,,0,,,,https://music.youtube.com/search?q=Why%3F+Oh+Golly+%2F+Yes+Lord,https://bandcamp.com/search?q=Why%3F+Oh+Golly+%2F+Yes+Lord,https://en.wikipedia.org/wiki/List_of_2026_albums,en.wikipedia.org,https://en.wikipedia.org/wiki/List_of_2026_albums,1,1,aggregator:wikipedia,2026-09-29
192,Twisted Teens,The Holy Cross Tigers,album,Sub Pop,2026-11-06,2026-11-06,day,announced,When We First Met,2026-09-10,88.7,A,"Twisted Teens: aired on 19 shows, 119 YTM plays in 90 days; 19 spins in last 120 days; Sub Pop Records (271 spins)",Twisted Teens,Sub Pop Records,19,"Sub Pop debut and the New Orleans band's third album of 2026, after Blame the Clown (Chain Smoking, Jan.) and Florida Water Blues (Going Underground, July). 'When We First Met' runs 113 seconds; medieval-themed video. Seed note re-verified.",,https://twistedteens.bandcamp.com/album/the-holy-cross-tigers,https://music.youtube.com/search?q=Twisted+Teens+When+We+First+Met,https://bandcamp.com/search?q=Twisted+Teens+The+Holy+Cross+Tigers,https://www.subpop.com/news/2026/09/10/the_holy_cross_tigers_twisted_teens_third_album_of_2026_is_out_friday_november_6th,Sub Pop,https://www.subpop.com/news/2026/09/10/the_holy_cross_tigers_twisted_teens_third_album_of_2026_is_out_friday_november_6th https://www.subpop.com/releases,2,1,artist:Twisted Teens; label:Chain Smoking Records; label:Sub Pop Records,2026-09-29
193,Jozef Van Wissem & Jim Jarmusch (feat. Courtney Barnett),Bocca di Lupo / Mouth of the Wolf,album,Sacred Bones,2026-11-06,2026-11-06,day,announced,Never Like You Said (feat. Courtney Barnett),2026-09,67.2,A,"Courtney Barnett: aired on 58 shows, 20 YTM plays in 90 days; 2 spins in last 120 days; Sacred Bones Records (10 spins)",Courtney Barnett,Sacred Bones Records,2,"Two albums released together as a 2xLP. Bocca di Lupo has 7 tracks, opening with a new version of 'Only Lovers Left Alive'; Mouth of the Wolf is 2 instrumentals. Barnett's vocals on the single were improvised in one take. Recorded at Fonoprint, Bologna, July 2025. Seed note re-verified. Barnett has no solo release coming; her album Creature of Habit came out March 27, 2026.",,https://jozefandjim.bandcamp.com/album/bocca-di-lupo-and-mouth-of-the-wolf,https://music.youtube.com/search?q=Jozef+Van+Wissem+%26+Jim+Jarmusch+%28feat.+Courtney+Barnett%29+Never+Like+You+Said+%28feat.+Courtney+Barnett%29,https://bandcamp.com/search?q=Jozef+Van+Wissem+%26+Jim+Jarmusch+%28feat.+Courtney+Barnett%29+Bocca+di+Lupo+%2F+Mouth+of+the+Wolf,https://stereogum.com/2510869/jozef-van-wissem-jim-jarmusch-announce-new-double-album-bocca-di-lupo-mouth-of-the-wolf-hear-never-like-you-said-feat-courtney-barnett/music,Stereogum,https://en.wikipedia.org/wiki/List_of_2026_albums https://stereogum.com/2510869/jozef-van-wissem-jim-jarmusch-announce-new-double-album-bocca-di-lupo-mouth-of-the-wolf-hear-never-like-you-said-feat-courtney-barnett/music,2,1,artist:Courtney Barnett; label:Sacred Bones Records,2026-09-29
194,TV Priest,Cartoons,album,AMK / Kartel Music Group,2026-11-06,2026-11-06,day,announced,Just So You Know,2026-09-07,40.8,B,"TV Priest: aired on 10 shows, 20 YTM plays in 90 days; 8 spins in last 120 days",TV Priest,,8,"Third LP, 10 songs, a gentler sound with piano, fiddle and field recordings. Earlier single 'Love Song (A Good Kind of Weapon)'. Red vinyl LP and CD. Single date from thoughtswordsaction.com, Sept. 7. Seed note confirmed.",,,https://music.youtube.com/search?q=TV+Priest+Just+So+You+Know,https://bandcamp.com/search?q=TV+Priest+Cartoons,https://www.indieisnotagenre.com/tv-priest-announce-new-album-cartoons-and-share-vulnerable-single-love-song-a-good-kind-of-weapon,Indie Is Not A Genre,https://en.wikipedia.org/wiki/List_of_2026_albums https://www.indieisnotagenre.com/tv-priest-announce-new-album-cartoons-and-share-vulnerable-single-love-song-a-good-kind-of-weapon,2,1,artist:TV Priest; label:Kartel,2026-09-29
195,Party Dozen,21 Bum Salute,album,City Slang,2026-11-06,2026-11-06,day,announced,Mad Rooter / Ghost Rider,,34.3,B,City Slang Records (39 spins),,City Slang Records,0,Confirms Wikipedia date,,,https://music.youtube.com/search?q=Party+Dozen+Mad+Rooter+%2F+Ghost+Rider,https://bandcamp.com/search?q=Party+Dozen+21+Bum+Salute,https://shop.cityslang.com/,shop.cityslang.com,https://en.wikipedia.org/wiki/List_of_2026_albums https://shop.cityslang.com/,2,1,label:City Slang Records,2026-09-29
196,Eddie 9V,Down Here,album,Easy Eye Sound,2026-11-06,2026-11-06,day,announced,Whole Lot Coming For You,2026-08-13,31.6,B,Easy Eye Sound (24 spins),,Easy Eye Sound,0,Dan Auerbach label; soul/blues,,,https://music.youtube.com/search?q=Eddie+9V+Whole+Lot+Coming+For+You,https://bandcamp.com/search?q=Eddie+9V+Down+Here,https://www.easyeyesound.com/,www.easyeyesound.com,https://www.easyeyesound.com/,1,1,label:Easy Eye Sound,2026-09-29
197,Various Artists,"Heart of Gold: The Songs of Neil Young, Vols. I-III",compilation,City Slang,2026-11-06,2026-11-06,day,announced,,,22.3,C,City Slang Records (39 spins),,City Slang Records,0,Three-volume Neil Young tribute; check tracklist for profile artists,,,https://music.youtube.com/search?q=Various+Artists+Heart+of+Gold%3A+The+Songs+of+Neil+Young%2C+Vols.+I-III,https://bandcamp.com/search?q=Various+Artists+Heart+of+Gold%3A+The+Songs+of+Neil+Young%2C+Vols.+I-III,https://shop.cityslang.com/,shop.cityslang.com,https://shop.cityslang.com/,1,1,label:City Slang Records,2026-09-29
198,Scott Fagan,Soon,reissue,Fire,2026-11-06,2026-11-06,day,announced,,,19.8,C,Fire Records (25 spins),,Fire Records,0,Cult 1968 songwriter album,,,https://music.youtube.com/search?q=Scott+Fagan+Soon,https://bandcamp.com/search?q=Scott+Fagan+Soon,https://www.firerecords.com/,www.firerecords.com,https://www.firerecords.com/,1,1,label:Fire Records,2026-09-29
199,Current Joys,Rosebud,album,They Are Evil,2026-11-06,2026-11-06,day,announced,,,16.2,C,Current Joys: 1 YTM plays in 90 days,Current Joys,,0,,,,https://music.youtube.com/search?q=Current+Joys+Rosebud,https://bandcamp.com/search?q=Current+Joys+Rosebud,https://en.wikipedia.org/wiki/List_of_2026_albums,en.wikipedia.org,https://en.wikipedia.org/wiki/List_of_2026_albums,1,1,aggregator:wikipedia,2026-09-29
200,Kings of Leon,O My Beloved,album,Love Tap,2026-11-06,2026-11-06,day,announced,,,15.6,C,Kings Of Leon: 11 YTM plays,Kings Of Leon,,0,,,,https://music.youtube.com/search?q=Kings+of+Leon+O+My+Beloved,https://bandcamp.com/search?q=Kings+of+Leon+O+My+Beloved,https://en.wikipedia.org/wiki/List_of_2026_albums,en.wikipedia.org,https://en.wikipedia.org/wiki/List_of_2026_albums,1,1,aggregator:wikipedia,2026-09-29
201,Django Django,Doveland,album,,2026-11-06,2026-11-06,day,announced,,,13.0,C,style fit (see notes),,,0,,,,https://music.youtube.com/search?q=Django+Django+Doveland,https://bandcamp.com/search?q=Django+Django+Doveland,https://en.wikipedia.org/wiki/List_of_2026_albums,en.wikipedia.org,https://en.wikipedia.org/wiki/List_of_2026_albums,1,1,aggregator:wikipedia,2026-09-29
202,Do Nothing,Friend World,album,,2026-11-06,2026-11-06,day,announced,,,13.0,C,style fit (see notes),,,0,UK post-punk,,,https://music.youtube.com/search?q=Do+Nothing+Friend+World,https://bandcamp.com/search?q=Do+Nothing+Friend+World,https://en.wikipedia.org/wiki/List_of_2026_albums,en.wikipedia.org,https://en.wikipedia.org/wiki/List_of_2026_albums,1,1,aggregator:wikipedia,2026-09-29
203,Jesse Jo Stark,Muse,album,Deadly Doll,2026-11-06,2026-11-06,day,announced,,,13.0,C,style fit (see notes),,,0,,,,https://music.youtube.com/search?q=Jesse+Jo+Stark+Muse,https://bandcamp.com/search?q=Jesse+Jo+Stark+Muse,https://en.wikipedia.org/wiki/List_of_2026_albums,en.wikipedia.org,https://en.wikipedia.org/wiki/List_of_2026_albums,1,1,aggregator:wikipedia,2026-09-29
204,Oso Oso,An Exchange of Information,album,Feral Twin,2026-11-06,2026-11-06,day,announced,,,13.0,C,style fit (see notes),,,0,,,,https://music.youtube.com/search?q=Oso+Oso+An+Exchange+of+Information,https://bandcamp.com/search?q=Oso+Oso+An+Exchange+of+Information,https://en.wikipedia.org/wiki/List_of_2026_albums,en.wikipedia.org,https://en.wikipedia.org/wiki/List_of_2026_albums,1,1,aggregator:wikipedia,2026-09-29
205,Straw Man Army,True North,album,La Vida Es Un Mus,2026-11-06,2026-11-06,day,announced,,,13.0,C,style fit (see notes),,,0,Post-punk,,,https://music.youtube.com/search?q=Straw+Man+Army+True+North,https://bandcamp.com/search?q=Straw+Man+Army+True+North,https://en.wikipedia.org/wiki/List_of_2026_albums,en.wikipedia.org,https://en.wikipedia.org/wiki/List_of_2026_albums,1,1,aggregator:wikipedia,2026-09-29
206,Sufjan Stevens,Worst Christmas Ever!,album,Asthmatic Kitty,2026-11-06,2026-11-06,day,announced,,,13.0,C,style fit (see notes),,,0,Holiday,,,https://music.youtube.com/search?q=Sufjan+Stevens+Worst+Christmas+Ever%21,https://bandcamp.com/search?q=Sufjan+Stevens+Worst+Christmas+Ever%21,https://en.wikipedia.org/wiki/List_of_2026_albums,en.wikipedia.org,https://en.wikipedia.org/wiki/List_of_2026_albums,1,1,aggregator:wikipedia,2026-09-29
207,Willi Carlisle,The Universal Bubba,album,,2026-11-06,2026-11-06,day,announced,,,13.0,C,style fit (see notes),,,0,Americana,,,https://music.youtube.com/search?q=Willi+Carlisle+The+Universal+Bubba,https://bandcamp.com/search?q=Willi+Carlisle+The+Universal+Bubba,https://en.wikipedia.org/wiki/List_of_2026_albums,en.wikipedia.org,https://en.wikipedia.org/wiki/List_of_2026_albums,1,1,aggregator:wikipedia,2026-09-29
208,Yoo Doo Right,Build and Rest by the Shepherd's Light,album,Mothland,2026-11-06,2026-11-06,day,announced,,,13.0,C,style fit (see notes),,,0,Montreal psych,,,https://music.youtube.com/search?q=Yoo+Doo+Right+Build+and+Rest+by+the+Shepherd%27s+Light,https://bandcamp.com/search?q=Yoo+Doo+Right+Build+and+Rest+by+the+Shepherd%27s+Light,https://en.wikipedia.org/wiki/List_of_2026_albums,en.wikipedia.org,https://en.wikipedia.org/wiki/List_of_2026_albums,1,1,aggregator:wikipedia,2026-09-29
209,Bob Dylan,The Rolling Thunder Revue: The 1976 Live Recordings,live,Columbia / Legacy,2026-11-06,2026-11-06,day,announced,,,10.9,C,"Bob Dylan: aired on 13 shows, 1 YTM plays in 90 days",Bob Dylan,,0,Profile artist,,,https://music.youtube.com/search?q=Bob+Dylan+The+Rolling+Thunder+Revue%3A+The+1976+Live+Recordings,https://bandcamp.com/search?q=Bob+Dylan+The+Rolling+Thunder+Revue%3A+The+1976+Live+Recordings,https://en.wikipedia.org/wiki/List_of_2026_albums,en.wikipedia.org,https://en.wikipedia.org/wiki/List_of_2026_albums,1,1,artist:Bob Dylan,2026-09-29
210,Bad Brains,"Are You Ready: The First Studio Recording (Inner Ear, March 1979)",reissue,Trust,2026-11-06,2026-11-06,day,announced,,,4.1,C,"Bad Brains: aired on 2 shows, 1 YTM plays in 90 days",Bad Brains,,0,Archival,,,https://music.youtube.com/search?q=Bad+Brains+Are+You+Ready%3A+The+First+Studio+Recording+%28Inner+Ear%2C+March+1979%29,https://bandcamp.com/search?q=Bad+Brains+Are+You+Ready%3A+The+First+Studio+Recording+%28Inner+Ear%2C+March+1979%29,https://en.wikipedia.org/wiki/List_of_2026_albums,en.wikipedia.org,https://en.wikipedia.org/wiki/List_of_2026_albums,1,1,aggregator:wikipedia,2026-09-29
211,Royal Blood,Dead Company,album,Warner,2026-11-13,2026-11-13,day,announced,Swallow the Bomb,2026-09-17,45.1,A,"Royal Blood: aired on 5 shows, 38 YTM plays in 90 days; 8 spins in last 120 days; Warner Records (5 spins)",Royal Blood,Warner Records,8,"Fifth album, 10 tracks, self-produced. First single 'Ten Over Ten' came out Aug. 12. Seed note re-verified.",,,https://music.youtube.com/search?q=Royal+Blood+Swallow+the+Bomb,https://bandcamp.com/search?q=Royal+Blood+Dead+Company,https://en.wikipedia.org/wiki/Dead_Company,"Wikipedia (also NME, Pie & Vinyl)",https://en.wikipedia.org/wiki/Dead_Company https://en.wikipedia.org/wiki/List_of_2026_albums,2,1,artist:Royal Blood; label:Warner Records,2026-09-29
212,Radie Peat,No Human Tongue Can Tell,album,Rough Trade Records,2026-11-13,2026-11-13,day,announced,The Moon and Stars,2026-09,40.0,B,Rough Trade Records (53 spins),,Rough Trade Records,0,"Debut solo album by Lankum/ØXN vocalist. 9 trad-folk tracks (Hares on the Mountain, Willow Garden, Bonnie Boy...). Peat plays all the intersecting parts herself (Tubular Bells inspiration). Single rewrites lyrics with coded references to unwanted pregnancy/abortion. Folk, not rock; dark drone-folk fits goth/Americana fringe. Also covered by NME, Uncut, Clash, KLOF (Sept. 2026).",,https://radiepeat.bandcamp.com/album/no-human-tongue-can-tell,https://music.youtube.com/search?q=Radie+Peat+The+Moon+and+Stars,https://bandcamp.com/search?q=Radie+Peat+No+Human+Tongue+Can+Tell,https://stereogum.com/2511517/lankums-radie-peat-announces-debut-solo-album-no-human-tongue-can-tell-hear-the-moon-and-stars/music,Stereogum,https://roughtraderecords.com/ https://stereogum.com/2511517/lankums-radie-peat-announces-debut-solo-album-no-human-tongue-can-tell-hear-the-moon-and-stars/music,2,1,label:Rough Trade Records,2026-09-29
213,Eagles of Death Metal,"Peace, Love, Death Metal (vinyl reissue)",reissue,Rekords Rekords / Ipecac,2026-11-13,2026-11-13,day,announced,,,35.6,B,"Eagles of Death Metal: aired on 25 shows, 4 YTM plays in 90 days; Ipecac Records (20 spins)",Eagles of Death Metal,Ipecac Records,0,"Vinyl reissue of the 2004 debut, on Josh Homme's Rekords Rekords with Ipecac. The band toured this summer for the 20th anniversary of 'Death by Sexy'. No new studio album has been announced.",,,https://music.youtube.com/search?q=Eagles+of+Death+Metal+Peace%2C+Love%2C+Death+Metal+%28vinyl+reissue%29,https://bandcamp.com/search?q=Eagles+of+Death+Metal+Peace%2C+Love%2C+Death+Metal+%28vinyl+reissue%29,https://www.theprp.com/2026/09/15/news/eagles-of-death-metals-debut-album-peace-love-death-metal-set-for-november-vinyl-reissue/,Theprp.com,https://www.theprp.com/2026/09/15/news/eagles-of-death-metals-debut-album-peace-love-death-metal-set-for-november-vinyl-reissue/,1,1,artist:Eagles of Death Metal,2026-09-29
214,Land of Talk,Lasts,album,Saddle Creek,2026-11-13,2026-11-13,day,announced,,,35.0,B,Saddle Creek Records (47 spins),,Saddle Creek Records,0,,,,https://music.youtube.com/search?q=Land+of+Talk+Lasts,https://bandcamp.com/search?q=Land+of+Talk+Lasts,https://en.wikipedia.org/wiki/List_of_2026_albums,en.wikipedia.org,https://en.wikipedia.org/wiki/List_of_2026_albums,1,1,label:Saddle Creek Records,2026-09-29
215,Clipping,Splendor & Misery (Anniversary X),reissue,Sub Pop Records,2026-11-13,2026-11-13,day,announced,,,33.3,B,"Clipping.: aired on 2 shows, 31 YTM plays; Sub Pop Records (271 spins)",Clipping.,Sub Pop Records,0,"10th-anniversary 2xLP with eight previously unreleased songs and alternate takes. Experimental hip-hop, so probably outside the show's lanes; included for completeness.",,https://clppng.bandcamp.com/album/splendor-misery-anniversary-x-1,https://music.youtube.com/search?q=Clipping+Splendor+%26+Misery+%28Anniversary+X%29,https://bandcamp.com/search?q=Clipping+Splendor+%26+Misery+%28Anniversary+X%29,https://www.subpop.com/news/2026/08/12/clippings_splendor_and_misery_anniversary_x_available_on_2xlp_friday_november_13th,Sub Pop Records News,https://www.subpop.com/news/2026/08/12/clippings_splendor_and_misery_anniversary_x_available_on_2xlp_friday_november_13th https://www.subpop.com/releases,2,1,label:Sub Pop Records,2026-09-29
216,The Body and Cel Genesis,Whole Wide World,album,Thrill Jockey,2026-11-13,2026-11-13,day,announced,,,30.6,B,Thrill Jockey Records (20 spins),,Thrill Jockey Records,0,,,,https://music.youtube.com/search?q=The+Body+and+Cel+Genesis+Whole+Wide+World,https://bandcamp.com/search?q=The+Body+and+Cel+Genesis+Whole+Wide+World,https://en.wikipedia.org/wiki/List_of_2026_albums,en.wikipedia.org,https://en.wikipedia.org/wiki/List_of_2026_albums,1,1,label:Thrill Jockey Records,2026-09-29
217,Kim Deal,Live at the Barbican,live,4AD,2026-11-13,2026-11-13,day,announced,,,28.0,B,4AD (117 spins),,4AD,0,Pixies (overdue favorite),,,https://music.youtube.com/search?q=Kim+Deal+Live+at+the+Barbican,https://bandcamp.com/search?q=Kim+Deal+Live+at+the+Barbican,https://en.wikipedia.org/wiki/List_of_2026_albums,en.wikipedia.org,https://en.wikipedia.org/wiki/List_of_2026_albums https://shopusa.4ad.com/,2,1,label:4AD,2026-09-29
218,Jake Bugg,Alamo,album,Thirty Tigers,2026-11-13,2026-11-13,day,announced,,,25.7,B,Thirty Tigers (8 spins),,Thirty Tigers,0,,,,https://music.youtube.com/search?q=Jake+Bugg+Alamo,https://bandcamp.com/search?q=Jake+Bugg+Alamo,https://en.wikipedia.org/wiki/List_of_2026_albums,en.wikipedia.org,https://en.wikipedia.org/wiki/List_of_2026_albums,1,1,label:Thirty Tigers,2026-09-29
219,Waylon Jennings,Diamonds,reissue,Son of Jessi / Thirty Tigers,2026-11-13,2026-11-13,day,announced,,,18.1,C,"Waylon Jennings: aired on 1 shows, 2 YTM plays in 90 days; Thirty Tigers (8 spins)",Waylon Jennings,Thirty Tigers,0,Archival,,,https://music.youtube.com/search?q=Waylon+Jennings+Diamonds,https://bandcamp.com/search?q=Waylon+Jennings+Diamonds,https://en.wikipedia.org/wiki/List_of_2026_albums,en.wikipedia.org,https://en.wikipedia.org/wiki/List_of_2026_albums,1,1,label:Thirty Tigers,2026-09-29
220,Los Bitchos,Los Bitchos & Friends Vol. 1,album,GREAT! / !K7,2026-11-13,2026-11-13,day,announced,,,13.0,C,style fit (see notes),,,0,RIYL Khruangbin,,,https://music.youtube.com/search?q=Los+Bitchos+Los+Bitchos+%26+Friends+Vol.+1,https://bandcamp.com/search?q=Los+Bitchos+Los+Bitchos+%26+Friends+Vol.+1,https://en.wikipedia.org/wiki/List_of_2026_albums,en.wikipedia.org,https://en.wikipedia.org/wiki/List_of_2026_albums,1,1,aggregator:wikipedia,2026-09-29
221,The Datsuns,Moonstruck Man,album,Hellsquad,2026-11-13,2026-11-13,day,announced,,,13.0,C,style fit (see notes),,,0,Garage rock,,,https://music.youtube.com/search?q=The+Datsuns+Moonstruck+Man,https://bandcamp.com/search?q=The+Datsuns+Moonstruck+Man,https://en.wikipedia.org/wiki/List_of_2026_albums,en.wikipedia.org,https://en.wikipedia.org/wiki/List_of_2026_albums,1,1,aggregator:wikipedia,2026-09-29
222,Dropkick Murphys,20th Century Paddy: The Songs of Shane MacGowan,album,,2026-11-13,2026-11-13,day,announced,,,13.0,C,style fit (see notes),,,0,,,,https://music.youtube.com/search?q=Dropkick+Murphys+20th+Century+Paddy%3A+The+Songs+of+Shane+MacGowan,https://bandcamp.com/search?q=Dropkick+Murphys+20th+Century+Paddy%3A+The+Songs+of+Shane+MacGowan,https://en.wikipedia.org/wiki/List_of_2026_albums,en.wikipedia.org,https://en.wikipedia.org/wiki/List_of_2026_albums,1,1,aggregator:wikipedia,2026-09-29
223,Fucked Up,Year of the Rooster,album,Tankcrimes,2026-11-13,2026-11-13,day,announced,,,13.0,C,style fit (see notes),,,0,,,,https://music.youtube.com/search?q=Fucked+Up+Year+of+the+Rooster,https://bandcamp.com/search?q=Fucked+Up+Year+of+the+Rooster,https://en.wikipedia.org/wiki/List_of_2026_albums,en.wikipedia.org,https://en.wikipedia.org/wiki/List_of_2026_albums,1,1,aggregator:wikipedia,2026-09-29
224,Krill,Secret Language,album,Exploding in Sound,2026-11-13,2026-11-13,day,announced,Dominate,,13.0,C,Exploding In Sound (watchlist),,Exploding In Sound,0,Taken from seed_notes and NOT re-verified here because the search budget ran out. Confirm before using.,,,https://music.youtube.com/search?q=Krill+Dominate,https://bandcamp.com/search?q=Krill+Secret+Language,https://en.wikipedia.org/wiki/List_of_2026_albums,en.wikipedia.org,https://en.wikipedia.org/wiki/List_of_2026_albums,1,1,label:Exploding In Sound,2026-09-29
225,Live Skull,What Could Go Wrong?,album,Bronson,2026-11-13,2026-11-13,day,announced,,,13.0,C,style fit (see notes),,,0,'80s NYC noise rock,,,https://music.youtube.com/search?q=Live+Skull+What+Could+Go+Wrong%3F,https://bandcamp.com/search?q=Live+Skull+What+Could+Go+Wrong%3F,https://en.wikipedia.org/wiki/List_of_2026_albums,en.wikipedia.org,https://en.wikipedia.org/wiki/List_of_2026_albums,1,1,aggregator:wikipedia,2026-09-29
226,Swansea Sound,Pre-Post-Truth,album,,2026-11-13,2026-11-13,day,announced,,,13.0,C,style fit (see notes),,,0,Indie-pop (ex-Heavenly/Pooh Sticks),,,https://music.youtube.com/search?q=Swansea+Sound+Pre-Post-Truth,https://bandcamp.com/search?q=Swansea+Sound+Pre-Post-Truth,https://en.wikipedia.org/wiki/List_of_2026_albums,en.wikipedia.org,https://en.wikipedia.org/wiki/List_of_2026_albums,1,1,aggregator:wikipedia,2026-09-29
227,Lex Walton,ULTIMATE LOVE FOREVER,album,Sub Pop,2026-11-20,2026-11-20,day,announced,Ultimate Love 4Ever,,51.5,A,"Lex Walton: aired on 1 shows, 5 YTM plays in 90 days; 1 spins in last 120 days; Sub Pop Records (271 spins)",Lex Walton,Sub Pop Records,1,"SP1757 physical; Stace liked ""Ultimate Love 4Ever"" (listening history)",,https://music.subpop.com/lexwalton_ultimateloveforever,https://music.youtube.com/search?q=Lex+Walton+Ultimate+Love+4Ever,https://bandcamp.com/search?q=Lex+Walton+ULTIMATE+LOVE+FOREVER,https://www.subpop.com/releases,www.subpop.com,https://www.subpop.com/news/2026/08/26/sub_pop_signs_lex_walton_to_release_her_music_worldwide_in_2026_and_beyond https://www.subpop.com/releases,2,1,label:Sub Pop Records,2026-09-29
228,Sebadoh,Harmacy (30th Anniversary Expanded Edition),reissue,Sub Pop Records,2026-11-20,2026-11-20,day,announced,Beauty of the Ride (Alternate Version),2026-09-24,23.0,C,Sub Pop Records (271 spins),,Sub Pop Records,0,"2xLP/2xCD/digital. 16 bonus tracks: alternate versions, B-side 'Real Deal', BBC sessions, an acoustic demo of 'Open Ended', and live cuts. Remastered by JJ Golden. The LP includes Lou Barlow's 'Lou's Harmacy Timeline' zine. Also on Stereogum and The Quietus. Already in seed_notes; re-verified.",,https://sebadoh.bandcamp.com/album/harmacy-30th-anniversary-expanded-edition,https://music.youtube.com/search?q=Sebadoh+Beauty+of+the+Ride+%28Alternate+Version%29,https://bandcamp.com/search?q=Sebadoh+Harmacy+%2830th+Anniversary+Expanded+Edition%29,https://www.subpop.com/news/2026/09/24/sub_pop_to_release_sebadohs_harmacy_30th_anniversary_expanded_edition_a_deluxe_version_of_the_groups_acclaimed_1996_album_will_be_available_worldwide_friday_november_20th,Sub Pop Records News,https://www.subpop.com/news/2026/09/24/sub_pop_to_release_sebadohs_harmacy_30th_anniversary_expanded_edition_a_deluxe_version_of_the_groups_acclaimed_1996_album_will_be_available_worldwide_friday_november_20th https://www.subpop.com/releases,2,1,artist:Sebadoh; label:Sub Pop Records,2026-09-29
229,RÓIS,MO LÉAN (remastered),reissue,Domino,2026-11-20,2026-11-20,day,announced,PORT NA H-EALA,,23.0,C,Domino Recording Company (93 spins),,Domino Recording Company,0,"Fermanagh-born, Dublin-based artist newly signed to Domino; global release of remastered 2024 album, digital adds new track 'PORT NA H-EALA'. Irish trad plus 'ancestral electronic music'; not rock but a possible left-field pick.",,,https://music.youtube.com/search?q=R%C3%93IS+PORT+NA+H-EALA,https://bandcamp.com/search?q=R%C3%93IS+MO+L%C3%89AN+%28remastered%29,https://www.dominomusic.com/news/us/rois-signs-to-domino-second-album-mo-lean-to-be-given-global-release-on-november-20th,Domino,https://www.dominomusic.com/news/us/rois-signs-to-domino-second-album-mo-lean-to-be-given-global-release-on-november-20th,1,1,label:Domino Recording Company,2026-09-29
230,Alan Vega,Live at Max's Kansas City,live,Sacred Bones,2026-11-20,2026-11-20,day,announced,,,9.8,C,Sacred Bones Records (10 spins),,Sacred Bones Records,0,"Suicide frontman, archival",,,https://music.youtube.com/search?q=Alan+Vega+Live+at+Max%27s+Kansas+City,https://bandcamp.com/search?q=Alan+Vega+Live+at+Max%27s+Kansas+City,https://en.wikipedia.org/wiki/List_of_2026_albums,en.wikipedia.org,https://en.wikipedia.org/wiki/List_of_2026_albums https://www.sacredbonesrecords.com/,2,1,label:Sacred Bones Records,2026-09-29
231,Desperate Journalist,Gilding the Lily,album,Fierce Panda,2026-11-20,2026-11-20,day,announced,,,8.0,C,style fit (see notes),,,0,Darkwave/post-punk,,,https://music.youtube.com/search?q=Desperate+Journalist+Gilding+the+Lily,https://bandcamp.com/search?q=Desperate+Journalist+Gilding+the+Lily,https://en.wikipedia.org/wiki/List_of_2026_albums,en.wikipedia.org,https://en.wikipedia.org/wiki/List_of_2026_albums,1,1,aggregator:wikipedia,2026-09-29
232,Down,Volume V,album,Nuclear Blast,2026-11-20,2026-11-20,day,announced,,,8.0,C,style fit (see notes),,,0,Stoner/sludge cluster,,,https://music.youtube.com/search?q=Down+Volume+V,https://bandcamp.com/search?q=Down+Volume+V,https://en.wikipedia.org/wiki/List_of_2026_albums,en.wikipedia.org,https://en.wikipedia.org/wiki/List_of_2026_albums,1,1,aggregator:wikipedia,2026-09-29
233,Julianna Barwick and Mary Lattimore,Threshold (Original Motion Picture Score),album,Florid / Blue Pool,2026-11-20,2026-11-20,day,announced,,,8.0,C,style fit (see notes),,,0,Contrast piece,,,https://music.youtube.com/search?q=Julianna+Barwick+and+Mary+Lattimore+Threshold+%28Original+Motion+Picture+Score%29,https://bandcamp.com/search?q=Julianna+Barwick+and+Mary+Lattimore+Threshold+%28Original+Motion+Picture+Score%29,https://en.wikipedia.org/wiki/List_of_2026_albums,en.wikipedia.org,https://en.wikipedia.org/wiki/List_of_2026_albums,1,1,aggregator:wikipedia,2026-09-29
234,Lael Neale,As Killers Do,album,Consensual Sound,2026-11-20,2026-11-20,day,announced,,,8.0,C,style fit (see notes),,,0,Ex-Sub Pop artist,,,https://music.youtube.com/search?q=Lael+Neale+As+Killers+Do,https://bandcamp.com/search?q=Lael+Neale+As+Killers+Do,https://en.wikipedia.org/wiki/List_of_2026_albums,en.wikipedia.org,https://en.wikipedia.org/wiki/List_of_2026_albums,1,1,aggregator:wikipedia,2026-09-29
235,Then Comes Silence,Requiem Ballroom,album,,2026-11-20,2026-11-20,day,announced,,,8.0,C,style fit (see notes),,,0,Goth cluster,,,https://music.youtube.com/search?q=Then+Comes+Silence+Requiem+Ballroom,https://bandcamp.com/search?q=Then+Comes+Silence+Requiem+Ballroom,https://en.wikipedia.org/wiki/List_of_2026_albums,en.wikipedia.org,https://en.wikipedia.org/wiki/List_of_2026_albums,1,1,aggregator:wikipedia,2026-09-29
236,Buddy Miller,Nothing But a Child / On The Road to Bethlehem,single,New West,2026-11-27,2026-11-27,day,announced,,,35.0,B,New West Records (122 spins),,New West Records,0,Holiday 7-inch,,,https://music.youtube.com/search?q=Buddy+Miller+Nothing+But+a+Child+%2F+On+The+Road+to+Bethlehem,https://bandcamp.com/search?q=Buddy+Miller+Nothing+But+a+Child+%2F+On+The+Road+to+Bethlehem,https://www.newwestrecords.com/,www.newwestrecords.com,https://www.newwestrecords.com/,1,1,label:New West Records,2026-09-29
237,Old 97's,"Catalog color-vinyl reissues (Drag It Up Deluxe, Blame It On Gravity, The Grand Theatre Vols. 1-2)",reissue,New West,2026-11-27,2026-11-27,day,announced,,,34.5,B,"Old 97'S: aired on 19 shows, 13 YTM plays in 90 days; New West Records (122 spins)",Old 97'S,New West Records,0,Black Friday date. Old 97's is an overdue favorite (last aired 2019),,,https://music.youtube.com/search?q=Old+97%27s+Catalog+color-vinyl+reissues+%28Drag+It+Up+Deluxe%2C+Blame+It+On+Gravity%2C+The+Grand+Theatre+Vols.+1-2%29,https://bandcamp.com/search?q=Old+97%27s+Catalog+color-vinyl+reissues+%28Drag+It+Up+Deluxe%2C+Blame+It+On+Gravity%2C+The+Grand+Theatre+Vols.+1-2%29,https://www.newwestrecords.com/,www.newwestrecords.com,https://www.newwestrecords.com/,1,1,label:New West Records,2026-09-29
238,Purple Pilgrims,Given to the Night,album,AD 93,2026-11-27,2026-11-27,day,announced,,,8.0,C,style fit (see notes),,,0,,,,https://music.youtube.com/search?q=Purple+Pilgrims+Given+to+the+Night,https://bandcamp.com/search?q=Purple+Pilgrims+Given+to+the+Night,https://en.wikipedia.org/wiki/List_of_2026_albums,en.wikipedia.org,https://en.wikipedia.org/wiki/List_of_2026_albums,1,1,aggregator:wikipedia,2026-09-29
239,Morphine,Cocoon,album,Partisan,2026-12-04,2026-12-04,day,announced,Cocoon,,37.9,B,"Morphine: aired on 1 shows, 10 YTM plays; Partisan Records (113 spins)",Morphine,Partisan Records,0,"New album from 1998-99 sessions, ""three decades in the making""",,,https://music.youtube.com/search?q=Morphine+Cocoon,https://bandcamp.com/search?q=Morphine+Cocoon,https://partisanrecords.com/moment/morphine-cocoon,partisanrecords.com,https://partisanrecords.com/moment/morphine-cocoon,1,1,label:Partisan Records,2026-09-29
240,Mayo Thompson,Quiet Days in Cliché,album,Drag City,2026-12-04,2026-12-04,day,announced,,,35.0,B,Drag City Records (154 spins),,Drag City Records,0,Red Krayola founder's first-ever solo guitar album and first solo album in 56 years; recorded on a smartphone. Instrumental.,"acoustic improvisations that draw threads through space, looking for what more could happen",,https://music.youtube.com/search?q=Mayo+Thompson+Quiet+Days+in+Clich%C3%A9,https://bandcamp.com/search?q=Mayo+Thompson+Quiet+Days+in+Clich%C3%A9,https://klofmag.com/2026/09/mayo-thompson-announces-solo-guitar-album-quiet-days-in-cliche/,KLOF Mag,https://klofmag.com/2026/09/mayo-thompson-announces-solo-guitar-album-quiet-days-in-cliche/ https://www.dragcity.com/news,2,1,label:Drag City Records,2026-09-29
241,SOAK,decembers,album,Rough Trade,2026-12-04,2026-12-04,day,announced,decembers,2026-09,35.0,B,Rough Trade Records (53 spins),,Rough Trade Records,0,Title track out now,,,https://music.youtube.com/search?q=SOAK+decembers,https://bandcamp.com/search?q=SOAK+decembers,https://roughtraderecords.com/,roughtraderecords.com,https://roughtraderecords.com/,1,1,label:Rough Trade Records,2026-09-29
242,PJ Harvey,Voyager (7-inch),single,,2026-12-04,2026-12-04,day,announced,Voyager,2026-06-24,28.4,B,"PJ Harvey: aired on 37 shows, 2 YTM plays in 90 days",PJ Harvey,,0,"Digital single came out June 24. The limited 7-inch, sold only through the PJH store, ships Dec. 4. Recorded with an orchestra at Miraval. It's from a forthcoming album whose title and date haven't been announced. Included only for the 7-inch date.",,https://pjharvey.bandcamp.com/track/voyager,https://music.youtube.com/search?q=PJ+Harvey+Voyager,https://bandcamp.com/search?q=PJ+Harvey+Voyager+%287-inch%29,https://store.pjharvey.net/products/voyager-7,PJ Harvey store,https://store.pjharvey.net/products/voyager-7,1,1,artist:PJ Harvey,2026-09-29
243,Victoryland,My Heart Is A Room With No Cameras In It (Deluxe),album,Dead Oceans,2026-12-11,2026-12-11,day,announced,,,29.4,B,Dead Oceans (40 spins),,Dead Oceans,0,Newly signed to Dead Oceans (announced Sept. 29),,,https://music.youtube.com/search?q=Victoryland+My+Heart+Is+A+Room+With+No+Cameras+In+It+%28Deluxe%29,https://bandcamp.com/search?q=Victoryland+My+Heart+Is+A+Room+With+No+Cameras+In+It+%28Deluxe%29,https://deadoceans.com/,deadoceans.com,https://deadoceans.com/,1,1,label:Dead Oceans,2026-09-29
244,Big Thief,Horsepower,album,4AD,2027-TBA,2027-01-01,year,rumored,,,36.2,B,"Big Thief: aired on 26 shows, 3 YTM plays in 90 days; 4AD (117 spins)",Big Thief,4AD,0,"A 29-song triple album, debuted in full at the Ryman in Nashville on Aug. 22-23, 2026. Guests include Gillian Welch, Lucinda Williams and Iris DeMent. It is their twangiest, most Americana record. Lenker gave a soft target of spring or summer 2027. No official date yet, and the label is assumed to be 4AD (their last album, Double Infinity, was 4AD); no source confirmed it.",,,https://music.youtube.com/search?q=Big+Thief+Horsepower,https://bandcamp.com/search?q=Big+Thief+Horsepower,https://www.rollingstone.com/music/music-features/big-thief-new-album-horsepower-what-we-know-1235613005/,Rolling Stone,https://www.rollingstone.com/music/music-features/big-thief-new-album-horsepower-what-we-know-1235613005/,1,1,artist:Big Thief,2026-09-29
245,Soundgarden,TBA,album,,2027-TBA,2027-01-01,year,rumored,,,22.3,C,"Soundgarden: aired on 14 shows, 12 YTM plays in 90 days; 1 spins in last 120 days",Soundgarden,,1,Profile artist (top 100),,,https://music.youtube.com/search?q=Soundgarden+TBA,https://bandcamp.com/search?q=Soundgarden+TBA,https://en.wikipedia.org/wiki/List_of_2027_albums,en.wikipedia.org,https://en.wikipedia.org/wiki/List_of_2027_albums,1,1,artist:Soundgarden,2026-09-29
246,The Obsessed,TBA,album,Heavy Psych Sounds,2027-TBA,2027-01-01,year,announced,,,4.0,C,Heavy Psych Sounds (watchlist),,Heavy Psych Sounds,0,Stoner/doom,,,https://music.youtube.com/search?q=The+Obsessed+TBA,https://bandcamp.com/search?q=The+Obsessed+TBA,https://en.wikipedia.org/wiki/List_of_2027_albums,en.wikipedia.org,https://en.wikipedia.org/wiki/List_of_2027_albums,1,1,label:Heavy Psych Sounds,2026-09-29
247,Carissa's Wierd,Somewhere Further Than Far Away,album,Nettwerk,2027-01-08,2027-01-08,day,announced,,,8.0,C,style fit (see notes),,,0,Seattle slowcore; Band of Horses/Grand Archives lineage,,,https://music.youtube.com/search?q=Carissa%27s+Wierd+Somewhere+Further+Than+Far+Away,https://bandcamp.com/search?q=Carissa%27s+Wierd+Somewhere+Further+Than+Far+Away,https://en.wikipedia.org/wiki/List_of_2027_albums,en.wikipedia.org,https://en.wikipedia.org/wiki/List_of_2027_albums,1,1,aggregator:wikipedia,2026-09-29
248,Sharp Pins,Electric My Icebox,EP,K / Perennial,2027-01-15,2027-01-15,day,announced,How Can I Explain What She Does To Me?,,39.2,B,"Sharp Pins: aired on 6 shows, 36 YTM plays in 90 days; 4 spins in last 120 days; K Records (3 spins)",Sharp Pins,K Records,4,"6-song mini-LP from Kai Slater of Lifeguard, self-recorded in Chicago. Also includes 'Saturday Sun'. His first original material since Balloon Balloon Balloon. Seed note re-verified.",beautifully dazed shimmer-jangle,https://sharppins.bandcamp.com/album/electric-my-icebox-2,https://music.youtube.com/search?q=Sharp+Pins+How+Can+I+Explain+What+She+Does+To+Me%3F,https://bandcamp.com/search?q=Sharp+Pins+Electric+My+Icebox,https://stereogum.com/2512318/sharp-pins-announce-new-ep-electric-my-icebox-hear-how-can-i-explain-what-she-does-to-me/music,Stereogum,https://stereogum.com/2512318/sharp-pins-announce-new-ep-electric-my-icebox-hear-how-can-i-explain-what-she-does-to-me/music,1,1,artist:Sharp Pins; label:K Records,2026-09-29
249,This Is the Kit,Ghost Coat,album,Rough Trade,2027-01-15,2027-01-15,day,announced,,,35.0,B,Rough Trade Records (53 spins),,Rough Trade Records,0,,,,https://music.youtube.com/search?q=This+Is+the+Kit+Ghost+Coat,https://bandcamp.com/search?q=This+Is+the+Kit+Ghost+Coat,https://en.wikipedia.org/wiki/List_of_2027_albums,en.wikipedia.org,https://en.wikipedia.org/wiki/List_of_2027_albums,1,1,label:Rough Trade Records,2026-09-29
250,Lambrini Girls,No Refunds,album,City Slang,2027-01-15,2027-01-15,day,announced,God's Country,,29.3,B,City Slang Records (39 spins),,City Slang Records,0,Confirms Wikipedia date,,,https://music.youtube.com/search?q=Lambrini+Girls+God%27s+Country,https://bandcamp.com/search?q=Lambrini+Girls+No+Refunds,https://shop.cityslang.com/,shop.cityslang.com,https://en.wikipedia.org/wiki/List_of_2027_albums https://shop.cityslang.com/,2,1,label:City Slang Records,2026-09-29
251,Soul Glo,Na I'm Gon Grab Allat,album,Epitaph,2027-01-15,2027-01-15,day,announced,,,21.3,C,Epitaph Records (9 spins),,Epitaph Records,0,Hardcore punk,,,https://music.youtube.com/search?q=Soul+Glo+Na+I%27m+Gon+Grab+Allat,https://bandcamp.com/search?q=Soul+Glo+Na+I%27m+Gon+Grab+Allat,https://en.wikipedia.org/wiki/List_of_2027_albums,en.wikipedia.org,https://en.wikipedia.org/wiki/List_of_2027_albums,1,1,label:Epitaph Records,2026-09-29
252,Warhaus,The Donkey,album,PIAS,2027-01-15,2027-01-15,day,announced,,,8.0,C,Pias (watchlist),,Pias,0,Balthazar singer; RIYL Father John Misty,,,https://music.youtube.com/search?q=Warhaus+The+Donkey,https://bandcamp.com/search?q=Warhaus+The+Donkey,https://en.wikipedia.org/wiki/List_of_2027_albums,en.wikipedia.org,https://en.wikipedia.org/wiki/List_of_2027_albums,1,1,label:Pias,2026-09-29
253,Friendly Fires,Dig Deeper,album,Lab,2027-01-15,2027-01-15,day,announced,,,8.0,C,style fit (see notes),,,0,,,,https://music.youtube.com/search?q=Friendly+Fires+Dig+Deeper,https://bandcamp.com/search?q=Friendly+Fires+Dig+Deeper,https://en.wikipedia.org/wiki/List_of_2027_albums,en.wikipedia.org,https://en.wikipedia.org/wiki/List_of_2027_albums,1,1,aggregator:wikipedia,2026-09-29
254,Kate Nash,Cailín,album,Kill Rock Stars,2027-01-22,2027-01-22,day,announced,,,20.7,C,Kill Rock Stars (8 spins),,Kill Rock Stars,0,3-sided LP,,,https://music.youtube.com/search?q=Kate+Nash+Cail%C3%ADn,https://bandcamp.com/search?q=Kate+Nash+Cail%C3%ADn,https://en.wikipedia.org/wiki/List_of_2027_albums,en.wikipedia.org,https://en.wikipedia.org/wiki/List_of_2027_albums,1,1,label:Kill Rock Stars,2026-09-29
255,Clutch,Wasted Lands,album,Weathermaker,2027-01-22,2027-01-22,day,announced,,,8.0,C,style fit (see notes),,,0,Stoner rock cluster,,,https://music.youtube.com/search?q=Clutch+Wasted+Lands,https://bandcamp.com/search?q=Clutch+Wasted+Lands,https://en.wikipedia.org/wiki/List_of_2027_albums,en.wikipedia.org,https://en.wikipedia.org/wiki/List_of_2027_albums,1,1,aggregator:wikipedia,2026-09-29
256,Death from Above 1979,Private Lives,album,Last Gang / MNRK,2027-01-29,2027-01-29,day,announced,,,8.0,C,style fit (see notes),,,0,,,,https://music.youtube.com/search?q=Death+from+Above+1979+Private+Lives,https://bandcamp.com/search?q=Death+from+Above+1979+Private+Lives,https://en.wikipedia.org/wiki/List_of_2027_albums,en.wikipedia.org,https://en.wikipedia.org/wiki/List_of_2027_albums,1,1,aggregator:wikipedia,2026-09-29
257,Inspiral Carpets,Burn Like the Sun,album,Scruff of the Neck,2027-01-29,2027-01-29,day,announced,,,8.0,C,style fit (see notes),,,0,,,,https://music.youtube.com/search?q=Inspiral+Carpets+Burn+Like+the+Sun,https://bandcamp.com/search?q=Inspiral+Carpets+Burn+Like+the+Sun,https://en.wikipedia.org/wiki/List_of_2027_albums,en.wikipedia.org,https://en.wikipedia.org/wiki/List_of_2027_albums,1,1,aggregator:wikipedia,2026-09-29
258,The Spook School,Like a Heartbeat,album,Alcopop! / Slumberland,2027-01-29,2027-01-29,day,announced,,,8.0,C,style fit (see notes),,,0,,,,https://music.youtube.com/search?q=The+Spook+School+Like+a+Heartbeat,https://bandcamp.com/search?q=The+Spook+School+Like+a+Heartbeat,https://en.wikipedia.org/wiki/List_of_2027_albums,en.wikipedia.org,https://en.wikipedia.org/wiki/List_of_2027_albums,1,1,aggregator:wikipedia,2026-09-29
259,Liars,A Ban on Plastic Bag Bans,album,,2027-03-05,2027-03-05,day,announced,,,8.0,C,style fit (see notes),,,0,Ex-Mute art-punk,,,https://music.youtube.com/search?q=Liars+A+Ban+on+Plastic+Bag+Bans,https://bandcamp.com/search?q=Liars+A+Ban+on+Plastic+Bag+Bans,https://en.wikipedia.org/wiki/List_of_2027_albums,en.wikipedia.org,https://en.wikipedia.org/wiki/List_of_2027_albums,1,1,label:Mute Records Ltd,2026-09-29
260,Erasure,Radio!! Radio!!,album,Mute,2027-03-12,2027-03-12,day,announced,,,27.8,B,Mute Records Ltd (30 spins),,Mute Records Ltd,0,,,,https://music.youtube.com/search?q=Erasure+Radio%21%21+Radio%21%21,https://bandcamp.com/search?q=Erasure+Radio%21%21+Radio%21%21,https://en.wikipedia.org/wiki/List_of_2027_albums,en.wikipedia.org,https://en.wikipedia.org/wiki/List_of_2027_albums,1,1,label:Mute Records Ltd,2026-09-29
